id,name,description,more_info,url,friendly_url,vendor,types,subjects,featured_subjects,access_notes,alt_names,created,updated,hidden
20883562,60 Minutes : 1997-2014,"Provides streaming video access to the 60 Minutes news show archive for the third and fourth decades of this long-running show, plus segments from the CBS News program Sunday Morning. Includes transcripts of the videos for ease of citation, and a citation export featore. Topics include international and national news, politics, women's studies, society and culture, and more",,https://go.openathens.net/redirector/ucsd.edu?url=https%3A%2F%2Fvideo.alexanderstreet.com%2Fchannel%2F60-minutes-1997-2014,https://ucsd.libguides.com/60minutes,Alexander Street Press,"[""Streaming Media""]",[],[],[],[],2016-04-14 04:07:01,2025-05-29 22:55:11,False
43106893,A&AePortal,"Online collection of key backlist and out-of-print scholarly works in the fields of art and architectural history published by: The Art Institute of Chicago, The MIT Press, Yale University Press, Harvard Art Museums, and the Yale University Art Gallery.",,https://go.openathens.net/redirector/ucsd.edu?url=https%3A%2F%2Fwww.aaeportal.com%2F,https://ucsd.libguides.com/aaeportal,,"[""E-Books""]","[""Visual Arts""]",[],[],"[""Art & Architecture ePortal""]",2018-07-17 17:01:27,2025-06-06 16:35:01,False
19279044,"ABSEEES Online: American Bibliography of Slavic, East European, and Eurasian Studies","ABSEEES provides information on East-Central Europe, Russia, Soviet Union and the former Soviet republics, with a vast collection of indexed sources published in the United States, Canada and some European countries.",,https://research.ebsco.com/c/xuxb7f/search/advanced/filters?db=sbh,https://ucsd.libguides.com/abseees,EBSCO,[],"[""Ethnic Studies"", ""European Studies"", ""International Studies""]",[],[],[],2016-02-03 18:10:05,2025-06-16 15:05:18,False
3169024,Academic Search Complete,"Multidisciplinary database with 17,800+ journals and magazines, of which 16,000+ are peer-reviewed and 8,750+ are full-text. Also included are books, conference papers and proceedings, government documents, newspapers, video content, and more. Coverage begins in 1887, with material in English, Spanish, German, French, Italian and Portuguese.",,https://research.ebsco.com/c/xuxb7f/search/advanced/filters?db=a9h,https://ucsd.libguides.com/academicsearch,EBSCO,"[""Book & Film Reviews"", ""Multidisciplinary""]","[""Anthropology"", ""Archaeology"", ""Cognitive Science"", ""Economics"", ""Ethnic Studies"", ""Japanese Studies"", ""Latin American Studies"", ""Linguistics"", ""Pacific Island Studies"", ""Philosophy"", ""Religion"", ""Sociology"", ""United States History""]","[{""name"": ""Anthropology"", ""rank"": 2}, {""name"": ""Archaeology"", ""rank"": 2}, {""name"": ""Latin American Studies"", ""rank"": 2}, {""name"": ""Pacific Island Studies"", ""rank"": 2}]",[],[],2014-06-20 04:01:42,2026-08-24 05:41:02,False
57146241,Access Engineering,"Database of McGraw-Hill engineering handbooks, textbooks, and videos, plus interactive graphs, downloadable tables, and a data visualization tool for properties of materials. Covers all engineering disciplines, but heaviest in chemical, electrical, materials, mechanical, and structural engineering. Includes standard reference works like Perry’s Chemical Engineers’ Handbook, Marks’ Standard Handbook for Mechanical Engineers, and the Standard Handbook for Electrical Engineers, as well as the Civil Engineering PE Exam Guide and Practice Exams, and about 30 Schaum's Outlines.",,https://go.openathens.net/redirector/ucsd.edu?url=https%3A%2F%2Fwww.accessengineeringlibrary.com%2F%3Fimplicit-login%3Dtrue,https://ucsd.libguides.com/accessengineering,McGraw-Hill,"[""Chemical & Physical Properties"", ""E-Books""]","[""Aerospace Engineering"", ""Bioengineering"", ""Chemical Engineering"", ""Chemistry"", ""Computer Science"", ""Electrical Engineering"", ""Materials Science"", ""Mathematics & Statistics"", ""Mechanical Engineering"", ""NanoEngineering"", ""Structural Engineering""]",[],[],"[""AccessEngineering""]",2020-09-06 21:03:04,2025-08-26 17:27:17,False
3168965,Access Medicine,"AccessMedicine provides medical students with a variety of resources needed to excel in basic science studies and clerkships; helps residents, nurse practitioners, and physician assistants with instant access to videos, self-assessment, and leading medical textbooks that facilitate decision-making at the point-of-care; and allows practicing physicians to brush up on their medical knowledge to ensure the best patient outcome.",,https://go.openathens.net/redirector/ucsd.edu?url=https%3A%2F%2Faccessmedicine.mhmedical.com%2F,https://ucsd.libguides.com/accessmedicine,McGraw-Hill,"[""E-Books""]","[""Medicine""]","[{""name"": ""Medicine"", ""rank"": 1}]",[],"[""AccessMedicine""]",2013-12-12 01:22:37,2025-06-06 17:29:16,False
57507230,Access Pharmacy,"Like AccessMedicine, find videos, learning games, Q&A, leading pharmacy textbooks, and information about drugs, herbs and supplements. There are helpful resources for both pharmacy and medical students and clinicians.",,https://go.openathens.net/redirector/ucsd.edu?url=https%3A%2F%2Faccesspharmacy.mhmedical.com%2F,https://ucsd.libguides.com/accesspharmacy,McGraw-Hill,"[""E-Books""]","[""Pharmacy & Pharmacology""]","[{""name"": ""Pharmacy & Pharmacology"", ""rank"": 1}]",[],"[""AccessPharmacy""]",2020-09-21 19:48:11,2026-07-15 17:11:47,False
3169053,Access World News,"Dates vary, but some historical coverage as far back as 1690. More than 5000 sources worldwide, including nearly 1500 in the U.S. Many historical newspapers are in digitized image form. Largely newspapers, with newswires, transcripts, newsletters, magazines, videos.",,https://go.openathens.net/redirector/ucsd.edu?url=http%3A%2F%2Finfoweb.newsbank.com%2Fresources%2Fsearch%2Fnb%3Fp%3DWORLDNEWS,https://ucsd.libguides.com/accessworld,Newsbank,"[""News & Newspapers""]","[""Business"", ""Communication"", ""Economics"", ""International Studies"", ""Political Science"", ""Sociology"", ""Urban Studies & Planning""]",[],[],[],2014-06-21 10:34:11,2025-06-06 17:40:35,False
3169138,Access World News: United States,"Full-text content (but not page images) of more than 650 U.S. newspapers, including 116 in California. Local and regional news, including community events, schools, politics and government. Part of a larger database with international coverage. Dates vary, but very little before the late 1980s.",,https://go.openathens.net/redirector/ucsd.edu?url=https%3A%2F%2Finfoweb.newsbank.com%2Fapps%2Fnews%2Fbrowse-multi%3Fp%3DWORLDNEWS%26t%3Dcountry%253AUSA%2521USA%26action%3Dbrowse,https://ucsd.libguides.com/accessworldus,Newsbank,"[""News & Newspapers""]","[""Ethnic Studies"", ""Sociology""]",[],[],[],2014-06-29 11:44:32,2025-06-06 17:42:25,False
3169139,ACLS Humanities eBooks,"Full-text and full-page-image access more than 5,400 books in the humanities and related social sciences, recommended by scholars as significant contributions to their respective fields. From the American Council of Learned Societies (ACLS).",,https://go.openathens.net/redirector/ucsd.edu?url=https%3A%2F%2Fwww.fulcrum.org%2FHEB,https://ucsd.libguides.com/acls,,"[""E-Books""]","[""European Studies"", ""Latin American Studies"", ""Pacific Island Studies""]",[],[],[],2014-06-29 11:48:27,2025-06-06 17:46:16,False
3168952,ACM Digital Library & Guide to Computing Literature,"Bibliographic information, abstracts, and full text of works published by the Association for Computing Machinery, 1947 to present. The Guide to the Computing Literature indexes journal articles and conference proceedings from additional societies and commercial publishers, including IEEE, Springer, Elsevier, SIAM, and more.",,https://go.openathens.net/redirector/ucsd.edu?url=https%3A%2F%2Fdl.acm.org%2F,https://ucsd.libguides.com/acmdl,,[],"[""Cognitive Science"", ""Computer Science"", ""Electrical Engineering"", ""Mathematics & Statistics"", ""Psychology""]","[{""name"": ""Cognitive Science"", ""rank"": 1}, {""name"": ""Computer Science"", ""rank"": 1}, {""name"": ""Electrical Engineering"", ""rank"": 1}]",[],[],2013-10-31 04:35:19,2026-08-22 01:24:56,False
3169125,Acta Sanctorum,Online version of encyclopedic work (published 1643-1940) on the lives of Christian saints. Key resource for the history of Christianity and the Latin Middle Ages.,,https://go.openathens.net/redirector/ucsd.edu?url=https%3A%2F%2Fwww.proquest.com%2Factasanctorum%2F%3Faccountid%3D14524,https://ucsd.libguides.com/actasanctorum,ProQuest,[],"[""Classical Studies"", ""European Studies"", ""Religion""]",[],[],[],2014-06-24 11:07:14,2025-06-06 17:51:39,False
22531229,Adam Matthew Explorer,"Adam Matthew publishes unique primary source collections from archives around the world. The categorized collections cover many contemporary subjects such as culture, war, lifestyles, business technology and sociopolitical development in the Americas, Asia and Europe. We also have text and data mining access to our licensed Adam Matthew databases.","Search across all of UC San Diego's Adam Matthew archival collections. We also have text and data mining access to our licensed Adam Matthew databases. VPN is required for off-campus access if you start here, but the individual collections listed below have been enabled for OpenAthens/SSO. Collections include the following: African American Communities Age of Exploration America in World War Two:Oral Histories and Personal Accounts American History, 1493-1945 American Indian Histories and Cultures American Indian Newspapers American West Apartheid South Africa,1948-1980 China on Film: Twentieth Century Sources from the British Film Institute China, America and the Pacific China: Culture and Society China: Trade, Politics and Culture, 1793-1980 Church Missionary Society Periodicals Colonial America Colonial Caribbean Confidential Print: Africa, 1834-1966 Confidential Print: Latin America, 1833-1969 Confidential Print: Middle East Confidential Print: North America Defining Gender East India Company Eighteenth Century Drama Eighteenth Century Journals Empire Online Ethnomusicology: Global Field Recordings Everyday Life and Women in America First World War Portal Food and Drink in History Foreign Office Files China 1919-1980 Foreign Office Files India, Pakistan and Afghanistan,1947-1980 Foreign Office Files Japan, 1919-1952 Foreign Office Files Middle East, 1971-1981 Foreign Office Files South East Asia, 1963-1980 Frontier Life Gender: Identity and Social Change Global Commodities Global History of Epidemics, 1800-1970 India, Raj and Empire Interwar Culture J. Walter Thompson:Advertising America Jewish Life in America Latin American Histories in the United States (Module 1) Leisure Travel and Mass Culture Life at Sea: Seafaring in the Anglo-American Maritime World, 1600-1900 Literary Manuscripts Berg Literary Manuscripts Leeds Literary Print Culture London Low Life Macmillan Cabinet Papers, 1957-1963 Market Research and American Business, 1935-1965 Mass Observation Online Medical Services and Warfare Medieval Family Life Medieval Travel Writing Meiji Japan Migration to New Worlds Perdita Manuscripts, 1500-1700 Popular Culture in Britain and America, 1950-1975 Popular Medicine in America, 1800-1900 Race Relations in America Romanticism: Life, Literature and Landscape Service Newspapers of World War Two Sex and Sexuality Shakespeare in Performance Shakespeare's Globe Archive Slavery, Abolition and Social Justice Socialism on Film The Grand Tour The Nixon Years, 1969-1974 Trade Catalogues and the American Home Travel Writing, Spectacle and World History Victorian Popular Culture Victorians on Film. Entertainment, Innovation & Everyday Life Virginia Company Archives Women in the National Archives (UK) World's Fairs",https://www.amdigital.co.uk/discover/collections?series%5B%5D=am-primary&keywords=&sort=,https://ucsd.libguides.com/adammatthewexplorer,Adam Matthew Digital,"[""Primary Sources"", ""Text & Data Mining (TDM)""]","[""Chinese Studies"", ""History"", ""International Studies"", ""Japanese Studies"", ""Jewish Studies"", ""Latin American Studies"", ""Literature"", ""Political Science""]","[{""name"": ""History"", ""rank"": 1}, {""name"": ""Literature"", ""rank"": 1}]",[],[],2016-06-20 00:16:23,2026-08-24 15:14:09,False
72615808,Aerospace Research Central (ARC),"Full-text access to the AIAA (American Institute of Aeronautics and Astronautics) meeting papers from 2001-2022 (others can be requested via interlibrary loan), and most of the journals, including AIAA Journal, from 1980 to present.",,https://go.openathens.net/redirector/ucsd.edu?url=https%3A%2F%2Farc.aiaa.org%2F,https://ucsd.libguides.com/aiaa,,[],"[""Aerospace Engineering"", ""Mechanical Engineering""]","[{""name"": ""Aerospace Engineering"", ""rank"": 2}]",[],[],2023-07-18 20:05:53,2026-01-14 17:08:42,False
61416152,Africa Confidential,"Africa Confidential is one of the longest-established specialist publications on Africa, with a reputation for being first with in-depth news and analysis on significant political, economic and security developments across the continent. Features continent-wide, on-the-ground coverage and identifies and monitors upcoming issues before they are picked up by the general media. Contributors write under strict anonymity to ensure writers’ personal safety.",,https://go.openathens.net/redirector/ucsd.edu?url=https%3A%2F%2Fwww.africa-confidential.com%2Fnews,https://ucsd.libguides.com/africaconfidential,,"[""News & Newspapers""]","[""African Studies"", ""Economics"", ""Ethnic Studies"", ""International Studies"", ""Political Science"", ""Sociology""]","[{""name"": ""African Studies"", ""rank"": 1}]",[],[],2021-05-10 20:37:14,2025-06-06 18:01:11,False
3169142,Africa-Wide Information,"19th century-present. Incorporates African Studies and South African Studies databases. Sources include books, periodicals and magazines articles, newspapers, pamphlets, maps, reports, and theses. Nearly 2 million records",,https://research.ebsco.com/c/xuxb7f/search/advanced/filters?db=awn,https://ucsd.libguides.com/africawide,EBSCO,[],"[""African Studies"", ""International Studies"", ""Political Science"", ""Sociology""]",[],[],[],2014-06-29 12:05:18,2025-06-16 15:29:49,False
76949154,African American Communities,"Focusing predominantly on Atlanta, Chicago, New York, and towns and cities in North Carolina this resource presents multiple aspects of the African American community through pamphlets, newspapers and periodicals, correspondence, official records, reports and in-depth oral histories, revealing the prevalent challenges of racism, discrimination and integration, and a unique African American culture and identity.",,https://go.openathens.net/redirector/ucsd.edu?url=https%3A%2F%2Fwww.aac.amdigital.co.uk%2F,https://ucsd.libguides.com/aacommunities,Adam Matthew Digital,"[""Primary Sources""]","[""African American Studies"", ""United States History""]",[],[],[],2024-06-14 22:10:18,2025-06-06 18:04:16,False
3169144,African American Newspapers (1827-1998),"Over 300 newspapers covering the 19th and early-mid 20th centuries; some later. Many titles include only a few years; others much longer. Can be searched with America's Historical Newspapers, Hispanic American Newspapers.",,https://go.openathens.net/redirector/ucsd.edu?url=https%3A%2F%2Finfoweb.newsbank.com%2Fapps%2Freadex%2Fwelcome%3Fp%3DEANX%26val-database-0%3DEANAAA%257CEANAAA2,https://ucsd.libguides.com/aanews,Readex,"[""News & Newspapers""]","[""African American Studies"", ""Literature"", ""Theater & Dance"", ""United States History""]",[],[],[],2014-06-29 12:07:55,2025-06-09 19:03:46,False
19279197,African American Periodicals (1825-1995),"Full text of all or parts of 177 magazines and journals published by or for the African American community between 1825 and 1995. Topics include race relations and civil rights, religion, business, literature and the arts, and general interest magazines. Searches may be limited to place (state) or date of publication, topic, keywords, broad categories, etc.",,https://go.openathens.net/redirector/ucsd.edu?url=http%3A%2F%2Finfoweb.newsbank.com%2F%3Fdb%3DEAPX,https://ucsd.libguides.com/aaperiodicals,Readex,"[""News & Newspapers""]","[""African American Studies"", ""Ethnic Studies"", ""United States History""]",[],[],[],2016-02-03 18:14:08,2025-06-09 19:04:04,False
56962449,African Diaspora (1860-Present),"Includes never-before digitized primary source documents, including books, government documents, personal papers, organizational papers, journals, newsletters, court documents, letters, and ephemera from the Caribbean, Brazil, India, United Kingdom, and France. The collection includes 70,000 pages of never-before digitized primary documents, including personal papers, organizational papers, journals, newsletters, court documents, letters, and ephemera from the Caribbean, Brazil, India, United Kingdom, and France.",,https://go.openathens.net/redirector/ucsd.edu?url=https%3A%2F%2Fsearch.alexanderstreet.com%2Fafdi,https://ucsd.libguides.com/africandiaspora,Alexander Street Press,"[""Primary Sources""]","[""African American Studies"", ""African Studies"", ""History""]","[{""name"": ""African American Studies"", ""rank"": 1}]",[],[],2020-08-28 19:04:07,2025-06-06 18:12:47,False
61583727,African Newspapers : from the World Newspaper Archive,"Searchable collection of historical African newspapers. Includes over 40 newspapers published between 1800 and 1922 in Ghana, Kenya, Lesotho, Malawi, Mozambique, Namibia, Nigeria, South Africa, Uganda, and Zimbabwe",,https://go.openathens.net/redirector/ucsd.edu?url=https%3A%2F%2Finfoweb.newsbank.com%2Fapps%2Freadex%2Fwelcome%3Fp%3DWHNPAFR1,https://ucsd.libguides.com/africannews,Readex,"[""News & Newspapers""]","[""African Studies"", ""History"", ""International Studies""]",[],[],"[""WNA""]",2021-05-20 16:38:57,2025-06-06 18:15:11,False
78864582,African Writers Series,"Works from the canon of African 20th century literature including stories, drama, poetry, and other literary works.",,https://go.openathens.net/redirector/ucsd.edu?url=https%3A%2F%2Fwww.proquest.com%2Flitcollectioneawso%2Fadvanced%2Fliterature%2FfromDatabasesLayer%3Faccountid%3D14524,https://ucsd.libguides.com/africanwriters,ProQuest,[],"[""Literature""]",[],[],[],2024-11-07 22:22:09,2025-06-06 18:16:21,False
19279398,"Afro-Americana Imprints, 1535-1922","Includes more than 12,000 books, pamphlets and broadsides spanning over 400 years, from the early 16th to the early 20th century. Covers the West's discovery and exploitation of Africa; the rise of slavery in the New World along with the growth and success of abolitionist movements; the development of racial thought, including political protest and resistance to racism; descriptions of African American life throughout the Americans; and slavery and race in fiction and drama.",,https://go.openathens.net/redirector/ucsd.edu?url=https%3A%2F%2Finfoweb.newsbank.com%2Fapps%2Freadex%2Fwelcome%3Fp%3DAFAMER,https://ucsd.libguides.com/aaimprints,Readex,"[""Primary Sources""]","[""Ethnic Studies"", ""Sociology"", ""United States History""]",[],[],[],2016-02-03 18:17:48,2025-06-06 18:18:09,False
76949181,Age of Exploration,"Explore five centuries of journeys across the globe, scientific discoveries, the expansion of European colonialism, conflict over territories and trade routes, and decades-long search and rescue attempts in this multi-archive collection dedicated to the history of exploration.",,https://go.openathens.net/redirector/ucsd.edu?url=https%3A%2F%2Fwww.exploration.amdigital.co.uk%2F,https://ucsd.libguides.com/exploration,Adam Matthew Digital,"[""Primary Sources""]","[""European Studies"", ""History""]",[],[],[],2024-06-14 22:17:11,2025-06-06 18:21:16,False
18517825,Airiti Books 華藝中文電子書,"Airiti Books provides access to Chinese ebooks primarily published in Taiwan, Hong Kong, and Macau. It covers subjects such as philosophy, religion, natural sciences, applied sciences, social sciences, history, geography, language and linguistics, and literature and arts",,https://go.openathens.net/redirector/ucsd.edu?url=https%3A%2F%2Fwww.airitibooks.com%2F,https://ucsd.libguides.com/ariti,,"[""E-Books""]","[""Chinese Studies""]",[],[],[],2016-01-04 20:02:14,2025-06-06 18:25:52,False
56438044,Al-Ahram Digital Archive,"Founded in 1875, Al-Ahram (الأهرام‎, “The Pyramids”) is one of the longest-running newspapers in the Middle East. It has long been regarded as Egypt’s most authoritative and influential newspaper, and one of the most important newspapers in the Arab world, with a circulation of over 1 million. Prior to 1960, the newspaper was an independent publication and was renowned for its objectivity and independence. After being nationalized by President Nasser in 1960, Al-Ahram became the de facto voice of the Egyptian government and today the newspaper is managed by the Supreme Council of Press. Coverage:1876-2014.",,https://go.openathens.net/redirector/ucsd.edu?url=https%3A%2F%2Fgpa.eastview.com%2Falahram%2F,https://ucsd.libguides.com/alahram,East View,"[""News & Newspapers""]","[""History"", ""International Studies"", ""Middle East Studies""]",[],[],"[""East View"", "" GPA""]",2020-08-07 04:18:39,2025-06-06 18:29:52,False
5472294,Alexander Street Press,"Single interface to search for primary sources, streaming video and audio content, and more from the Alexander Street Press databases.","60 Minutes: 1997-2014 African Diaspora, 1860-Present American History in Video Anthropological Fieldwork Online Anthropology Online Asian American Drama Asian Film Online Audio Drama: The L.A. Theatre Works Collection Black Drama Black Thought and Culture Border and Migration Studies Online British and Irish Women's Letters and Diaries Civil War Letters and Diaries Contemporary World Drama Dance Online: Dance in Video Dance Online: Dance Studies Collection Disability in the Modern World Early Encounters in North America Early Experiences in Australasia: Primary Sources and Personal Narratives.1788-1901 Engineering Case Studies Online Environmental Issues Online Ethnographic Sound Archives Online Ethnographic Video Online Film Scripts Online Food Studies Online Human Rights Studies Online LGBT Studies in Video LGBT Thought and Culture Manuscript Women's Letters and Diaries Meet the Press Music Online: African American Music Reference Music Online: American Music Music Online: Classical Music in Video Music Online: Classical Music Library Music Online: Classical Scores Library Music Online: Contemporary World Music Music Online: Jazz Music Library Music Online: Listening Music Online: Music Periodicals of the 19th Century Music Online: Opera in Video Music Online: Popular Music Library Music Online: Smithsonian Global Sound for Libraries Music Online: The Garland Encyclopedia of World Music North American Immigrant Letters, Diaries, and Oral Histories North American Indian Drama North American Indian Thought and Culture North American Women's Drama North American Women's Letters and Diaries Performance Design Archive Online Psychological Experiments Online Revolution and Protest Online Security Issues Online Silent Film Online The Docuseek2 Complete Collection: Second Edition The March of Time Theatre in Context Collection Theatre in Video: Volume I Twentieth Century North American Drama Twentieth Century Religious Thought, Volume I: Christianity Twentieth Century Religious Thought, Volume II: Islam Twentieth Century Religious Thought, Volume III: Judaism Twentieth Century Religious Thought, Volume IV: Eastern Religions Underground and Independent Comics Women and Social Movements in the United States,1600-2000 Women and Social Movements, International Women and Social Movements, Modern Empires Since 1820 World History in Video World Newsreels Online: 1929–1966",https://go.openathens.net/redirector/ucsd.edu?url=https%3A%2F%2Fsearch.alexanderstreet.com%2F,https://ucsd.libguides.com/asp,Alexander Street Press,"[""Primary Sources"", ""Streaming Media""]","[""Business"", ""Economics"", ""History"", ""International Studies"", ""Music"", ""Pacific Island Studies"", ""Political Science"", ""United States History""]",[],[],[],2014-10-07 20:10:25,2025-06-06 18:32:03,False
3169015,Alt-PressWatch,"Full text database of newspapers, magazines, and journals of the alternative and independent press. Provides a valuable new source of coverage, viewpoints, and perspectives to complement and challenge the coverage of the mainstream media.",,https://go.openathens.net/redirector/ucsd.edu?url=https%3A%2F%2Fwww.proquest.com%2Faltpresswatch%2F%3Faccountid%3D14524,https://ucsd.libguides.com/altpress,ProQuest,"[""Book & Film Reviews"", ""News & Newspapers""]","[""Communication"", ""Critical Gender Studies"", ""Economics"", ""Ethnic Studies"", ""International Studies"", ""Literature"", ""Political Science"", ""Sociology""]","[{""name"": ""Ethnic Studies"", ""rank"": 1}]",[],[],2014-06-20 04:01:42,2026-02-25 23:02:23,False
3169040,Alternative Press Index & Archive,"Includes alternative, radical, and left periodicals, newspapers, and magazines. The index is international and interdisciplinary, spanning the social sciences and humanities, with its central focus on the practice and theory of socialism, national liberation, labor, indigenous peoples, gays/lesbians, feminism, ecology, democracy, and anarchism.",,"https://research.ebsco.com/c/xuxb7f?db=apn,alr",https://ucsd.libguides.com/altpressindexaltpressarchive,EBSCO,"[""News & Newspapers""]","[""Communication"", ""Literature"", ""United States History""]",[],[],[],2014-06-20 04:05:31,2026-03-20 21:32:22,False
24738482,"America and Great Britain : diplomatic relations, 1775-1815 [British government documents]","This 9-volume set provides 7000 pages of primary documents, written by contemporary diplomats, charting the emergence of an independent America. Documents are sourced from Colonial Office, Foreign Office, State Papers, and Admiralty records.",,https://go.openathens.net/redirector/ucsd.edu?url=https%3A%2F%2Fdlib.eastview.com%2Fbrowse%2Fbooks%2F1670%3Fset%3D935,https://ucsd.libguides.com/americagreatbritain,East View,"[""Primary Sources""]","[""United States History""]",[],[],[],2016-08-29 17:02:16,2025-06-06 18:38:17,False
76949199,America in World War Two: Oral Histories and Personal Accounts,"Uncover the stories of American military personnel and civilians during the Second World War through their oral histories, correspondence, diaries, photographs, artifacts, and military records. This digital resource offers an insight into the personal experiences of those involved in the conflict, both on the United States home front and on deployment overseas in Europe, the Mediterranean, the Pacific, China, Burma and India.",,https://go.openathens.net/redirector/ucsd.edu?url=https%3A%2F%2Fwww.americainworldwartwo.amdigital.co.uk%2F,https://ucsd.libguides.com/americaww2,Adam Matthew Digital,"[""Primary Sources""]","[""United States History""]",[],[],[],2024-06-14 22:23:03,2025-06-06 18:40:26,False
19279589,America's Historical Newspapers,"Over 2000 papers from cities in all 50 states and the District of Columbia, based on Early American Newspapers, Series 1, 2, 10, 11 (1690-1890). Also includes Hispanic American Newspapers, 1808-1980, African-American Newspapers, 1827-1998, and California's Historical Newspapers, 1752-1922. Title coverage ranges from a few issues to many years.",,https://go.openathens.net/redirector/ucsd.edu?url=https%3A%2F%2Finfoweb.newsbank.com%2Fapps%2Freadex%2F%3Fp%3DEANX%26val-database-0%3DEANA,https://ucsd.libguides.com/americanhistoricnews,Readex,"[""News & Newspapers""]","[""United States History""]",[],[],[],2016-02-03 18:21:43,2025-06-06 18:42:29,False
3169018,America: History and Life,"1895-present. International database for research on all periods of U.S. and Canadian history, including very recent years. Includes abstracts of journal articles and listings of books and dissertations. Over 1,800 journals are indexed.",,https://research.ebsco.com/c/xuxb7f/search/advanced/filters?db=ahl,https://ucsd.libguides.com/amerhistlife,EBSCO,"[""Book & Film Reviews""]","[""Ethnic Studies"", ""History of Science"", ""Jewish Studies"", ""Political Science"", ""Sociology"", ""United States History"", ""Urban Studies & Planning""]",[],[],[],2014-06-20 04:01:42,2025-08-29 22:08:26,False
62475153,American Civil War: Letters and Diaries,"This collection contains 2,009 authors and approximately 100,000 pages of diaries, letters and memoirs. Particular care has been taken to index this material so it can be searched more thoroughly than ever. Each source has been carefully chosen using leading bibliographies. The product includes 4,000 pages of previously unpublished manuscripts, biographies, and an extensive bibliography of the sources in the database.",,https://go.openathens.net/redirector/ucsd.edu?url=https%3A%2F%2Fsearch.alexanderstreet.com%2Fcwld,https://ucsd.libguides.com/civilwarletters,Alexander Street Press,"[""Primary Sources""]","[""United States History""]",[],[],[],2021-07-24 16:53:54,2025-06-06 18:44:14,False
77054752,American Consumer Culture,This vast collection of primary sources documents twentieth-century consumer culture in the United States and offers insights into one of the most important themes of modern times. It looks at three pillars of consumer culture: market research and its psychology; the process of advertising; and the actual goods manufactured and consumed.,"Includes: Market Research and American Business, 1935-1965 Advertising America, Trade Catalogues and the American Home",https://go.openathens.net/redirector/ucsd.edu?url=https%3A%2F%2Fwww.americanconsumerculture.amdigital.co.uk%2F,https://ucsd.libguides.com/consumerculture,Adam Matthew Digital,"[""Primary Sources""]","[""Business"", ""Sociology"", ""United States History""]",[],[],[],2024-06-25 18:15:42,2026-04-27 19:13:48,False
78864632,American Drama 1714–1915‎,"Online collection of American dramatic writing. Contains full text of more than 1,100 plays from the colonial period to the beginning of the 20th century.",,https://go.openathens.net/redirector/ucsd.edu?url=https%3A%2F%2Fwww.proquest.com%2Fad%2Fadvanced%2Fliterature%2FfromDatabasesLayer%3Faccountid%3D14524,https://ucsd.libguides.com/americandrama,ProQuest,[],"[""Literature"", ""Theater & Dance""]",[],[],[],2024-11-07 22:25:19,2025-06-06 18:47:32,False
19279821,American Film Institute (AFI) Catalog,"Comprehensive information on all American films, 1893 to 1970 with plot summaries, production history, and cast information.",,https://go.openathens.net/redirector/ucsd.edu?url=https%3A%2F%2Fwww.proquest.com%2Fafi%2Fadvanced%3Faccountid%3D14524,https://ucsd.libguides.com/afi,ProQuest,[],"[""Film & Video""]",[],[],"[""AFI Catalog""]",2016-02-03 18:29:23,2025-06-06 18:48:13,False
77143227,American Historical Periodicals from the American Antiquarian Society,"This resource provides a history of the American people and a testament to the growth of the nation from the colonial period through to the twentieth century. The periodicals focused on American concerns and were predominantly published in the United States or Canada, though some were published overseas by Americans living abroad. The collection offers multiple perspectives on the thought, culture, and society of North America through the eyes of those who lived it, showing how history affected citizens from all walks of life.",,https://go.gale.com/ps/start.do?p=AAHP&u=ucsandiego,https://ucsd.libguides.com/americanhistoricalperiodicals,Gale/Cengage Learning,"[""Primary Sources""]","[""United States History""]",[],[],[],2024-07-02 20:49:08,2026-05-14 17:38:26,False
16164693,American History in Video,"Provides the largest and richest collection of video available online for the study of American history, with 2,000 hours and more than 5,000 titles on completion. The collection allows students and researchers to analyze historical events, and the presentation of historical events over time, through commercial and governmental newsreels, archival footage, public affairs footage, and important documentaries.",,https://go.openathens.net/redirector/ucsd.edu?url=https%3A%2F%2Fvideo.alexanderstreet.com%2Fchannel%2Famerican-history-in-video,https://ucsd.libguides.com/amerhistoryvideo,Alexander Street Press,"[""Streaming Media""]","[""Film & Video"", ""United States History""]","[{""name"": ""United States History"", ""rank"": 1}]",[],[],2015-09-23 23:56:15,2025-11-07 22:37:37,False
77039340,"American History, 1493-1945","This unique collection documents American History from the earliest settlers to the mid-twentieth century. It is sourced from the Gilder Lehrman Collection, and includes correspondence, diaries, government documents, business records, books, pamphlets, newspapers, broadsides, photographs, artwork, and maps.","Includes: Settlement, Commerce, Revolution and Reform: 1493-1859 Civil War, Reconstruction and the Modern Era: 1860-1945.",https://go.openathens.net/redirector/ucsd.edu?url=http%3A%2F%2Fwww.americanhistory.amdigital.co.uk%2F,https://ucsd.libguides.com/americanhistory,Adam Matthew Digital,"[""Primary Sources""]","[""United States History""]",[],[],[],2024-06-24 22:35:00,2026-04-27 19:14:09,False
3169067,American Periodicals,1740-1900. Full text of North American periodicals (magazines and newspapers) from 1740 through the 19th century; a few early 20th century periodicals also included. Search by keyword or browse by journal.,,https://go.openathens.net/redirector/ucsd.edu?url=https%3A%2F%2Fwww.proquest.com%2Famericanperiodicals%2Fadvanced%2F%3Faccountid%3D14524,https://ucsd.libguides.com/amerperiodicals,ProQuest,"[""News & Newspapers""]","[""Theater & Dance"", ""United States History""]",[],[],[],2014-06-22 10:26:46,2025-06-06 19:01:06,False
19280097,"American State Papers, 1789-1838","Search or browse U.S. congressional materials originating from 1789 and covering through 1838, including 1st Congress, 1st Session through 25th Congress, 2nd Session.",,https://go.openathens.net/redirector/ucsd.edu?url=https%3A%2F%2Finfoweb.newsbank.com%2Fapps%2Freadex%2F%3Fp%3DASPA,https://ucsd.libguides.com/statepapers,Readex,"[""Primary Sources""]","[""Government Information"", ""Law"", ""United States History""]",[],[],[],2016-02-03 18:34:17,2025-06-06 19:02:27,False
4515544,American West,"Original manuscripts, maps, ephemeral material, and rare printed sources from the Graff Collection about the American West, including tales of frontier life, Native Americans, vigilantes, and outlaws, and the growth of urban centres and environmental impact of westward expansion and of life in the borderlands.",,https://go.openathens.net/redirector/ucsd.edu?url=http%3A%2F%2Fwww.americanwest.amdigital.co.uk%2F,https://ucsd.libguides.com/americanwest,Adam Matthew Digital,"[""Primary Sources""]","[""United States History""]",[],[],[],2014-08-20 04:01:14,2025-06-06 19:04:18,False
18776210,Annual Bibliography of English Language and Literature (ABELL),"Indexes books, articles, literary works, book reviews and essays, 1920+",,https://go.openathens.net/redirector/ucsd.edu?url=https%3A%2F%2Fwww.proquest.com%2Flion%2Fadvancedsearch%2Fsegmentedadvsearchabell%2Freset%2F%3Faccountid%3D14524,https://ucsd.libguides.com/abell,ProQuest,"[""Book & Film Reviews""]","[""Literature""]","[{""name"": ""Literature"", ""rank"": 1}]",[],[],2016-01-13 23:59:38,2025-06-06 19:46:39,False
18776249,AnthroSource,"Current issues of American Anthropological Association's journals and bulletins as well as archived issues of all the AAA's journals, newsletters and bulletins. Journal issues generally appear online prior to distribution in print.",,https://go.openathens.net/redirector/ucsd.edu?url=https%3A%2F%2Fanthrosource.onlinelibrary.wiley.com%2F,https://ucsd.libguides.com/anthrosource,Wiley,[],"[""Anthropology"", ""Archaeology"", ""Pacific Island Studies""]","[{""name"": ""Anthropology"", ""rank"": 1}, {""name"": ""Archaeology"", ""rank"": 1}]",[],[],2016-01-14 00:03:11,2025-11-07 22:39:01,False
19280371,AP Newsroom,"With millions of images dating back more than 150 years, this is one of the world's largest archives of historical & current imagery. Updated every minute. Includes news, entertainment, arts, business, and sports coverage from AP and selected partners. The content includes top news stories, photos, audio clips and print graphics.",,https://go.openathens.net/redirector/ucsd.edu?url=http%3A%2F%2Fsearch.ebscohost.com%2Flogin.aspx%3Fauthtype%3Dip%2Cuid%26groupid%3Dmain%26profile%3Dapnr%26custid%3Ds8944803,https://ucsd.libguides.com/apnews,,"[""Images"", ""News & Newspapers""]","[""European Studies"", ""Film & Video"", ""Sociology"", ""Theater & Dance"", ""United States History""]",[],[],"[""AP Images""]",2016-02-03 18:40:06,2026-08-24 16:21:38,False
32563469,AP Stylebook Online,"Fully searchable version of the Associated Press Stylebook, including an A-Z guide to usage, spelling, and a pronunciation guide with audio files. Limited to 10 users at a time (try again later if refused).",,https://go.openathens.net/redirector/ucsd.edu?url=https%3A%2F%2Fwww.apstylebook.com%2Fuc-san-diego,https://ucsd.libguides.com/apstyle,,[],[],[],[],"[""Associated Press Stylebook""]",2017-06-01 22:54:44,2025-11-07 22:18:25,False
77016549,Apartheid South Africa: 1948-1994,"This collection makes available British government files from the Foreign, Colonial, Dominion, and Foreign and Commonwealth Offices spanning the period 1948 to 1994. These previously restricted letters, diplomatic dispatches, reports, trial papers, activists’ biographies and first-hand accounts of events give unprecedented access to the history of South Africa’s apartheid regime. The files explore the relationship of the international community with South Africa and chart increasing civil unrest against a backdrop of waning colonialism in Africa and mounting world condemnation.",,https://go.openathens.net/redirector/ucsd.edu?url=https%3A%2F%2Fwww.apartheidsouthafrica.amdigital.co.uk%2F,https://ucsd.libguides.com/apartheid,Adam Matthew Digital,"[""Primary Sources""]","[""African Studies"", ""Ethnic Studies"", ""History""]",[],[],[],2024-06-21 23:23:43,2025-06-06 19:57:09,False
3169051,Applied Science & Business Periodicals Retrospective,"1913-1983. Provides a single resource for seven decades of articles on the most important events, issues & trends in the history of business & industry, plus the most important historical sources in the applied science & technology for the 20th Century. Can search in combination with Applied Science & Technology Full Text.",,https://research.ebsco.com/c/xuxb7f/search/advanced/filters?db=asb,https://ucsd.libguides.com/appscibus,EBSCO,"[""Book & Film Reviews""]","[""Aerospace Engineering"", ""Business"", ""Computer Science"", ""Electrical Engineering"", ""History of Science"", ""Mathematics & Statistics"", ""Mechanical Engineering"", ""Physics"", ""Structural Engineering""]",[],[],[],2014-06-21 10:28:33,2026-01-02 19:33:00,False
3168944,Aquatic Sciences & Fisheries Abstracts (ASFA),"Search independently or as part of Earth, Atmospheric & Aquatic Science Collection . Premier source for aquatic/marine research resources, covering over 7,000 journals, books, reports, & conference proceedings mainly from 1971-present, with some coverage back to the 1800s. This database is ideal for research in the areas of aquaculture, aquatic organisms, aquatic pollution, conservation, fisheries, marine biotechnology, oceanography, policy & legislation, and wildlife management.",,https://go.openathens.net/redirector/ucsd.edu?url=https%3A%2F%2Fwww.proquest.com%2Fasfa%2Fadvanced%2F%3Faccountid%3D14524,https://ucsd.libguides.com/asfa,ProQuest,[],"[""Environmental Studies"", ""Marine Sciences"", ""Oceanography""]",[],[],"[""ASFA""]",2012-12-22 04:06:31,2025-09-22 18:08:55,False
22517232,Archives of Sexuality & Gender,"Historical records of political and social organizations founded by LGBTQ individuals are featured, as well as publications by and for lesbians and gays, and extensive coverage of governmental responses to the AIDS crisis. The archive also contains personal correspondence and interviews with numerous LGBTQ individuals, among others. The archive includes gay and lesbian newspapers from more than 35 countries, reports, policy statements, and other documents related to gay rights and health, including the worldwide impact of AIDS, materials tracing LGBTQ activism in Britain from 1950 through 1980, and more. In addition, the archive encompasses extensive material related to feminism, women’s rights, and women’s concerns. Documents span from 1940 to 2014, with the bulk from 1950 to 1990.","Includes: LGBTQ History Since 1940 I LGBTQ History Since 1940 II Sex & Sexuality in the 16th through 20th, Centuries, International Perspectives on LGBTQ Activism and Culture.",https://go.gale.com/ps/start.do?p=AHSI&u=ucsandiego,https://ucsd.libguides.com/archivessexualitygender,Gale/Cengage Learning,"[""Primary Sources""]","[""Critical Gender Studies"", ""Ethnic Studies"", ""Literature"", ""Sociology"", ""United States History""]","[{""name"": ""Literature"", ""rank"": 1}]",[],[],2016-06-17 17:28:35,2026-05-14 17:40:06,False
70880776,Archives of the Chinese Government 中国政府文献库,"Archives of the Chinese Government contains archives and Documents of of the Chinese central government, its ministries and subsidiaries, and regional authorities, mostly from 2001, some back to 1983, including national policies, regional policies, speeches and publications of Ministerial/Provincial Officers, national/provincial/ministerial government annual statements, Foreign Minister's spokesperson's statements & speeches, and Foreign Minister's press conference.",,https://go.openathens.net/redirector/ucsd.edu?url=https%3A%2F%2Fdata.people.com.cn%2Fpd%2Fzgzfwxk,https://ucsd.libguides.com/archiveschinesegovt,Oriprobe,"[""Primary Sources""]","[""Chinese Studies""]",[],[],[],2023-03-03 20:58:53,2026-07-06 22:19:25,False
17589064,Archives of the Communist Party of China (CPC) 中国共产党档案文件库,"Archives and publications of the Communist Party in China since its establishment in 1921. Search interface is Chinese language only [1921 to present]. An archive of the important, historical documents such as the Party's Constitutions over the years and party internal files: reports - including ones from noteable leaders like Mao Zedong, Zhou Enlai, Liu Shaoqi, Zhu De, Ren Bishi, Deng Xiaoping, and Chen Yun, name lists, pictures, news reports and commentaries, audio/video files and other research materials.",,https://go.openathens.net/redirector/ucsd.edu?url=https%3A%2F%2Fdata.people.com.cn%2Fpd%2Fzggcdwxk,https://ucsd.libguides.com/cpcarchives,Oriprobe,[],"[""Chinese Studies""]",[],[],[],2015-11-22 05:09:37,2026-07-06 22:17:12,False
56221382,Archives Unbound,"102 collections of archival primary sources spanning American social and diplomatic history, plus China, Mexico, Germany, Spain, Korea, Laos, Thailand, Pakistan, and Japan.","Administrative Histories of U.S. Civilian Agencies: Korean War Digital Archive American Indian Movement and Native American Radicalism Black Economic Empowerment: The National Negro Business League Bush Presidency and Development and Debate Over Civil Rights Policy and Legislation Cambodia: Records of the U.S. Department of State, 1960-1963 Chinese Maritime Customs Service: The Customs’ Gazette, 1869-1913 Colección Revolución, 1910-1921 Confederate Newspapers: A Collection from Florida, Georgia, Tennessee, Virginia and Alabama Correspondence from German Concentration Camps and Prisons Country Intelligence Reports/State Department's Bureau of Intelligence and Research Reports China (1941-1961) Country Intelligence Reports/State Department's Bureau of Intelligence and Research Reports Japan (1941-1961) Country Intelligence Reports/State Department's Bureau of Intelligence and Research Reports Korea (1941-1961) County and Regional Histories & Atlases: California Cuartel General del Sur, 1910-1925 Ecuador: Records of the U.S. Department of State, 1960-1963 Emiliano Zapata, 1901-1919 European Colonialism in the Early 20th Century: German Colonies in Asia and the Pacific: From Colonialism to Japanese Mandates, 1910-1929 Fannie Lou Hamer: Papers of a Civil Rights Activist, Political Activist, and Woman Federal Surveillance of African Americans, 1920-1984 Feminism in Cuba, 1898-1958 Fight for Racial Justice and the Civil Rights Final Accountability Rosters of Japanese-American Relocation Centers, 1944-1946 Franklin D. Roosevelt and Race Relations, 1933-1945 General George C. Marshall's Mission to China, 1945-1947 German Foreign Relations and Military Activities in China, 1919-1935 Global Missions and Theology Great Patriotic War of the Soviet Union, 1941-1945 Holocaust and the Concentration Camp Trials: Prosecution of Nazi War Crimes Indochina, France, and the Viet Minh War, 1945-1954 Integration of Alabama Schools and the U.S. Military, 1963 International Women's Movement: The Pan Pacific/Southeast Asia Women's Association, 1950-85 James Meredith, J. Edgar Hoover, and the Integration of the University of Mississippi Japan and Korea: Summation of Nonmilitary Activities, 1945-1948 Japan at War and Peace, 1930-1949: U.S. State Department Records on the Internal Affairs of Japan Japan-U.S. Economic Relations Group Records, 1979-1981 Japan: Records of the U.S. Department of State Relating to Commercial Relations, 1910-1949 Japan: Records of the U.S. Department of State Relating to Commercial Relations, 1950-1963 Japan: Records of the U.S. Department of State Relating to Internal Affairs, 1950-1954 Japan: Records of the U.S. Department of State Relating to Internal Affairs, 1955-1959 Japan: Records of the U.S. Department of State Relating to Political Relations, 1930-1939 Japan: Records of the U.S. Department of State Relating to Political Relations, 1940-1944 Japan: Records of the U.S. Department of State Relating to Political Relations, 1945-1949 Japan: Records of the U.S. Department of State, 1950-1959 Japan: U.S. Naval Technical Mission, 1945-1946 Japanese American Internment: Records of the Franklin D. Roosevelt Library Japanese-American Relocation Camp Newspapers: Perspectives on Day-to-Day Life Korea: Records of the U.S. Department of State, 1930-1963 La Guerra Civil Española Laos: Records of the U.S. Department of State, 1963-1966 Liberia and the U.S.: Nation-Building in Africa, 1864-1918 Nazi Bank and Financial Institutions: U.S. Military Government Investigation Reports and Interrogations of Nazi Financiers, 1945-1949 Nicaragua: Records of the U.S. Department of State, 1960-1963 Overland Journeys: Travels in the West, 1800-1880 Palestine Statehood Committee Records, 1939-1949 Papers of Amiri Baraka, Poet Laureate of the Black Power Movement Personal Justice Denied: Public Hearings of the Commission on Wartime Relocation and Internment, 1981 Peru: Records of the U.S. Department of State, 1960-1963 Policing the Shanghai International Settlement, 1894-1945 Political Relations Between China, the U.S. and Other Countries, 1910-1929 Political Relations and Conflict between Republican China and Imperial Japan, 1930-1939: Records of the U.S. State Department Political, Economic, and Military Conditions in China: Reports and Correspondence of the U.S. Military Intelligence Division, 1918-1941 Post-War Europe: Refugees, Exile and Resettlement, 1945-1950 Ralph J. Bunche Oral Histories Collection on the Civil Rights Movement Rastafari Ephemeral Publications from the Written Rastafari Archives Project Records of Department of State Relating to Political Relations Between US and Chile, 1945-1959 Records of Department of State Relating to Political Relations Between US and Columbia, 1945-59 Records of Department of State Relating to Political Relations Between US and Costa Rica, 1945-59 Records of Department of State Relating to Political Relations Between US and Ecuador, 1945-1959 Records of Department of State Relating to Political Relations Between US and Paraguay, 1945-59 Records of Department of State Relating to Political Relations Between US and Peru, 1945-1959 Records of Department of State Relating to Political Relations Between US and Uruguay, 1945-1959 Records of Department of State Relating to Political Relations Between US and Venezuela, 1945-59 Records of US State Department's Division of Chinese Affairs Records of the Far Eastern Commission, 1945–1952 Records of the National Council for United States-China Trade 1973-1983 Records of the U.S. Information Service in China: Chinese Press Reviews and Summaries, 1944-1950 Records of the U.S. State Department: Briefing Books Related to the Situation in Vietnam SAFEHAVEN Reports on Nazi Looting of Occupied Countries and Assets in Neutral Countries Shanghai Municipal Council: The Municipal Gazette, 1908-1940 Subject Files of US State Department's Office of the Republic of China Affairs (1951-1978) Testaments to the Holocaust. Documents and Rare Printed Materials from the Wiener Library, London Thailand: Records of the U.S. Department of State Relating to Internal Affairs, 1945-1954 Thailand: Records of the U.S. Department of State Relating to Internal Affairs, 1955-1963 The Chinese Civil War and U.S.-China Relations: Records of the U.S. State Department's Office of Chinese Affairs, 1945-1955 The Chinese Recorder and the Protestant Missionary Community in China, 1867-1941 The Minutemen, 1963-1969: Evolution of the Militia Movement in America, Part I The Minutes of the Shanghai Municipal Council The Quest for Labor Equality in Household Work: National Domestic Workers Union, 1965-1979 Tiananmen Square and U.S.-China relations, 1989-1993 U.S. Relations with the Vatican and the Holocaust, 1940-1950 War Department and Indian Affairs, 1800-1824 War of 1812: Diplomacy on the High Seas We Were Prepared for the Possibility of Death: Freedom Riders in the South, 1961 “Through the Camera Lens:” The Moving Picture World and the Silent Cinema Era, 1907-1927 2022 & 2023 Arrivals Papers of American Missionaries to Asia: Arthur M. Guttery and YMCA China Papers of American Missionaries to Asia: Jay C. and Lucile C. Oliver and YMCA China Papers of American Missionaries to Asia: Missionaries Associated with Fujian and Taiwan Papers of American Missionaries to Asia: The Ashmore Family in China, Thailand, and Japan Records of the US State Department: Korea; Political & Governmental Affairs, February 1963-66 U.S. Relations and Policies in Southeast Asia, 1944-1958: Records of the Office of Southeast Asian Affairs British Mandate in Palestine/Arab-Jewish Relations & The US German Anti-Semitic Propaganda Jewish Question: Records from The Berlin Document Center Nuremburg Laws and Nazi Annulment of Jewish German Nationality Foreign Relations Between the US and Latin America and the Caribbean States, 1930-1944 Indian Trade in The Southeastern Spanish Borderlands: Papers of Panton/Leslie & Company U.S. Army Center of Military History Historical Manuscripts Collection: The Korean War Papers of Old Shanghai: Business, Banking, and Insurance, 1874–1949 Papers of Old Shanghai: Press, Education, Healthcare, and Charity, 1863–1948 Papers of Old Shanghai: Social Shanghai, 1906-1912 Papers of Old Shanghai: Societies and Clubs, 1890–1942 Shanghai International Settlement: Urban Planning and Development, 1845–1948 Economic Cooperation Administration’s Relief Mission in Post-War China, 1946-1948 Shanghai International Settlement: Shanghai Municipal Council Annual Reports & Budgets, Departmental Reports, and Minutes of Ratepayers Meetings, 1867–1941 National Farm Worker Ministry: Mobilizing Support for Migrant Workers, 1939-1985",https://go.gale.com/ps/exploreCollections?userGroupName=ucsandiego&prodId=GDSC,https://ucsd.libguides.com/archivesunbound,Gale Archives Unbound,"[""Primary Sources""]","[""Chinese Studies"", ""Ethnic Studies"", ""History"", ""Japanese Studies"", ""Latin American Studies"", ""United States History""]","[{""name"": ""History"", ""rank"": 1}, {""name"": ""United States History"", ""rank"": 1}]",[],"[""Gale""]",2020-07-29 01:36:32,2026-04-27 18:35:43,False
77169026,Archives Unbound (African American Studies),"This is an interdisciplinary academic collection devoted to the study of the history, culture, and politics of African Americans. Our collections cover activism, organizations, civil rights, and race relations.",,https://go.gale.com/ps/exploreCollections?userGroupName=ucsandiego&inPS=true&prodId=GDSC&category=AfricanAmericanStudies,https://ucsd.libguides.com/archivesunbound-africanamerican,Gale Archives Unbound,"[""Primary Sources""]","[""African American Studies"", ""United States History""]",[],[],[],2024-07-06 16:02:36,2026-05-14 17:42:49,False
77169216,Archives Unbound (African Studies),"This resource focuses on Liberia and the U.S.: Nation-Building in Africa, 1864-1918. It consists of correspondence and telegrams received and sent by the United States diplomatic post in Liberia. The topics covered by these records include all aspects of relations with Liberia and interactions of American citizens with the Liberian government and people.",,https://go.gale.com/ps/exploreCollections?userGroupName=ucsandiego&inPS=true&prodId=GDSC&category=AfricanStudies,https://ucsd.libguides.com/archivesunbound-african,Gale Archives Unbound,"[""Primary Sources""]","[""African Studies"", ""United States History""]",[],[],[],2024-07-06 16:08:56,2026-05-14 17:43:33,False
77170119,Archives Unbound (American Studies),"This collection explores civil rights, race relations, immigration, and war and military topics in the U.S. in the 19th and 20th centuries.",,https://go.gale.com/ps/exploreCollections?userGroupName=ucsandiego&inPS=true&prodId=GDSC&category=AmericanStudies,https://ucsd.libguides.com/archivesunbound-american,Gale Archives Unbound,"[""Primary Sources""]","[""African American Studies"", ""Law"", ""Political Science"", ""Religion"", ""United States History""]",[],[],[],2024-07-06 17:02:22,2026-05-14 17:44:01,False
24757717,Archives Unbound (Asian Studies),"This series consists of reports, studies, and surveys on various topics of interest to the Department of State. The reports vary from short memorandums to detailed, documented studies. The topics vary from individual commodities or countries to the economic and political characteristics of whole regions. This collection consists of research and intelligence reports prepared during 1941-1947 on China",,https://go.gale.com/ps/exploreCollections?userGroupName=ucsandiego&inPS=true&prodId=GDSC&category=AsianStudies,https://ucsd.libguides.com/archivesunbound-asian,Gale Archives Unbound,"[""Primary Sources""]","[""Chinese Studies""]",[],[],[],2016-08-29 21:53:14,2026-05-14 17:44:30,False
77170136,Archives Unbound (British and European History),"This collection focuses on historical events in the United Kingdom and Europe in the 20th century. Included are US classified country reports, newspapers, pamphlets, propaganda, and many other primary sources that give insight on specific regional changes during and after the war.",,https://go.gale.com/ps/exploreCollections?userGroupName=ucsandiego&inPS=true&prodId=GDSC&category=BritishandEuropeanHistory,https://ucsd.libguides.com/archivesunbound-britisheuropean,Gale Archives Unbound,"[""Primary Sources""]","[""European Studies"", ""Jewish Studies""]",[],[],[],2024-07-06 17:17:42,2026-05-14 17:45:02,False
77170150,Archives Unbound (Business and Economic History),"This collection includes topics such as commercial relations between Japan and the United States, labor equality in household work, Black economic empowerment, support for migrant workers, and the economy of the Third Reich.",,https://go.gale.com/ps/exploreCollections?userGroupName=ucsandiego&inPS=true&prodId=GDSC&category=BusinessandEconomicHistory,https://ucsd.libguides.com/archivesunbound-businessecon,Gale Archives Unbound,"[""Primary Sources""]","[""Business"", ""Economics"", ""United States History""]",[],[],[],2024-07-06 17:24:55,2026-05-14 17:45:31,False
77170189,Archives Unbound (Cultural Studies),"This collection includes resources about moving pictures and the silent cinema in the U.S., and a library of books on etiquette and advice from the U.S. and Britain.",,https://go.gale.com/ps/exploreCollections?userGroupName=ucsandiego&inPS=true&prodId=GDSC&category=CulturalStudies,https://ucsd.libguides.com/archivesunbound-cultural,Gale Archives Unbound,"[""Primary Sources""]","[""European Studies"", ""Film & Video"", ""United States History""]",[],[],[],2024-07-06 17:33:16,2026-05-14 17:45:57,False
77170223,"Archives Unbound (Gender, Sexuality, and Women's Studies)","This collection includes the papers of Fannie Lou Hamer, a civil rights activist, political activist, and woman. It also includes materials related to Patricia Lindh’s and Jeanne Holm’s liaison with women’s groups and their advocacy within the White House on issues of special interest to women.",,https://go.gale.com/ps/exploreCollections?userGroupName=ucsandiego&inPS=true&prodId=GDSC&category=GenderSexualityandWomensStudies,https://ucsd.libguides.com/archivesunbound-gender,Gale Archives Unbound,"[""Primary Sources""]","[""Critical Gender Studies"", ""United States History""]",[],[],[],2024-07-06 17:55:43,2026-05-14 17:46:28,False
77170228,Archives Unbound (Holocaust Studies),"This collection incorporates anti-Semitic propaganda, correspondence from prisoners, documents from resistance groups, eyewitness accounts from concentration camps, documents from war crimes trials, and more.",,https://go.gale.com/ps/exploreCollections?userGroupName=ucsandiego&inPS=true&prodId=GDSC&category=HolocaustStudies,https://ucsd.libguides.com/archivesunbound-holocauststudies,Gale Archives Unbound,"[""Primary Sources""]","[""European Studies"", ""Jewish Studies""]",[],[],[],2024-07-06 18:03:57,2026-05-14 17:47:14,False
77170237,Archives Unbound (International Relations),"This collection explores topics such as commercial and political relations between the U.S. and Japan, and the U.S. and China. European colonialism and U.S. relations with the Vatican and Holocaust are also covered in this resource.",,https://go.gale.com/ps/exploreCollections?userGroupName=ucsandiego&inPS=true&prodId=GDSC&category=InternationalRelations,https://ucsd.libguides.com/archivesunbound-international,Gale Archives Unbound,"[""Primary Sources""]","[""International Studies"", ""Political Science""]",[],[],[],2024-07-06 18:15:02,2026-05-14 17:47:37,False
77170260,Archives Unbound (Latin American and Caribbean Studies),"This collection incorporates documents about the Mexican Revolution, foreign relations between the U.S. and Latin America and the Caribbean States from 1930-1944, and documentation related to Emiliano Zapata.",,https://go.gale.com/ps/exploreCollections?userGroupName=ucsandiego&inPS=true&prodId=GDSC&category=LatinAmericanandCaribbeanStudies,https://ucsd.libguides.com/archivesunbound-latinamerican,Gale Archives Unbound,"[""Primary Sources""]","[""Latin American Studies""]",[],[],[],2024-07-06 18:25:42,2026-05-14 17:47:59,False
77170270,"Archives Unbound (Law, Politics, and Radical Studies)","Topics in this resource include: the federal surveillance of African Americans between 1920-1984, the papers of Amir Baraka, reports and correspondence of the U.S. Military Intelligence Division, 1918-1941 with respect to China, and documentation related to the Minutemen,1963-1969.",,https://go.gale.com/ps/exploreCollections?userGroupName=ucsandiego&inPS=true&prodId=GDSC&category=LawPoliticsandRadicalStudies,https://ucsd.libguides.com/archivesunbound-lawpolitics,Gale Archives Unbound,"[""Primary Sources""]","[""Law"", ""Political Science""]",[],[],[],2024-07-06 18:35:51,2026-05-14 17:49:05,False
77170282,Archives Unbound (Middle Eastern Studies),"The topic of this collection is the British Mandate in Palestine, Arab-Jewish Relations, and the U.S. Consulate at Jerusalem, 1920-1944. This collection consists of correspondence and telegrams received and sent by the American consular post in Jerusalem.",,https://go.gale.com/ps/exploreCollections?userGroupName=ucsandiego&inPS=true&prodId=GDSC&category=MiddleEasternStudies,https://ucsd.libguides.com/archivesunbound-middleeastern,Gale Archives Unbound,"[""Primary Sources""]","[""Jewish Studies"", ""Middle East Studies"", ""United States History""]",[],[],[],2024-07-06 18:46:01,2026-05-14 17:49:26,False
77170290,Archives Unbound (Native American Studies),"The topics in this collection include: The American Indian Movement and Native American Radicalism The Indian Trade in the Southeastern Spanish Borderlands: Papers of Panton, Leslie and Company",,https://go.gale.com/ps/exploreCollections?userGroupName=ucsandiego&inPS=true&prodId=GDSC&category=NativeAmericanStudies,https://ucsd.libguides.com/archivesunbound-nativeamerican,Gale Archives Unbound,"[""Primary Sources""]","[""Ethnic Studies"", ""United States History""]",[],[],[],2024-07-06 18:51:34,2026-05-14 17:50:03,False
77170326,Archives Unbound (Religious Studies),"This resource incorporates collections related to: Global Missions and Theology The Chinese Recorder and the Protestant Missionary Community in China,1867-1941 The Jewish Question: Records from the Berlin Document Center U.S. Relations with the Vatican and the Holocaust, 1940-1950",,https://go.gale.com/ps/exploreCollections?userGroupName=ucsandiego&inPS=true&prodId=GDSC&category=ReligiousStudies,https://ucsd.libguides.com/archivesunbound-religious,Gale Archives Unbound,"[""Primary Sources""]","[""Religion""]",[],[],[],2024-07-06 18:58:24,2026-05-14 17:50:22,False
35533270,Art and Architecture Archive,"A full-text archive of magazines comprising key research material in the fields of art and architecture, dating from the late-nineteenth century to the twenty-first. Subjects covered include fine art, decorative arts, architecture, interior design, industrial design, and photography. The magazines are scanned from cover-to-cover and presented as full-color page images.",,https://go.openathens.net/redirector/ucsd.edu?url=https%3A%2F%2Fsearch.proquest.com%2Fartarchitecture%3Faccountid%3D14524,https://ucsd.libguides.com/aaarchive,ProQuest,"[""Primary Sources""]","[""Visual Arts""]",[],[],[],2017-09-06 19:14:30,2025-06-06 20:07:09,False
77278208,Art Index Retrospective: 1929-1984,"An archive index chronicling over a half a century of art literature. Covering fine, decorative and commercial art, it indexes hundreds of publications, plus thousands of book reviews, interviews, anthologies and more.",,https://research.ebsco.com/c/xuxb7f/search/advanced/filters?db=air,https://ucsd.libguides.com/artindexretro,EBSCO,"[""Book & Film Reviews""]","[""Film & Video"", ""Literature"", ""Visual Arts""]",[],[],[],2024-07-15 21:51:59,2025-06-16 16:04:57,False
3168938,Art Source,"1927-present, citations to journal articles on art, architecture, photography, and related disciplines.",,https://research.ebsco.com/c/xuxb7f/search/advanced/filters?db=asu,https://ucsd.libguides.com/artarchsource,EBSCO,[],"[""Visual Arts""]","[{""name"": ""Visual Arts"", ""rank"": 1}]",[],"[""Art & Architecture Source""]",2012-10-01 20:16:13,2026-08-24 16:14:49,False
3168937,ARTBibliographies Modern (ABM),"1974-present. Abstracts of journal articles, books, essays, exhibition catalogs, PhD dissertations, and exhibition reviews on all forms of modern and contemporary art.",,https://go.openathens.net/redirector/ucsd.edu?url=https%3A%2F%2Fwww.proquest.com%2Fartbibliographies%2Fadvanced%2F%3Faccountid%3D14524,https://ucsd.libguides.com/abm,ProQuest,[],"[""Visual Arts""]","[{""name"": ""Visual Arts"", ""rank"": 1}]",[],[],2012-08-13 22:35:47,2025-11-03 19:47:57,False
77278633,Arte Público Hispanic Historical Collection,"An archive of publications focused exclusively on U.S. Hispanic history, literature and culture from colonial times until 1960. Series 1 and Series 2. Content is written, indexed and searchable in Spanish and English.",,"https://research.ebsco.com/c/xuxb7f/search/advanced/filters?db=h6a,h6b",https://ucsd.libguides.com/artepubser,EBSCO,[],"[""Ethnic Studies"", ""Latin American Studies"", ""Literature"", ""Political Science"", ""Religion"", ""United States History""]",[],[],[],2024-07-15 22:35:01,2026-05-14 17:56:51,False
68856912,ArtForum Archive,"The 100,000+ page archive includes six decades of premier news, reporting and commentary about key developments in the art world. Its coverage spans all forms of contemporary art, including painting, sculpture, installation, body art, video/audio art, performance art and more. The Artforum Archive contains features, reviews and interviews about artists, exhibitions and publications. It has notably published original art, photography and essays by major practitioners.",,https://go.openathens.net/redirector/ucsd.edu?url=https%3A%2F%2Fwww.proquest.com%2Fartforum%2Fadvanced%3Faccountid%3D14524,https://ucsd.libguides.com/artforum,ProQuest,[],"[""Visual Arts""]",[],[],[],2022-10-01 19:13:08,2025-06-06 20:13:44,False
5170019,Arts & Humanities Citation Index,"1975-present. Provides author, keyword, and cited reference searching from more than 1100 leading arts and humanities journals. In many cases includes searchable abstracts plus links to e-journal images. Part of the Web of Science.",,https://go.openathens.net/redirector/ucsd.edu?url=https%3A%2F%2Fwww.webofscience.com%2Fwos%2Fwoscc%2Fsearch-with-editions%3Feditions%3DWOS.AHCI,https://ucsd.libguides.com/ahcitations,Clarivate,[],"[""Classical Studies"", ""Communication"", ""Critical Gender Studies"", ""Ethnic Studies"", ""History"", ""Literature"", ""Music"", ""Philosophy"", ""Religion"", ""Theater & Dance"", ""Visual Arts""]",[],[],[],2014-09-24 19:42:31,2025-06-06 20:46:17,False
3168930,arXiv.org,"Database of 2.4+ million preprints in physics, mathematics, computer science, quantitative biology, quantitative finance, statistics, electrical engineering and systems science, and economics. These are not peer-reviewed, but you may find peer-reviewed versions that were subsequently published in journals and conference proceedings.",,https://arxiv.org/,,,[],"[""Astronomy & Astrophysics"", ""Cognitive Science"", ""Computer Science"", ""Mathematics & Statistics"", ""Physics""]","[{""name"": ""Astronomy & Astrophysics"", ""rank"": 1}, {""name"": ""Computer Science"", ""rank"": 1}, {""name"": ""Mathematics & Statistics"", ""rank"": 1}, {""name"": ""Physics"", ""rank"": 1}]",[],[],2012-03-27 13:13:13,2026-08-25 04:36:08,False
19326409,Asahi Shinbun Cross-Search,"Contains over 5.8 million articles in full text from Asahi Shinbun newspaper (1945-present), Aera weekly magazine (May 1988-present), and Shukan Asahi weekly magazine (April 2000-present; news section only). Click “Login” to access.",,https://go.openathens.net/redirector/ucsd.edu?url=https%3A%2F%2Fxsearch.asahi.com%2Fiplogin2%2F,https://ucsd.libguides.com/asahi,,"[""News & Newspapers""]","[""Japanese Studies""]","[{""name"": ""Japanese Studies"", ""rank"": 2}]",[],[],2016-02-05 01:16:51,2026-06-24 19:05:32,False
63986101,ASCE Library,"American Society of Civil Engineers (ASCE) issues publications of the following types in print and/or electronic forms: journals and practice periodicals; conference proceedings; standards; manuals and reports on engineering practice; committee technical reports; ASCE Press; engineer, owner, and construction-related contract documents; and special publications.",,https://go.openathens.net/redirector/ucsd.edu?url=https%3A%2F%2Fascelibrary.org%2F,https://ucsd.libguides.com/asce,,[],"[""Marine Sciences"", ""Structural Engineering"", ""Urban Studies & Planning""]","[{""name"": ""Structural Engineering"", ""rank"": 2}]",[],[],2021-10-23 00:53:43,2026-01-14 17:09:00,False
19280933,Asian American Drama,"Asian American Drama contains 186 plays by 35 playwrights, together with detailed, fielded information on related productions, theaters, production companies, and more.",,https://go.openathens.net/redirector/ucsd.edu?url=https%3A%2F%2Fsearch.alexanderstreet.com%2Ftheatre%2Fbrowse%2Ftitle%3Fff%255B0%255D%3Dunitaccess%253AAADR-V1,https://ucsd.libguides.com/asianamerdrama,Alexander Street Press,[],"[""Literature"", ""Theater & Dance""]",[],[],[],2016-02-03 18:54:53,2025-06-06 20:21:40,False
14774599,Asian Film Online,"Asian Film Online offers a view of Asian culture as seen through the lens of the independent Asian filmmaker. Through a selection of narrative feature films, documentaries and shorts curated by film scholars and critics, the collection offers highly relevant perspectives and insights onto themes relevant across Asia, including modernity, globalization, female agency, social and political unrest, and cultural and sexual identity",,https://go.openathens.net/redirector/ucsd.edu?url=http%3A%2F%2Fsearch.alexanderstreet.com%2Fasiv,https://ucsd.libguides.com/asianfilm,Alexander Street Press,"[""Streaming Media""]","[""Chinese Studies"", ""Japanese Studies"", ""Korean Studies""]",[],[],[],2015-08-06 21:25:02,2025-06-06 20:22:58,False
81176857,ASME Digital Collection,"Full-text access to the American Society of Mechanical Engineers (ASME) journals, conference proceedings, and selected ebooks. The ASME standards are located on another ASME site , but you can access them from here. On the standards site, click ""Click here to access via institutional account,"" then ""Click here to use guest access.""",,https://go.openathens.net/redirector/ucsd.edu?url=https%3A%2F%2Fasmedigitalcollection.asme.org%2F,https://ucsd.libguides.com/asme,,[],"[""Aerospace Engineering"", ""Mechanical Engineering""]",[],[],"[""ASME American Society of Mechanical Engineers""]",2025-06-10 16:04:55,2025-09-22 18:15:52,False
81176589,ASME Standards Collection,"Full-text access to the American Society of Mechanical Engineers (ASME) technical standards, including the Boiler Pressure Vessel Code. To access, click ""Click here to access via institutional account,"" then ""Click here to use guest access."" You can also create a personal account to get some additional features like annotations and bookmarks.",,https://go.openathens.net/redirector/ucsd.edu?url=https%3A%2F%2Fasmestandardscollection.org%2FLogin.aspx,https://ucsd.libguides.com/asmestandards,,[],"[""Aerospace Engineering"", ""Bioengineering"", ""Chemical Engineering"", ""Materials Science"", ""Mechanical Engineering"", ""NanoEngineering"", ""Structural Engineering""]",[],[],"[""ASME American Society for Mechanical Engineers""]",2025-06-10 15:51:23,2025-09-18 20:41:10,False
18808992,ASTM Compass,"Online access to all technical standards published by ASTM (formerly American Society for Testing and Materials). For journals, manuals, conference papers, and other publications, go to ASTM Digital Library .",,https://iam.astm.org/sso/saml2/0oaqh0snsxHbrjm9a4x7?fromURI=https://compass.astm.org,https://ucsd.libguides.com/astm,,[],"[""Aerospace Engineering"", ""Bioengineering"", ""Chemical Engineering"", ""Electrical Engineering"", ""Materials Science"", ""Mechanical Engineering"", ""NanoEngineering"", ""Structural Engineering""]",[],[],[],2016-01-14 20:53:17,2026-01-14 17:09:25,False
82190366,ASTM Digital Library,"Online access to all journals, manuals, and conference papers/special technical publications published by ASTM (formerly American Society for Testing and Materials). For the ASTM Standards, go to ASTM Compass.",,https://go.openathens.net/redirector/ucsd.edu?url=https%3A%2F%2Fdl.astm.org,https://ucsd.libguides.com/astm-dl,,[],"[""Aerospace Engineering"", ""Bioengineering"", ""Chemical Engineering"", ""Electrical Engineering"", ""Materials Science"", ""Mechanical Engineering"", ""NanoEngineering"", ""Structural Engineering""]",[],[],[],2025-09-05 19:10:38,2026-06-02 20:40:06,False
3168928,Astrophysics Data System,"Database of more than 28 million records for publications in astronomy and astrophysics (including heliophysics and planetary science), physics, Earth science, and general science, including all arXiv e-prints. Indexes journal articles & conference papers in astronomy & astrophysics. You can filter the results by collection, refereed vs non-refereed, authors (including big groups), and more.",,https://ui.adsabs.harvard.edu/,https://ucsd.libguides.com/ads,,[],"[""Astronomy & Astrophysics"", ""Physics""]","[{""name"": ""Astronomy & Astrophysics"", ""rank"": 1}, {""name"": ""Physics"", ""rank"": 1}]",[],"[""ADS""]",2012-03-25 10:02:05,2025-08-18 15:21:35,False
3169097,Atla Religion Database & AtlaSerials,"The premier index of articles, reviews, and essays in all fields of religion and theology, and offers significant breadth and depth of subject areas and languages covered. Content is selected for inclusion according to their scholarly merit and scope. Coverage 1949-present.",,"https://research.ebsco.com/c/xuxb7f/search/advanced/filters?db=reh,a6h",https://ucsd.libguides.com/atla,EBSCO,"[""Book & Film Reviews"", ""Multidisciplinary""]","[""Archaeology"", ""Philosophy"", ""Religion""]","[{""name"": ""Religion"", ""rank"": 1}]",[],[],2014-06-23 22:55:01,2026-05-14 18:02:00,False
19282159,Audio Drama: The L.A. Theatre Works Collection,Important dramatic works in streaming audio from the curated archive of the nation's premiere radio theatre company.,,https://go.openathens.net/redirector/ucsd.edu?url=https%3A%2F%2Fsearch.alexanderstreet.com%2Fradr,https://ucsd.libguides.com/audiodrama,Alexander Street Press,"[""Streaming Media""]","[""Theater & Dance""]",[],[],[],2016-02-03 19:30:48,2025-06-06 20:27:33,False
5171377,Avery Index to Architectural Periodicals,"1934-present, with selective coverage back to 1741. Lists journal articles in architecture, and related fields such as archaeology, urban planning, historic preservation, interior design",,https://go.openathens.net/redirector/ucsd.edu?url=https%3A%2F%2Fwww.proquest.com%2Favery%2Fadvanced%2F%3Faccountid%3D14524,https://ucsd.libguides.com/avery,ProQuest,[],"[""Urban Studies & Planning"", ""Visual Arts""]",[],[],[],2014-09-24 20:58:05,2025-06-06 20:28:38,False
78843570,BabelScores,A collection of contemporary music scores presented in a virtual booklet format allowing you to read music while you listen.,,https://go.openathens.net/redirector/ucsd.edu?url=http%3A%2F%2Fwww.babelscores.com%2F,https://ucsd.libguides.com/babelscores,,"[""Streaming Media""]","[""Music""]",[],[],"[""Babel Scores""]",2024-11-06 18:27:35,2025-07-01 03:44:21,False
81779509,Barron's (1921-2010),"Access to the Barron's historical content, 1921 to 2010. For current coverage, select Barron's (via Factiva).",,https://go.openathens.net/redirector/ucsd.edu?url=https%3A%2F%2Fwww.proquest.com%2Fhnpbarrons%2Fpublicationbrowse%2Fnews%2Ffalse%3Faccountid%3D14524,https://ucsd.libguides.com/barronspq,ProQuest,[],[],[],[],"[""Barrons""]",2025-08-04 20:01:48,2025-08-11 15:23:04,False
81779299,Barron's (via Factiva),"Barron’s is a long-standing business news publication focused on financial markets and investing. Content is international in scope, filtered through a ""Wall Street"" lens. This link searches all current Barron’s content via our Factiva platform, covering the print editions (1987-present) plus the Barron’s Online content (coverage starts 2008), blogs and podcasts (coverage starts 2022). Barron’s Archive is available on the ProQuest platform (1921-2010), and the weekly print edition is available in Geisel Library’s Current Journals area, call number HG1 B3.",,https://go.openathens.net/redirector/ucsd.edu?url=https%3A%2F%2Fglobal.factiva.com%2Fen%2Fdu%2Fheadlines.asp%3Fnapc%3DS%26searchText%3D%26dateRangeMenu%3Ddate%2Bafter%2B-91%26sortBy%3Dy%26currentSources%3DU%257csfbar%26currentSourcesDesc%3Dsc_u_sfbar%252cBarron%2527s%2B-%2BAll%2Bsources%26FIIList%3D%257e%21ns%253dNABST%26FIIListName%3Dns_NABST%252cAbstracts%26searchLanguage%3Dcustom%26searchLang%3DEN%26dedupe%3D0%26srchuiver%3D2%26XSID%3DS003Wvf3cVoZXVyMTZyMTYoNTEqOD2pNHmm5FfH4dQmYtfhWb7NQUFBQUFBQUFBQUFBQUFBQUFBQUFBQUFBQUFBQUFBQUFB,https://ucsd.libguides.com/barronsfactiva,,[],[],[],[],[],2025-08-04 19:57:45,2025-08-11 15:23:20,False
69501830,BASE,"Bielefeld Academic Search Engine, operated by Bielefeld University Library, is one of the world's most voluminous search engines especially for academic web resources. BASE provides more than 150 million items from more than 7,000 sources. About 60% of the indexed documents are OA.",,https://www.base-search.net/,https://ucsd.libguides.com/base,,"[""Multidisciplinary""]",[],[],[],"[""Bielefeld Academic Search Engine""]",2022-11-16 16:28:05,2025-05-30 18:11:50,False
74780561,Bates Visual Guide to Physical Examination,"Bates’ Visual Guide delivers head-to-toe and systems-based physical examination techniques featuring over 8 hours of video content. Videos cover Physical Examination, Communication & Interpersonal Skills, and OSCE Clinical Skills. **Click “Library” button to access resource anonymously, or click “Log in” if you already have credentials to this resource and want to save information on the platform. If you don't already have login credentials for the platform and want to save information, click “Create account.”",,https://go.openathens.net/redirector/ucsd.edu?url=https%3A%2F%2Fclinicalcontext.lww.com%2F,https://ucsd.libguides.com/batesvisualguide,Wolters Kluwer,"[""Images"", ""Streaming Media""]","[""Medicine""]",[],[],[],2023-12-15 18:50:25,2025-06-06 20:32:16,False
19289398,Ben Jonson Online (Cambridge University Press),"Presents Jonson’s complete writings for readers of the twenty-first century, in the light of current editorial thinking and recent scholarly interpretation and discovery. It offers a clear sense, afforded by no other previous edition, of the shape, scale, and variety of the entire Jonsonian canon. At the same time, it is the first edition to use digital technology to give a dynamic insight into Jonson’s processes of composition and to reveal the editorial choices which underpin the modernized text.",,https://go.openathens.net/redirector/ucsd.edu?url=http%3A%2F%2Funiversitypublishingonline.org%2Fcambridge%2Fbenjonson%2F,https://ucsd.libguides.com/benjohnson,Cambridge University Press,[],"[""Theater & Dance""]",[],[],[],2016-02-03 22:06:20,2025-06-28 03:13:15,False
33026867,Berg Fashion Library,"Includes 13,000 images, the Berg Encyclopedia of World Dress and Fashion, free lesson plans, eBooks, reference works, an interactive timeline, a new exhibition archive, and more. Provides integrated text and image content on world dress and fashion throughout history. Browsable by time period and by place. (Our subscription does not include the Fairchild Books Library.)",,https://go.openathens.net/redirector/ucsd.edu?url=https%3A%2F%2Fwww.bloomsburyfashioncentral.com%2Fberg-fashion-library,https://ucsd.libguides.com/berg,Bloomsbury,"[""E-Books"", ""Images""]","[""Anthropology"", ""Critical Gender Studies"", ""Ethnic Studies"", ""Theater & Dance""]",[],[],"[""Bloomsbury Fashion Central""]",2017-06-15 21:54:49,2026-04-27 18:36:46,False
3169089,Bibliography of Asian Studies,"An index to western-language books, book chapters, and articles on all parts of Asia. Includes over 900,000 citations, dating primarily from 1971 onwards, with more than 400,000 citations since 1992.",,https://research.ebsco.com/c/xuxb7f/search/advanced/filters?db=bas,https://ucsd.libguides.com/bibasianstudies,EBSCO,[],"[""Anthropology"", ""Chinese Studies"", ""Japanese Studies"", ""Religion""]","[{""name"": ""Japanese Studies"", ""rank"": 1}]",[],[],2014-06-23 21:40:38,2025-06-16 16:09:06,False
3169058,Bibliography of Indigenous Peoples in North America,"Database indexing journal articles, books and other publications, covering all aspects of native North American culture and history. Includes materials published from 1500s to present.",,https://research.ebsco.com/c/xuxb7f/search/advanced/filters?db=fph,https://ucsd.libguides.com/bibindigpeoples,EBSCO,[],"[""Anthropology"", ""Archaeology"", ""United States History""]",[],[],[],2014-06-22 09:09:00,2025-06-16 16:09:59,False
46258126,BioCyc Database Collection,"Collection of 14,500+ pathway/genome databases for thousands of organisms, plus a suite of software tools for analysis and visualization. Searchable by genes, proteins, enzymes, reactions, metabolic pathways, etc. E. coli is the default organism search (EcoCyc), but you can easily switch over to one of the other databases.",,https://proxy.openathens.net/login?qurl=https%3A%2F%2Fbiocyc.org,https://ucsd.libguides.com/biocyc,,[],"[""Biochemistry"", ""Biological Sciences""]",[],[],"[""EcoCyc"", "" MetaCyc"", "" HumanCyc""]",2019-01-07 19:52:35,2026-04-22 15:38:12,False
4645477,Biography Reference Bank,"Includes in-depth, original profiles, thorough periodicals coverage, full-text articles, page images, and abstracts (including biographical profiles, feature articles, interviews, essays, book reviews, performance reviews, speeches, or obituaries).",,https://research.ebsco.com/c/xuxb7f/search/advanced/filters?db=brb,https://ucsd.libguides.com/biorefbank,EBSCO,"[""Book & Film Reviews""]","[""History of Science""]",[],[],[],2014-08-25 01:16:32,2025-06-16 16:11:23,False
3169117,BIOSIS Citation Index,"BIOSIS coverage is from 1926 to present and includes around 6,000 journals, conference proceedings, books, & technical reports in all aspects of biological sciences. The BIOSIS Citation Index database is an excellent database for all biological information, including marine biology, biological oceanography, marine ecology, developmental biology, and molecular biology. The platform also includes a version called BIOSIS Previews which lacks some cited-reference search abilities.",,https://go.openathens.net/redirector/ucsd.edu?url=https%3A%2F%2Fwww.webofscience.com%2Fwos%2Fbci%2Fbasic-search,https://ucsd.libguides.com/biosis,Clarivate,[],"[""Biochemistry"", ""Bioengineering"", ""Biological Sciences"", ""Climate & Atmospheric Sciences"", ""Geology & Geosciences"", ""Marine Sciences"", ""Medicine"", ""Neurosciences"", ""Oceanography"", ""Pharmacy & Pharmacology""]","[{""name"": ""Biological Sciences"", ""rank"": 1}, {""name"": ""Marine Sciences"", ""rank"": 4}]",[],"[""BIOSIS Previews""]",2014-06-24 03:15:24,2025-09-19 01:33:59,False
61725373,"Black Drama, third edition","Contains the full text of more than 1,700 plays written from the mid-1800s to the present by more than 200 playwrights from North America, English-speaking Africa, the Caribbean, and other African diaspora countries. Many of the works are rare, hard to find, or out of print. More than 40 percent of the collection consists of previously unpublished plays.",,https://go.openathens.net/redirector/ucsd.edu?url=https%3A%2F%2Fsearch.alexanderstreet.com%2Fbld3,https://ucsd.libguides.com/blackdrama,Alexander Street Press,"[""Primary Sources""]","[""African American Studies"", ""Literature"", ""Theater & Dance""]",[],[],[],2021-06-01 22:46:07,2025-06-06 20:47:33,False
19289553,Black Short Fiction and Folklore,"Black Short Fiction and Folklore brings together 82,000 pages and more than 11,000 works of short fiction produced by writers from Africa and the African Diaspora from the earliest times to the present. The materials have been compiled from early literary magazines, archives, and the personal collections of the authors. Some 30 percent of the collection is fugitive or ephemeral, or has never been published before. The North American coverage extends from William Wells Brown (1814-1884) up to some current authors such as Wanda Coleman and Walter Moseley.",,https://go.openathens.net/redirector/ucsd.edu?url=https%3A%2F%2Fwww.proquest.com%2Flitcollectionblfi%3Faccountid%3D14524,https://ucsd.libguides.com/blackfolklore,ProQuest,[],"[""African American Studies"", ""African Studies"", ""Literature""]",[],[],[],2016-02-03 22:11:04,2025-06-06 20:50:13,False
19289618,Black Studies Center,"Includes fulltext journals and indexing from the International Index of Black Periodicals, newspapers such as the Chicago Defender and NY Amsterdam News, Black Literature Index, and essays from the Schomburg Studies on the Black Experience",,https://go.openathens.net/redirector/ucsd.edu?url=https%3A%2F%2Fwww.proquest.com%2Fbsc%2Fadvanced%3Faccountid%3D14524,https://ucsd.libguides.com/blackstudies,ProQuest,[],"[""African American Studies"", ""United States History""]",[],[],[],2016-02-03 22:12:22,2025-06-06 20:51:10,False
3169060,Black Studies Periodicals Database,"Citations and abstracts from over 150 scholarly and popular journals, newspapers and newsletters from the United States, Africa and the Caribbean (as far back as 1902)--and full-text coverage of over 40 core Black Studies periodicals (1998 forward). Formerly the International Index to Black Periodicals (IIBP).",,https://go.openathens.net/redirector/ucsd.edu?url=https%3A%2F%2Fwww.proquest.com%2Fbpd%2Fadvanced%3Faccountid%3D14524,https://ucsd.libguides.com/blackstudiesperiodicals,ProQuest,[],"[""African American Studies"", ""Sociology"", ""United States History""]",[],[],"[""IIBP International Index to Black Periodicals""]",2014-06-22 09:09:00,2026-05-14 18:06:52,False
19289780,Book Review Digest Plus,"1903-present. This database contains book reviews for current fiction and non-fiction from 5,000+ indexed journals, with full-text reviews 1,400+ periodicals and over 2 million review citations. Updated weekly online with more than 118,000 reviews added each year.",,"https://research.ebsco.com/c/xuxb7f/search/advanced/filters?db=brd,brr",https://ucsd.libguides.com/bookreviewdigplus,EBSCO,"[""Book & Film Reviews""]","[""Classical Studies"", ""European Studies"", ""Literature"", ""Philosophy"", ""Theater & Dance"", ""United States History""]","[{""name"": ""Literature"", ""rank"": 1}]",[],"[""Book Review Digest Retrospective""]",2016-02-03 22:18:34,2026-03-20 22:03:31,False
35543026,Border and Migration Studies Online,"A collection that explores and provides historical background on more than thirty key worldwide border areas, including: U.S. and Mexico; the European Union; Afghanistan; Israel; Turkey; The Congo; Argentina; China; Thailand; and others. Featuring at completion 100,000 pages of text, 175 hours of video, and 1,000 images, the collection is organized around fundamental themes associated with border and migration issues.",,https://go.openathens.net/redirector/ucsd.edu?url=http%3A%2F%2Fsearch.alexanderstreet.com%2Fbord,https://ucsd.libguides.com/bordermigration,Alexander Street Press,"[""Primary Sources""]","[""Ethnic Studies"", ""History""]",[],[],[],2017-09-06 23:16:31,2025-06-16 17:06:30,False
71856775,Brill's New Pauly,"The encyclopaedic coverage and high academic standard of the work, the interdisciplinary and contemporary approach and clear and accessible presentation have made the New Pauly the unrivalled modern reference work for the ancient world",,https://go.openathens.net/redirector/ucsd.edu?url=https%3A%2F%2Freferenceworks.brill.com%2Fdisplay%2Fdb%2Fnpoe,https://ucsd.libguides.com/newpauly,Brill,[],"[""Classical Studies"", ""History""]",[],[],"[""New Pauly online : encyclopaedia of the ancient world""]",2023-05-15 21:41:06,2025-07-01 16:29:49,False
42722552,BrowZine,"Current awareness service to help you keep track of new research in your field, accessible through the BrowZine website or iOS/Android app.. Create a customized list of up to 64 scholarly journals from among hundreds of publishers to monitor for newly published articles. Articles can be added to your library, read, and organized into lists, but VPN required if off-campus to save/read articles . More information about BrowZine.",,https://www.browzine.com,,,"[""Multidisciplinary""]",[],[],[],[],2018-06-25 21:34:35,2026-01-26 22:35:27,False
78672148,Business Journals,"Metropolitan business news coverage across 44 U.S. geographies, including Los Angeles, Silicon Valley, Sacramento, and San Francisco. Typical contents include articles on businesses and regional economies, events, and the annual Book of Lists publications culled from weekly compilations of top organizations within a metro area. This resource is great for studying competitors/partners or job-seeking. Quick links:","San Francisco Book of Lists Silicon Valley Books of Lists Note: Southern CA business news for San Diego, Orange County and additional Los Angeles regional titles are covered on other platforms. See this guide for those direct links.",https://go.openathens.net/redirector/ucsd.edu?url=https%3A%2F%2Fwww.bizjournals.com%2Flibrary%2F0010AF5K3CWZE6ESA0,https://ucsd.libguides.com/bizjournals,American City Business Journals,"[""News & Newspapers""]","[""Business"", ""Economics"", ""Market Research"", ""Urban Studies & Planning""]","[{""name"": ""Business"", ""rank"": 3}, {""name"": ""Market Research"", ""rank"": 3}]",[],"[""Bizjournals""]",2024-10-23 18:53:39,2026-04-27 18:40:33,False
49246111,Business News Americas,"Registration with UCSD email address required. VPN required for off-campus access. Industry and company news and reports covering technology, telecom, electric power, oil and gas, mining, infrastructure, banking, insurance, water, and privatization sectors across Latin America. To request access: send an email to bnamericashelp@ucsd.edu from your UC San Diego account. Include your name, affiliation (department, program, etc), and status (undergrad, grad student, staff, faculty, post-doc or visiting scholar).",,https://app.bnamericas.com,https://ucsd.libguides.com/bnamericas,,[],"[""Business"", ""Latin American Studies"", ""Market Research""]",[],"[""VPN Required Off Campus"", ""Registration Required""]","[""BNamericas""]",2019-07-25 22:00:53,2026-05-14 18:09:05,False
19289862,Business Rankings International,Electronic version of print edition. Searchable database via Gale Business Insights. Presents lists and rankings which appear in major business publications.,,http://bi.galegroup.com/global/publication/4OSO?u=ucsandiego,,Gale/Cengage Learning,[],"[""Business""]",[],[],[],2016-02-03 22:20:52,2024-03-15 16:10:16,False
3169041,Business Source Complete,"Dates of coverage vary, some journals back to early 20th century. Abstracts and full text in virtually all subject areas related to Business, Management and Finance. Journal and magazine articles; also books, industry reports, company profiles, SWOT analysis, much more",,https://research.ebsco.com/c/4amexu,https://ucsd.libguides.com/businesssource,EBSCO,"[""Book & Film Reviews"", ""E-Books"", ""News & Newspapers""]","[""Accounting & Taxation"", ""Business"", ""Economics"", ""Market Research""]","[{""name"": ""Business"", ""rank"": 1}]",[],[],2014-06-21 04:28:52,2026-08-25 03:20:57,False
19289891,C19: The Nineteenth Century Index,"A crucial bibliographical megasite for information about books, periodicals, newspapers, and archives from the 19th Century, particularly from Britain and North America.",,https://go.openathens.net/redirector/ucsd.edu?url=https%3A%2F%2Fwww.proquest.com%2Fc19index%2Fadvanced%3Faccountid%3D14524,https://ucsd.libguides.com/c19,ProQuest,[],"[""European Studies"", ""History"", ""Literature"", ""United States History""]",[],[],[],2016-02-03 22:22:16,2025-06-06 20:59:18,False
64740270,Caixin Global,"Provides the latest China news headlines on politics, economy, business and finance with insight and in-depth analysis.",,https://go.openathens.net/redirector/ucsd.edu?url=https%3A%2F%2Fwww.caixinglobal.com%2F,https://ucsd.libguides.com/caixin,,"[""News & Newspapers""]","[""Chinese Studies""]",[],[],[],2021-12-14 17:17:36,2025-06-06 21:01:51,False
3169070,"CAJ, China Academic Journals by CNKI 中国期刊全文数据库","Provides access to articles from a large number of Chinese journals from 1994 on Subscription includes 4 series: (F)Literature, History, and Philosophy, (G)Politics, Military Affairs, and Law, (H) Education, and the Social Sciences, and (J) Economics and Management",,https://go.openathens.net/redirector/ucsd.edu?url=https%3A%2F%2Foversea.cnki.net%2Findex%2F,https://ucsd.libguides.com/caj,CNKI,[],"[""Chinese Studies""]","[{""name"": ""Chinese Studies"", ""rank"": 1}]",[],[],2014-06-23 21:26:30,2025-10-01 00:39:54,False
19290033,Cambridge Companions to Literature and Classics,"Thousands of essays on major authors, periods, and genres.",,https://go.openathens.net/redirector/ucsd.edu?url=https%3A%2F%2Fwww.cambridge.org%2Fcore%2Fpublications%2Fcollections%2Fcambridge-companions%2Fthe-cambridge-companions-to-literature-and-classics,https://ucsd.libguides.com/cambridgelitclassics,Cambridge University Press,"[""E-Books""]","[""Classical Studies"", ""Literature""]",[],[],[],2016-02-03 22:28:01,2025-06-06 21:05:46,False
79956779,Cambridge Companions to Music,"Provides clear and accessible information on composers, instruments, and musical topics.",,https://go.openathens.net/redirector/ucsd.edu?url=https%3A%2F%2Fwww.cambridge.org%2Fcore%2Fpublications%2Fcollections%2Fcambridge-companions%2Fthe-cambridge-companions-to-music,https://ucsd.libguides.com/cambridgemusic,Cambridge University Press,"[""E-Books""]","[""Music""]",[],[],[],2025-02-24 19:11:23,2025-06-16 17:11:06,False
79957168,"Cambridge Companions to Philosophy, Religion and Culture",Collections of essays on specific people and on various philosophical movements.,,https://go.openathens.net/redirector/ucsd.edu?url=https%3A%2F%2Fwww.cambridge.org%2Fcore%2Fpublications%2Fcollections%2Fcambridge-companions%2Fthe-cambridge-companions-to-philosophy-religion-and-culture,https://ucsd.libguides.com/cambridgephil,Cambridge University Press,"[""E-Books""]","[""Philosophy"", ""Religion""]",[],[],[],2025-02-24 19:18:44,2026-04-22 15:49:55,False
18933923,Cambridge Structural Database,"Bibliographic, chemical and crystallographic information for small-molecule organic and organometallic compounds whose 3D structures have been determined by x-ray or neutron diffraction (900,000+ crystal structures). This link goes to Access Structures, the free, basic, interface to search CSD and Inorganic Crystal Structure Database. the free web version, WebCSD. The full Cambridge Structural Database System, which includes ConQuest, Mercury, Gold, and the other programs, can be downloaded from the CSDS downloads site . Our customer number and activation key are required, which you can access from the UC CSDS download site (select UCSD from the list).",,https://www.ccdc.cam.ac.uk/structures/,https://ucsd.libguides.com/csd,,"[""Chemical & Physical Properties""]","[""Biochemistry"", ""Biological Sciences"", ""Chemistry"", ""Materials Science"", ""NanoEngineering""]",[],[],"[""CSD CSDS Access Structures WebCSD""]",2016-01-20 18:51:59,2025-06-30 16:42:26,False
19335951,Caribbean Literature,"Caribbean Literature is a searchable collection of poetry and fiction produced in the region during the 19th and 20th centuries. Among the titles selected are numerous rare and hard-to-find works written in English, French, Spanish, Dutch, and various Creole languages. Future releases will also feature journals, reference works, and interviews with key writers. New content is uploaded on a biweekly basis, giving users immediate access to a steadily growing treasury of classic, rare, and contemporary literature. The database currently has over 7,000 pages",,https://go.openathens.net/redirector/ucsd.edu?url=https%3A%2F%2Fwww.proquest.com%2Flitcollectioncali%2Fadvanced%3Faccountid%3D14524,https://ucsd.libguides.com/caribbeanlit,ProQuest,[],"[""Latin American Studies"", ""Literature""]",[],[],[],2016-02-05 17:01:52,2025-06-06 21:09:38,False
79355435,CathayPlay,"This streaming platform of over 800 films showcases the diversity and richness of Chinese independent cinema. The collection includes films in Mandarin, Cantonese and regional dialects, and spans diverse genres such as drama, documentary, experimental, animation, and ethnographic studies. VPN required for off-campus access.",,https://library.cathayplay.com,https://ucsd.libguides.com/cathayplay,CathayPlay,"[""Streaming Media""]","[""Chinese Studies""]",[],"[""VPN Required Off Campus""]",[],2025-01-03 22:01:33,2026-01-26 22:36:14,False
59210838,CCH AnswerConnect,"Contains accounting standards and tax literature, including FASB and AICPA interpretations and other standards literature. See the detailed contents list , which includes links to the vendor's training materials, the Standard Federal Tax Reporter, and the U.S. Master Tax Guide. Formerly called CCH IntelliConnect. VPN required for off-campus access. Registration with a UCSD email address required for full access. Click on “Subscribers: Log in here.”",,https://answerconnect.cch.com/app/acr/home/federal,https://ucsd.libguides.com/answerconnect,Wolters Kluwer,[],"[""Accounting & Taxation"", ""Business"", ""Law""]","[{""name"": ""Accounting & Taxation"", ""rank"": 1}]","[""VPN Required Off Campus"", ""Registration Required""]","[""Accounting Research Manager""]",2021-01-02 23:23:27,2026-01-26 22:40:26,False
27898486,CEIC Data,"CEIC Data contains economic, industrial and financial time-series data. Access limited to 5 simultaneous users. Try again later if refused. Four databases are included in this package: • China Premium Databases The China Premium Database offers over 415,000 time-series records on macroeconomic, sector, industry and regional data dating back to 1949. The China Premium Database is available in both English and Chinese. • Brazil Premium Databases The Brazil Premium Database covers 13 macroeconomic and 13 industry growth sectors with unmatched coverage of the energy, biofuel, and automobile sectors. Regional data are also available for Brazil's 5 regions, all 27 states, and 6000 municipalities. • Global Database CEIC Data’s Global Database provides access to granular macroeconomic data covering both developed and emerging markets covering over 200 economies and is ideal for business students, professors and lecturers for macroeconomic research projects and course assignments. • Daily Database",,https://go.openathens.net/redirector/ucsd.edu?url=https%3A%2F%2Finsights.ceicdata.com,https://ucsd.libguides.com/ceic,,"[""Datasets & Statistics""]","[""Accounting & Taxation"", ""Business"", ""Chinese Studies"", ""Economics"", ""International Studies"", ""Latin American Studies"", ""Market Research""]","[{""name"": ""Chinese Studies"", ""rank"": 2}]",[],[],2017-01-04 20:14:39,2025-07-01 03:14:33,False
3168950,Census Data,A platform to access demographic and economic data from the U.S. Census Bureau.,Statistics collected by the Census Department: American Community Survey American Housing Survey Annual Surveys of Governments Census of Governments Annual Economic Surveys Decennial Census Economic Census Equal Employment Opportunity (EEO) Tabulation Population Estimates Program Puerto Rico Community Survey,https://data.census.gov/,https://ucsd.libguides.com/censusdata,,[],"[""Business"", ""Economics"", ""Government Information"", ""Political Science"", ""Sociology"", ""United States History"", ""Urban Studies & Planning""]",[],[],"[""data.census.gov""]",2013-07-03 03:31:53,2025-10-15 17:09:54,False
73489398,"Central Asia, Persia and Afghanistan, 1834-1922. From Silk Road to Soviet Rule","This collection of Foreign Office files explores the history of Persia (Iran), Central Asia and Afghanistan from the decline of the Silk Road in the first half of the nineteenth century to the establishment of Soviet rule over parts of the region in the early 1920s.",,https://go.openathens.net/redirector/ucsd.edu?url=https%3A%2F%2Fwww.archivesdirect.amdigital.co.uk%2FCentralAsia,https://ucsd.libguides.com/centralasia,Adam Matthew Digital,"[""Primary Sources""]","[""European Studies"", ""History"", ""International Studies"", ""Middle East Studies""]",[],[],[],2023-09-14 21:47:15,2025-06-06 21:15:39,False
52373403,Central Daily News,Central Daily Newspaper 中央日报 is the nationalist government's newspaper from 1928-2006. It ceased publication in 2006. The database covers the complete run from 1928-2006.,,https://tnsw.infolinker.com.tw/search,https://ucsd.libguides.com/centraldaily,,"[""News & Newspapers""]","[""Chinese Studies""]",[],[],[],2020-02-15 00:15:18,2026-09-09 18:39:58,False
18934217,CHEMnetBASE,"Gateway to several major chemical databases for physical property data, structures, and chemical names/synonyms. Includes the CRC Handbook of Chemistry & Physics, the Combined Chemical Dictionary (organic, inorganic, organometallic, natural products, drugs), Properties of Organic Compounds, and Polymers: a Property Database.",,https://go.openathens.net/redirector/ucsd.edu?url=http%3A%2F%2Fwww.chemnetbase.com%2F,https://ucsd.libguides.com/chemnetbase,CRC,"[""Chemical & Physical Properties"", ""E-Books""]","[""Biochemistry"", ""Chemical Engineering"", ""Chemistry"", ""Marine Sciences""]",[],[],[],2016-01-20 19:00:09,2026-01-26 17:04:36,False
76949209,Children's Literature and Culture,"Explore a stunning collection of rare books, games, ephemera, and artwork from the nineteenth and early twentieth centuries that reveals the socio-cultural history of these times. Showcasing innovative new publishing methods characteristic of the golden age of children’s literature, from mass-produced chapbooks to richly illustrated ‘book-beautifuls’, this resource examines the way in which new concepts were introduced to young readers, encouraging an engagement with the imagination which went on to fundamentally shape established notions of childhood.",,https://go.openathens.net/redirector/ucsd.edu?url=https%3A%2F%2Fwww.childrensliterature.amdigital.co.uk%2F,https://ucsd.libguides.com/childrenslit,Adam Matthew Digital,"[""Primary Sources""]","[""Literature""]",[],[],[],2024-06-14 22:27:22,2025-06-06 21:23:33,False
77687549,"China and the Modern World: Missionary, Sinology, and Literary Periodicals, 1817-1949",This primary source collection provides first-hand accounts of the cultural interactions and conflicts that gave rise to modern China.,,https://go.gale.com/ps/start.do?p=CFER&u=ucsandiego,https://ucsd.libguides.com/chinamodern,Gale/Cengage Learning,"[""Primary Sources""]","[""Chinese Studies""]",[],[],[],2024-08-14 19:21:07,2024-12-20 00:51:17,False
4738423,China Data Online 中国数据在线,"Includes monthly and yearly reports on China's macroeconomic development, statistical databases about China's population and economy at the county and city level, and financial indicators industrial branches; also includes statistical yearbooks.",,https://go.openathens.net/redirector/ucsd.edu?url=https%3A%2F%2Fwww.china-data-online.com%2F,https://ucsd.libguides.com/chinadata,,[],"[""Business"", ""Chinese Studies"", ""Economics""]",[],[],[],2014-08-28 20:05:17,2025-06-06 21:27:19,False
27038502,China Digital Library. Newspaper / 中华数字书苑. 数字报纸,Includes 26 newspapers published in mainland China. VPN required for off-campus access.,《人民日报》（始于 2009/9/1) 《光明日报》（始于 2013/8/23) 《环球时报》（始于 1993/1/3） 《文汇 报》（始于 2012/9/17） 《解放军报》（始于 2009/6/1） 《中国文化报》（始于 2008/8/4） 《中国经济时报》（始 于 2012/8/1） 《检察日报》（始于 2008/8/19） 《人 民法院报》（始于 2009/12/27） 《新华每日电讯》（始于 2010/11/20） 《南方都市报》（始于 2007/8/10） 《中国青年报》（始于 2012/9/1） 《北京日报》（始 于 2005/1/1） 《福建日报》（始于 2008/1/1） 《科技日报》（始于 2008/7/11） 《上海证券报》（始于 2012/5/2） 《中国知识产权报》（始于 2010/4/9） 《中国医药报》（始于 2007/11/20） 《中国体育报》（始于 2007/5/28） 《中国教育报》（始于 2008/12/1） 《中 国妇女报》（始于 2008/1/1） 《新民晚报》（始于 2007/3/7） 《经济参考报》（始于2008/1/2） 《羊城晚报》（始于 2007/8/27） 《重庆日报》（始于 2007/12/27） 《南方周末》（始于 1984/2/11),http://www.apabi.com/uc/?pid=foreign.paper&dt=Newspaper&db=newspaper&dc=1&hdc=1&hc=1&hpg=top&cult=CN,https://ucsd.libguides.com/chinadigital,,"[""News & Newspapers""]","[""Chinese Studies""]",[],"[""VPN Required Off Campus""]",[],2016-11-23 19:06:57,2026-05-14 18:48:23,False
41611171,China Geo-Explorer,"China Geo-Explorer (CGE) fully integrates different data sources from government statistics, population census and economics census of China at different levels (province, city, county, township and ZIP code) into a spatial system with more than 6,000 comparable variables for easy access.",,https://go.openathens.net/redirector/ucsd.edu?url=http%3A%2F%2Fchinageoexplorer.com%2F,https://ucsd.libguides.com/chinageo,,"[""GIS""]","[""Chinese Studies"", ""GIS""]","[{""name"": ""GIS"", ""rank"": 3}]",[],[],2018-04-25 03:58:18,2026-05-14 19:02:43,False
56657556,China Law Translate,"The website provides English-language sources for news and analysis on Chinese law, and English translations of Chinese laws and regulations.",,https://www.chinalawtranslate.com/,,,"[""News & Newspapers""]","[""Chinese Studies"", ""Law""]",[],[],[],2020-08-18 15:56:27,2026-02-25 20:38:51,False
5651757,China Local Gazetteers Database 中国新方志库 by Wanfang Data,"Contains over 25,900 volumes of Chinese gazetteers, covering 31 provinces and autonomous regions. Provides detailed geographic and historical records of provinces, prefectures, cities, and smaller district administration units. Coverage since 1949.",,https://go.openathens.net/redirector/ucsd.edu?url=http%3A%2F%2Ffz.wanfangdata.com.cn%2Findex.do,https://ucsd.libguides.com/chinagazetteers,,[],"[""Chinese Studies""]",[],[],[],2014-10-16 21:56:58,2025-06-06 21:33:22,False
83377737,"China Monographic Serials Full-text Database (CMSD) Series F, G, H and J","CMSD (China Monographic Serials Database) is a part of CNKI (China National Knowledge Infrastructure), offering a collection of peer-reviewed, in-depth research published as individual books or serials (not regular journals) on various Chinese academic topics.",,https://go.openathens.net/redirector/ucsd.edu?url=https%3A%2F%2Fchn.oversea.cnki.net%2Fkns%3Fdbcode%3DCCJD,https://ucsd.libguides.com/cmsd,CNKI,[],"[""Chinese Studies""]",[],[],"[""CMSD""]",2025-12-19 16:24:21,2026-05-14 18:51:37,False
85376818,China on Film: Twentieth Century Sources from the British Film Institute,British Film Institute collection of films featuring China from 1900 to 1997. The majority were filmed by Western travelers or residents and therefore present a unique perspective on China during this time.,,https://go.openathens.net/redirector/ucsd.edu?url=https%3A%2F%2Fwww.chinaonfilm.amdigital.co.uk%2F,https://ucsd.libguides.com/chinafilm,Adam Matthew Digital,"[""Primary Sources"", ""Streaming Media""]","[""Chinese Studies"", ""Film & Video""]",[],[],[],2026-06-26 22:39:53,2026-06-26 23:06:22,False
79254323,"China Proceedings of Conference Full-Text Database (CPCD) Series F, G, H & J","Features conference proceedings from academic institutions, industrial organizations, governmental agencies, and international bodies in China since 1999.",,https://go.openathens.net/redirector/ucsd.edu?url=https%3A%2F%2Foversea.cnki.net%2Fkns%3Fdbcode%3DCPFD,https://ucsd.libguides.com/cpcd,CNKI,[],"[""Chinese Studies""]",[],[],"[""CPCD""]",2024-12-13 23:17:15,2026-05-14 18:54:45,False
68792318,China Statistical Yearbooks (CNKI中国社会经济大数据研究平台),"Large selection of statistical data of national, provincial and city level, published by the Chinese government including census data.",,https://go.openathens.net/redirector/ucsd.edu?url=https%3A%2F%2Fdata.oversea.cnki.net%2F,https://ucsd.libguides.com/chinastatyearbooks,CNKI,"[""Datasets & Statistics""]","[""Chinese Studies""]",[],[],[],2022-09-27 18:05:45,2025-06-06 21:35:50,False
4515561,"China, America and the Pacific","Explores the cultural and trading relationships that emerged between America, China and the Pacific region between the 18th and early 20th centuries. Sourced from twelve North American libraries including a selection of rare books and manuscripts from the UC San Diego Library's Special Collections & Archives. These include selected rare books from the Hill Collection of Pacific Voyages and manuscript material for the Alaska Commercial Company Records. China, America and the Pacific offers unique insights into the history of North American trade. Coverage includes the Old China Trade, the Pacific Northwest fur trade, the whaling industry and the development of Pacific trading centres such as Hawaii. Manuscripts, rare printed sources, visual images, objects and maps from international libraries and archives document this fascinating history.",,https://go.openathens.net/redirector/ucsd.edu?url=https%3A%2F%2Fwww.cap.amdigital.co.uk%2F,https://ucsd.libguides.com/chinaamerica,Adam Matthew Digital,"[""Primary Sources""]","[""Chinese Studies"", ""United States History""]",[],[],"[""Special Collections & Archives"", "" UC San Diego Library; Hill Collection of Pacific Voyages""]",2014-08-20 04:06:29,2025-06-06 21:37:01,False
64030445,China: Culture and Society,"Spanning three centuries, China: Culture and Society provides access to the Wason Pamphlet collection in its entirety. Mostly in English and published between c.1750 and 1929, these rare pamphlets make up one of the most extensive collections of literature on China and the Chinese in the Western world.",,https://go.openathens.net/redirector/ucsd.edu?url=https%3A%2F%2Fwww.chinacultureandsociety.amdigital.co.uk%2F,https://ucsd.libguides.com/chinaculture,Adam Matthew Digital,"[""Primary Sources""]","[""Chinese Studies""]",[],[],"[""Sources from The Wason Pamphlet Collection at Cornell University""]",2021-10-26 20:53:50,2025-06-06 21:38:00,False
64030519,"China: Trade, Politics and Culture, 1793-1980","With documents encompassing events from the earliest English embassy to the birth and early years of the People’s Republic, this resource collects sources from nine archives to give an incredible insight into the changes in China during this period. Key documents relating to the Chinese Maritime Customs service – from Robert Hart to Frederick Maze – are accessible and searchable alongside original reports of the Amherst and Macartney embassies. There are letters relating to the first Opium War, survivors’ descriptions of the Boxer War and tantalising glimpses of life in China from the collected diaries and personal photographs of the Bowra family. Significant sources describing the lives and work of missionaries in China from 1869-1970, including extensive and fully searchable runs of missionary periodicals are also featured.",,https://go.openathens.net/redirector/ucsd.edu?url=https%3A%2F%2Fwww.china.amdigital.co.uk%2F,https://ucsd.libguides.com/chinatrade,Adam Matthew Digital,"[""Primary Sources""]","[""Chinese Studies""]",[],[],"[""Sources from the School of Oriental and African Studies and the British Library"", "" London""]",2021-10-26 20:56:23,2025-06-06 21:38:52,False
18972532,Chinamaxx Digital Libraries 中文电子书集献,"Also known as Chinamaxx Digital Library of Chinese E-Books, and SuperStar. It's a collection of Chinese titles published since 1900 with the majority after 1949. It includes three major themed subsets of 地方志，人民画报 and 文史资料. UCSD and UCSB users have access to the Local Gazetteers collection (late 1960s to mid 1980s), People's Pictorial, and Historical Documents in the SuperStar",,https://go.openathens.net/redirector/ucsd.edu?url=https%3A%2F%2Fwww.chinamaxx.net%2F,https://ucsd.libguides.com/chinamaxx,,[],"[""Chinese Studies""]",[],[],[],2016-01-21 21:25:08,2025-06-06 21:40:35,False
16677359,Chinese Classic Ancient Books - Zhongguo jiben guji ku (中国基本古籍庫),"On the login page, select “中國基本古籍庫,” then click “Login” to connect to the database. Remember to click “exit” from the homepage/gateway when done, otherwise the next user will have to wait at least 15 minutes). The largest database of pre-20th century covering all fields of knowledge from the pre-Qin period through to the Republican period. The texts are divided into four sections — Philosophy and Science, History and Geography, Art and Literature, and General Works — and these are further divided into twenty major categories, which are in turn subdivided into one hundred minor categories.",,https://go.openathens.net/redirector/ucsd.edu?url=http%3A%2F%2Fserver.wenzibase.com%2Fjsp%2Ffront%2Fprodlist.jsp,https://ucsd.libguides.com/chineseclassic,,"[""E-Books"", ""Primary Sources""]","[""Chinese Studies""]",[],[],[],2015-10-15 18:19:16,2026-05-14 19:03:21,False
57995057,Chinese Communist Party History Database (中共党史期刊数据库 -1949) via Dacheng,A full-text collection of diverse publications established by or pertaining to the Chinese Communist Party prior to 1949.,,https://go.openathens.net/redirector/ucsd.edu?url=http%3A%2F%2Fdangshi.dachengdata.com%2Ftuijian%2FshowTuijianList.action,https://ucsd.libguides.com/chinesecommunistparty,,"[""Multidisciplinary""]","[""Chinese Studies""]",[],[],[],2020-10-13 20:32:55,2026-05-14 19:15:25,False
73335778,Chinese Language & Culture Library,"E-Books and video resources in various types and genres such as readers, textbooks, lectures, interviews, documentaries and online courses. VPN required for off-campus access. Username/password instructions in the link.",,https://library.ucsd.edu/ucsdonly/access/index.html#CLCL,https://ucsd.libguides.com/clcl,CNKI,[],"[""Chinese Studies"", ""Linguistics""]",[],"[""VPN Required Off Campus""]",[],2023-09-06 16:33:58,2026-04-27 18:56:44,False
16680073,Chinese Local Records I & II - Zhongguo fang zhi ku (中國方志庫),"Pre 1949. Contains geographical works known as “gazetteers”, dating from Qin dynasty until the Republic era. Gazetteers included are grouped by type such as temples and mountains, as well as jurisdiction: national and comprehensive level (总志, 一统志), provincial level (省), district level (府, 州), county level (县), township (镇) and village (村) level.","On the login page, select “愛如生古籍數據庫,” then click “Login.” On the new page, click on the image with the wording, 中國方志庫. From the table of contents page, click on the one with “合集” to connect to the entire database. Remember to click “exit” from the homepage/gateway when done, otherwise the next user will have to wait at least 15 minutes). Contains geographical works known as “gazetteers”, dating from Qin dynasty until the Republic era. Gazetteers included are grouped by type such as temples and mountains, as well as jurisdiction: national and comprehensive level (总志, 一统志), provincial level (省), district level (府, 州), county level (县), township (镇) and villege (村) level.",https://go.openathens.net/redirector/ucsd.edu?url=http%3A%2F%2Fserver.wenzibase.com%2Fjsp%2Ffront%2Fprodlist.jsp,https://ucsd.libguides.com/chineselocal,,[],"[""Chinese Studies""]",[],[],[],2015-10-15 18:46:29,2026-05-14 19:16:13,False
77039565,Church Missionary Society Periodicals,"From its roots as an Anglican evangelical movement driven by lay persons, this resource encompasses publications from the CMS, the Church of England Zenana Missionary Society and the latterly integrated South American Missionary Society. Documenting missionary work from the nineteenth to the twenty-first century, the periodicals include news, journals and reports offering a unique perspective on global history and cultural encounters.","Includes: Global Missions and Contemporary Encounters, 1804-2009 Medical Journals, Asian Missions and The Historical Record, 1816-1986",https://go.openathens.net/redirector/ucsd.edu?url=https%3A%2F%2Fwww.churchmissionarysociety.amdigital.co.uk%2F,https://ucsd.libguides.com/missionary,Adam Matthew Digital,"[""Primary Sources""]","[""History"", ""Religion""]",[],[],[],2024-06-24 22:44:30,2026-04-27 19:16:25,False
3169019,CIAO: Columbia International Affairs Online,"Full text of working papers, conference proceedings, policy briefs, economic indicators, and other resources in international affairs.",,https://go.openathens.net/redirector/ucsd.edu?url=https%3A%2F%2Fciaonet.org%2F,https://ucsd.libguides.com/ciao,,[],"[""Economics"", ""European Studies"", ""International Studies"", ""Latin American Studies"", ""Political Science""]",[],[],[],2014-06-20 04:01:42,2025-06-06 22:19:25,False
3168974,CINAHL,"1937 - present. Covers indexing of over 5000 journals in nursing and the allied health sciences, with full text for over 700 of those journals. Coverage includes nursing, biomedicine, health sciences librarianship, alternative & complementary medicine, consumer health and 17 allied health disciplines.",,https://research.ebsco.com/c/zli4n6,https://ucsd.libguides.com/cinahl,EBSCO,"[""Book & Film Reviews""]","[""Human Developmental Sciences"", ""Nursing"", ""Public Health""]","[{""name"": ""Human Developmental Sciences"", ""rank"": 2}, {""name"": ""Nursing"", ""rank"": 1}]",[],[],2013-12-12 01:30:07,2026-08-25 03:28:34,False
3169130,Circuit,"Now integrated into UC Library Search . Request books from the other San Diego universities and public libraries. If no copy is available, one will be requested from another library if you have interlibrary loan privileges.",,https://lib.ucsd.edu/uclibrarysearch,,,[],[],[],[],[],2014-06-27 04:25:30,2026-06-25 20:24:58,False
3169071,"CJP, Century Journals Project 世纪期刊",With over 100 journals in the social sciences published prior to 1993,,https://go.openathens.net/redirector/ucsd.edu?url=https%3A%2F%2Foversea.cnki.net%2Fknavi%2FJournal.html,https://ucsd.libguides.com/cjp,CNKI,[],"[""Chinese Studies""]",[],[],[],2014-06-23 21:27:07,2026-05-14 19:28:34,False
19290162,ClasePeriodica,"CLASE indexes articles published in over 1200 Latin American journals in the social sciences and humanities. PERIODICA covers over 1400 Latin American journals in science and technology. The merged database has over 400,00 citations dating back to 1975.",,https://go.openathens.net/redirector/ucsd.edu?url=http%3A%2F%2Ffirstsearch.oclc.org%2Fdbname%3DClasePeriodica%3BFSIP,https://ucsd.libguides.com/claseperiodica,OCLC,[],"[""Latin American Studies""]","[{""name"": ""Latin American Studies"", ""rank"": 1}]",[],[],2016-02-03 22:33:49,2025-06-06 22:24:25,False
19290197,Classic Mexican Cinema,"Includes a collection of popular movie periodicals covering Mexican films from 1902 through 1960's including Cinema Reporter (1943-1965), Cine Mundial (1951-1955), El Cine Gráfico (1935) and El Mundo Ilustrado (1902-1910), an arts magazine that covered cinema, as well as Cinelandia (1931-1947), published in Hollywood both in Spanish and in English. The collection is from the Cineteca at UNAM in Mexico City.",,https://go.openathens.net/redirector/ucsd.edu?url=http%3A%2F%2Fprimarysources.brillonline.com%2Fbrowse%2Fmexican-cinema,https://ucsd.libguides.com/classicmexicancinema,Brill,[],"[""Film & Video"", ""Latin American Studies""]",[],[],[],2016-02-03 22:35:06,2026-05-14 19:30:15,False
76795405,ClinicalKey,"ClinicalKey gives you access to quick answers at the point of care alongside trusted, comprehensive medical evidence. It includes clinical overviews, full-text books and journals, drug information, procedure videos, clinical calculators, patient education handouts, practice guidelines, clinical trials, and MEDLINE® citations and abstracts. Physicians can earn and claim CME.",,https://go.openathens.net/redirector/ucsd.edu?url=https%3A%2F%2Fwww.clinicalkey.com,https://ucsd.libguides.com/clinicalkey,Elsevier,"[""E-Books""]","[""Medicine"", ""Nursing"", ""Pharmacy & Pharmacology"", ""Psychiatry""]","[{""name"": ""Medicine"", ""rank"": 3}]",[],"[""Clinical Key""]",2024-06-03 16:24:45,2026-09-11 21:05:26,False
3168926,Cochrane Library,"A collection of databases that contain different types of high-quality, independent evidence - systematic reviews, clinical answers, register of controlled trials - to inform healthcare decision-making.",,https://go.openathens.net/redirector/ucsd.edu?url=https%3A%2F%2Fwww.cochranelibrary.com%2F,https://ucsd.libguides.com/cochrane,,[],"[""Medicine"", ""Pharmacy & Pharmacology""]",[],[],[],2012-02-22 22:55:02,2025-06-06 22:28:21,False
3169092,CogNet Library,"A growing collection of searchable electronic texts for cognitive, brain, and computer sciences from MIT Press and others.",,https://go.openathens.net/redirector/ucsd.edu?url=https%3A%2F%2Fdirect.mit.edu%2Fpages%2Fcognet,https://ucsd.libguides.com/cognet,MIT,"[""E-Books""]","[""Cognitive Science"", ""Neurosciences"", ""Psychology""]","[{""name"": ""Cognitive Science"", ""rank"": 2}, {""name"": ""Neurosciences"", ""rank"": 2}]",[],[],2014-06-23 22:33:50,2025-06-06 22:29:59,False
77412115,"Collapse of the Ottoman Empire and the Partition of the Middle East, 1879-1919","This collection is drawn from the personal papers of Mark Sykes (1879-1919), a politician and diplomatic advisor famous for his role in the partition of the Middle East around the period of the First World War. He is best known for his role in the Sykes-Picot Agreement of 1916, which was a secret treaty between European powers that divided up the Ottoman Empire in the face of its impending collapse.",,https://go.openathens.net/redirector/ucsd.edu?url=https%3A%2F%2Fmicroform.digital%2Fboa%2Fcollections%2F13%2Fthe-collapse-of-the-ottoman-empire-and-the-partition-of-the-middle-east-1879-1919,https://ucsd.libguides.com/ottoman,British Online Archives,[],"[""European Studies"", ""Jewish Studies"", ""Middle East Studies""]",[],[],[],2024-07-25 18:26:07,2025-06-06 22:31:28,False
19290317,CollegeSource Online,"Includes over 20,000 college and university catalogs in original page format, plus their websites. For most non-U.S. colleges only their websites are listed, and these typically include catalogs.",,https://go.openathens.net/redirector/ucsd.edu?url=https%3A%2F%2Fcso.collegesource.com%2F,https://ucsd.libguides.com/collegesource,,[],"[""Education""]",[],[],[],2016-02-03 22:40:05,2026-03-06 23:27:46,False
19290337,Colonial America,"Colonial America consists of all 1,450 volumes of the CO 5 series of Colonial Office files held at The National Archives in London, plus all extracted documents associated with them. This unique collection of largely manuscript material from the archives of the British government is an invaluable one for students and researchers of all aspects of seventeenth- and eighteenth-century American history and the early-modern Atlantic world.","Includes: Early Settlement, Expansion and Rivalries Towards Revolution The American Revolution Legislation and Politics in the Colonies Growth, Trade and Development",https://go.openathens.net/redirector/ucsd.edu?url=http%3A%2F%2Fwww.colonialamerica.amdigital.co.uk%2F,https://ucsd.libguides.com/colonialamerica,Adam Matthew Digital,"[""Primary Sources""]","[""United States History""]","[{""name"": ""United States History"", ""rank"": 1}]",[],[],2016-02-03 22:41:00,2026-04-27 19:17:25,False
68746363,Colonial Caribbean,"Stretching from Jamaica and the Bahamas to Trinidad and Tobago, Colonial Caribbean makes available materials from 27 Colonial Office file classes from The National Archives, UK. Covering the history of the various territories under British colonial governance from 1624 to 1870, this extensive resource includes administrative documentation, trade and shipping records, minutes of council meetings, and details of plantation life, colonial settlement, imperial rivalries across the region, and the growing concern of absentee landlords.","Includes: Settlement, Slavery and Empire, 1624-1832 Colonial Government and Abolition, 1833-1849 Economic Change and Indentured Labour, 1850-1870",https://go.openathens.net/redirector/ucsd.edu?url=https%3A%2F%2Fwww.colonialcaribbean.amdigital.co.uk,https://ucsd.libguides.com/colonialcaribbean,Adam Matthew Digital,"[""Primary Sources""]","[""History"", ""Latin American Studies"", ""United States History""]",[],[],[],2022-09-23 18:58:41,2026-04-27 19:18:03,False
5170221,Communication & Mass Media Complete,"Coverage varies, but some back to early 1900s. Articles in communication, mass media, linguistics, and film studies. CMMC offers cover-to-cover (""core"") indexing and abstracts for over 370 journals, and selected (""priority"") coverage of over 230 more, for a combined coverage of over 600 titles. Many journals have indexing, abstracts, PDFs and searchable cited references from their first issues to the present (dating as far back as 1915).",,https://research.ebsco.com/c/xuxb7f/search/advanced/filters?db=ufh,https://ucsd.libguides.com/commmassmedia,EBSCO,"[""Book & Film Reviews""]","[""Communication""]","[{""name"": ""Communication"", ""rank"": 1}]",[],[],2014-09-24 19:57:31,2025-11-03 19:06:30,False
22052563,"Confidential Print: Africa, 1834-1966","The Confidential Print series was issued by the British Government between c. 1820 and 1970, originating out of a need to preserve the most important papers generated by the Foreign and Colonial Offices. These range from single-page letters or telegrams to comprehensive dispatches, investigative reports and texts of treaties. All items marked ‘Confidential Print’ were printed and circulated immediately to leading officials in the Foreign Office, to the Cabinet and to heads of British missions abroad. The documents in Confidential Print: Africa begin with coastal trading in the early nineteenth century and the Conference of Berlin of 1884 and the subsequent Scramble for Africa. They then follow the abuses of the Congo Free State, fights against tropical disease, Italy’s defeat by the Abyssinians, World War II, apartheid in South Africa and colonial moves towards independence. Together they cover the whole of the modern period of European colonisation of the continent from the British Government’s perspective.",,https://go.openathens.net/redirector/ucsd.edu?url=https%3A%2F%2Fwww.confidentialprintafrica.amdigital.co.uk%2F,https://ucsd.libguides.com/confidentialafrica,Adam Matthew Digital,"[""Primary Sources""]","[""African Studies"", ""History""]",[],[],[],2016-06-02 22:45:38,2025-06-06 22:40:43,False
4515566,"Confidential Print: Latin America, 1833-1969","The documents of Confidential Print: Latin America are full text records of the British Foreign Office covering the whole of South and Central America, plus the non-British islands of the Caribbean, from just after the final Spanish withdrawal from mainland America in the 1820s to the height of the Cold War in the 1960s. The series originated out of a need to preserve the most important papers generated by the Foreign and Colonial Offices. These range from single-page letters or telegrams to comprehensive dispatches, investigative reports and texts of treaties. All items marked ‘Confidential Print’ were printed and circulated immediately to leading officials in the Foreign Office, to the Cabinet, and to heads of British missions abroad.",,https://go.openathens.net/redirector/ucsd.edu?url=https%3A%2F%2Fwww.confidentialprintlatinamerica.amdigital.co.uk%2F,https://ucsd.libguides.com/confidentiallatin,Adam Matthew Digital,"[""Primary Sources""]","[""European Studies"", ""Latin American Studies""]",[],[],[],2014-08-20 04:16:41,2025-06-06 22:41:40,False
16024266,"Confidential Print: Middle East, 1839-1969","The Confidential Print series, issued by the British Government between c. 1820 and 1970, originated out of a need to preserve the most important papers generated by the Foreign and Colonial Offices. These range from single-page letters or telegrams to comprehensive dispatches, investigative reports and texts of treaties. All items marked ‘Confidential Print’ were printed and circulated immediately to leading officials in the Foreign Office, to the Cabinet and to heads of British missions abroad. This collection consists of the Confidential Print for the countries of the Levant and the Arabian peninsula, Iran, Turkey, Egypt and Sudan.",,https://go.openathens.net/redirector/ucsd.edu?url=http%3A%2F%2Fwww.archivesdirect.amdigital.co.uk%2FCP_MiddleEast,https://ucsd.libguides.com/confidentialme,Adam Matthew Digital,"[""Primary Sources""]","[""History"", ""International Studies"", ""Middle East Studies""]",[],[],[],2015-09-17 22:05:12,2025-06-06 22:43:11,False
14776083,"Confidential Print: North America, 1824-1961","The collection covers a broad sweep of history from c.1824-1961, taking in the USA, Canada, the Caribbean and Central America. The series originated out of a need for the British Government to preserve all of the most important papers generated by the Foreign and Colonial Offices. Some of these were one page letters or telegrams -- others were large volumes or texts of treaties. All items marked 'Confidential Print' were circulated to leading officials in the Foreign Office, to the Cabinet, and to heads of British missions abroad",,https://go.openathens.net/redirector/ucsd.edu?url=http%3A%2F%2Fwww.archivesdirect.amdigital.co.uk%2FCP_NorthAmerica,https://ucsd.libguides.com/confidentialna,Adam Matthew Digital,"[""Primary Sources""]","[""History"", ""United States History""]",[],[],[],2015-08-06 22:40:19,2025-06-06 22:43:51,False
5171406,Contemporary Women's Issues,"Abstracts and some full-text articles from more than 1500 publications, offering a multidisciplinary focus on gender issues.",,https://go.gale.com/ps/start.do?p=CWI&u=ucsandiego&aty=ip,https://ucsd.libguides.com/cwi,Gale/Cengage Learning,[],"[""Critical Gender Studies""]","[{""name"": ""Critical Gender Studies"", ""rank"": 3}]",[],[],2014-09-24 21:01:36,2026-05-14 19:31:41,False
76813551,Contemporary World Drama,"This collection examines the richness and diversity of contemporary theatre and drama from a global context. Contemporary World Drama brings together new work from our existing playwright partners alongside work from up-and-coming playwrights from around the world, including recently produced world premieres, previously unpublished works, etc. from every continent.",,https://go.openathens.net/redirector/ucsd.edu?url=https%3A%2F%2Fsearch.alexanderstreet.com%2Fcodr,https://ucsd.libguides.com/worlddrama,Alexander Street Press,[],"[""International Studies"", ""Theater & Dance""]",[],[],[],2024-06-04 16:05:56,2025-06-06 22:45:06,False
78864698,Coronavirus Research Database‎,A health and medical research database for openly available content related to the COVID-19 outbreak.,,https://go.openathens.net/redirector/ucsd.edu?url=https%3A%2F%2Fwww.proquest.com%2Fcoronavirus%2Fadvanced%2FfromDatabasesLayer%3Faccountid%3D14524,https://ucsd.libguides.com/coronavirusresearch,ProQuest,[],"[""Medicine"", ""Public Health""]",[],[],[],2024-11-07 22:28:32,2025-10-22 18:41:09,False
3169133,CQ Press Electronic Library,"Find reporting, analysis on Congressional issues in the news and coverage of the status of bills, votes and amendments, floor and committee activity, and backroom maneuvering. Includes: CQ Almanac (1945-2020) CQ Researcher Plus Archive (1920-2022) CQ Magazine (formerly CQ Weekly) Political Handbook of the World Politics in America (2008-2018) Supreme Court Yearbook (1989-2021)",,https://go.openathens.net/redirector/ucsd.edu?url=http%3A%2F%2Flibrary.cqpress.com%2F,https://ucsd.libguides.com/cqpress,CQ Press,"[""E-Books""]","[""Political Science""]",[],[],[],2014-06-29 10:55:57,2026-03-20 00:01:04,False
3168989,Cross National Time-Series (CNTS),"The Cross-National Time-Series Data Archive was launched by Arthur S. Banks in the fall of 1968 at the State University of New York at Binghamton. The archive was, in part, the outcome of an effort initiated some years earlier to assemble, in machine readable, longitudinal format, certain of the aggregate data resources of The Statesman's Yearbook, published since 1864. The archive has almost 200 variables and contains data for over 200 country units, with provision for entries from 1815 (excluding the two modern wartime periods, 1914-1918 and 1940-1945)",,https://go.openathens.net/redirector/ucsd.edu?url=https%3A%2F%2Fwww.databanksinternational.com%2FDATA_with_LINKS%2F,https://ucsd.libguides.com/cnts,,[],"[""Economics"", ""International Studies"", ""Political Science""]",[],[],[],2014-01-23 05:36:48,2025-08-18 17:15:22,False
63616585,Cumhuriyet,"Established in May 1924, Cumhuriyet (“The Republic”) is the oldest secular Turkish daily newspaper and is widely considered one of the last remaining opposition newspapers in Turkey.",,https://go.openathens.net/redirector/ucsd.edu?url=https%3A%2F%2Fgpa.eastview.com%2Fcumhuriyet,https://ucsd.libguides.com/cumhuriyet,East View,"[""News & Newspapers""]","[""Middle East Studies""]",[],[],[],2021-09-29 20:42:12,2025-06-06 22:55:07,False
5804198,Current Digest of the Russian Press (2001-present),"Formerly Current Digest of the Post-Soviet Press. A weekly selection of Russian-language press materials, translated into English. Also available in print, including Current Digest of the Soviet Press back to 1949.",,https://go.openathens.net/redirector/ucsd.edu?url=https%3A%2F%2Fdlib.eastview.com%2Fbrowse%2Fpublication%2F6765,https://ucsd.libguides.com/russianpress,East View,"[""News & Newspapers""]","[""European Studies""]",[],[],[],2014-10-28 16:37:16,2025-06-09 20:25:25,False
3169074,Dacheng Old Periodical Full-Text Database 大成老旧刊全文数据库,"Provides access to scanned articls from Chinese journals published during the late Qing dynasty and the Republican period (1911-1949) Subject coverage includes the humanities, arts, social sciences, sciences, technology, medicine, and agriculture Journal runs for most titles incomplete",,https://go.openathens.net/redirector/ucsd.edu?url=http%3A%2F%2Flaokan.dachengdata.com%2Findex,https://ucsd.libguides.com/dacheng,,[],"[""Chinese Studies""]",[],[],[],2014-06-23 21:29:30,2025-06-07 16:11:56,False
19309009,Daily Life Through History,"Cross-disciplinary resource providing background and context for daily life in all historical eras, from ancient times to the present. Includes primary documents, images, maps, weblinks, folktales, recipes, much more.",,https://go.openathens.net/redirector/ucsd.edu?url=https%3A%2F%2Fdailylife2.abc-clio.com%2F,https://ucsd.libguides.com/dailylife,ABC-CLIO,[],"[""History""]",[],[],[],2016-02-04 18:22:54,2025-06-07 16:13:04,False
19309058,Dance in Video,"Contains five hundred hours of dance productions and documentaries by the most influential performers and companies of the 20th century, including ballet, tap, jazz, contemporary, experimental, and improvisational dance.",,https://go.openathens.net/redirector/ucsd.edu?url=http%3A%2F%2Fdaiv.alexanderstreet.com%2F,https://ucsd.libguides.com/dancevideo,Alexander Street Press,"[""Streaming Media""]","[""Theater & Dance""]",[],[],[],2016-02-04 18:23:50,2025-06-07 16:14:16,False
4845486,Data Citation Index,"Indexes research data, including data studies and data sets, and links them to the scientific literature to track data citation. Part of Web of Science.",,https://go.openathens.net/redirector/ucsd.edu?url=https%3A%2F%2Fwww.webofscience.com%2Fwos%2Fdrci%2Fbasic-search,https://ucsd.libguides.com/dataindex,Clarivate,"[""Datasets & Statistics""]",[],[],[],[],2014-09-05 03:52:51,2025-06-07 16:15:28,False
63063253,Database of Chinese Judicial Archives (Jiangjin section) Phase I and Phase II / 中国司法档案数据库•江津卷,"Full-text searchable database of judicial documents sourced from the Jiangjin District Archive (Chongqing). Contains over 1,800 volumes, 120,000 pages of litigation files from 1911 to 1949. VPN required for off-campus access.",,http://sifa-hw.datahistory.cn/,,,"[""Primary Sources""]","[""Chinese Studies""]",[],"[""VPN Required Off Campus""]",[],2021-08-30 17:44:09,2026-07-06 22:22:12,False
4738509,Databases on the History of Contemporary Chinese Political Movements 中國當代政治運動史數據庫,"Includes 3 full-text databases, English and Chinese interface available 中國文化大革命文庫 Chinese Cultural Revolution Database 中國反右運動數據庫 Chinese Anti-Rightist Campaign Database, 1957- 中國大躍進大飢荒數據庫 Database of Chinese Great Leap Forward and Great Famine, 1958-1962",,https://go.openathens.net/redirector/ucsd.edu?url=http%3A%2F%2Fccrd.usc.cuhk.edu.hk,https://ucsd.libguides.com/chinapolitical,,[],"[""Chinese Studies""]",[],[],[],2014-08-28 20:10:51,2025-06-07 16:16:49,False
4845662,Datastream,"Registration required https://my.refinitiv.com/productregistration.html . Access Datastream content online via Refinitiv Workspace . Additionally, you may register for the Datastream add-on to do graphical exploration of trends and relationships between series. Datastream provides time series for over a million financial instruments, securities, and economic indicators from over 175 countries. Workspace content also includes company profiles, ESG performance, indices, bonds, commodities, interest and exchange rates, estimates, futures and options, country macroeconomics, market research and investment house reports.",,https://ucsd.libguides.com/data-statistics/datastream,,,"[""Datasets & Statistics""]","[""Business"", ""Economics""]",[],"[""Registration Required""]",[],2014-09-05 04:56:22,2026-04-09 22:40:15,False
76582400,DBpia: Electronic Journal Service,"Full text database including over 1,400 Korean scholarly journals. The journal titles are arranged by 11 subject categories (Business/Economics, Theology, Education, Sociology, Theology, Natural Science, Humanities, Language and literature, Law/Administration, Artistic and Physical) All journals are available from the first issue of a given title.",,https://go.openathens.net/redirector/ucsd.edu?url=https%3A%2F%2Fwww.dbpia.co.kr%2F,https://ucsd.libguides.com/dbpia,,[],"[""Korean Studies""]","[{""name"": ""Korean Studies"", ""rank"": 5}]",[],[],2024-05-15 15:53:23,2025-06-07 16:20:58,False
15752404,Defense Technical Information Center's (DTIC) Public Collections,"Search and access all unclassified, unlimited citations to documents in the Defense Technical Information Center's Public Technical Reports Collection and DTIC's Full-Text Collection of Department of Defense research reports.",,https://discover.dtic.mil/products-services/,,,[],"[""Aerospace Engineering"", ""Computer Science"", ""Electrical Engineering"", ""Government Information""]",[],[],[],2015-09-09 14:03:36,2026-01-14 17:07:38,False
4515564,"Defining Gender, 1450-1910","Defining Gender is a collection of over 50,000 images from 669 original documents relating to Gender Studies. The sources come from libraries and archives throughout the world, including many from the Bodleian Library in Oxford, England",,https://go.openathens.net/redirector/ucsd.edu?url=https%3A%2F%2Fwww.gender.amdigital.co.uk,https://ucsd.libguides.com/defininggender,Adam Matthew Digital,"[""Primary Sources""]","[""European Studies"", ""Literature"", ""United States History""]","[{""name"": ""Literature"", ""rank"": 1}]",[],[],2014-08-20 04:11:51,2025-06-07 16:21:57,False
3169004,Derwent Patent Search,"Database of 71 million patent families covering 178+ million enhanced patent records. Documents are summarized, indexed, and categorized by invention,, inventor and assignee names are normalized. Missing and/or incorrect information is updated. Primary subject coverage includes agricultural and veterinary medicine, electronics and electrical engineering, chemistry, pharmaceuticals, and polymers.",,https://go.openathens.net/redirector/ucsd.edu?url=https%3A%2F%2Fwww.webofscience.com%2Fwos%2Fdiidw%2Fbasic-search,https://ucsd.libguides.com/derwent,Clarivate,[],"[""Business""]",[],[],[],2014-01-29 03:22:46,2026-04-21 21:39:20,False
63404387,Diaolong Full-Text Database of Chinese and Japanese Ancient Books 雕龙中日古籍全文资料库,"Provides full-text access to a number of collections of pre-modern writings, including the Daozang 道藏, Daozang jiyao 道藏辑要, Sibu congkan 四部叢刊, Yongle dadian 永樂大典, Gujin tushu jicheng 古今圖書集成, Siku quanshu 四庫全書, and more.",,https://go.openathens.net/redirector/ucsd.edu?url=https%3A%2F%2Ffanyun.hunteq.com%2Ffanyunc%2Ffanyuntp_m,https://ucsd.libguides.com/diaolong,,"[""Primary Sources""]","[""Chinese Studies""]",[],[],[],2021-09-17 21:03:25,2026-06-24 21:57:20,False
4762831,Digital Culture Art Course,"Subset of KoreaA2Z. Digital Culture Art Course is based on VOD lectures presented by well-known [Korean] scholars and specialists. It contains 70 titles for 923 courses under 7 sub-categories for continuing education (Architecture, cartoon and animation, Literature, Culture, Art, Cinema, Music, Philosophy).",,https://go.openathens.net/redirector/ucsd.edu?url=https%3A%2F%2Fwww.koreaa2z.com%2F,https://ucsd.libguides.com/digitalcultureart,,"[""Streaming Media""]","[""Korean Studies""]",[],[],[],2014-09-01 04:59:37,2025-10-01 18:35:07,False
3168896,Digital National Security Archive,"Nearly 40,000 declassified government documents from 1945 to present, organized into collections, each focused on a single topic.",,https://go.openathens.net/redirector/ucsd.edu?url=https%3A%2F%2Fwww.proquest.com%2Fdnsa%2Fadvanced%2F%3Faccountid%3D14524,https://ucsd.libguides.com/dnsa,ProQuest,[],"[""Latin American Studies"", ""Political Science"", ""United States History""]",[],[],[],2010-10-19 22:36:20,2025-06-07 16:28:28,False
62460644,"Digital Sanborn Maps, 1867-1970","Access to more than 660,000 large-scale maps of more than 12,000 American towns and cities. Sanborn fire insurance maps are the most frequently consulted maps in both public and academic libraries. Sanborn maps are valuable historical tools for urban specialists, social historians, architects, geographers, genealogists, local historians, planners, environmentalists and anyone who wants to learn about the history, growth, and development of American cities, towns, and neighborhoods.",,https://go.openathens.net/redirector/ucsd.edu?url=https%3A%2F%2Fdigitalsanbornmaps.proquest.com%2F%3Faccountid%3D14524,https://ucsd.libguides.com/sanborn,ProQuest,"[""Images""]","[""Environmental Studies"", ""Maps"", ""United States History"", ""Urban Studies & Planning""]","[{""name"": ""Maps"", ""rank"": 1}]",[],[],2021-07-23 02:41:09,2026-04-22 15:49:55,False
57697580,Digital Theatre +,"Streaming video of full-length productions from leading British theaters. Also includes interviews with cast and crews, as well as documentaries on productions, essays, and teaching guides. This database includes opera, dance and ballet, musical theater, and more.",,https://go.openathens.net/redirector/ucsd.edu?url=https%3A%2F%2Fedu.digitaltheatreplus.com%2F,https://ucsd.libguides.com/digitaltheatreplus,,"[""Streaming Media""]","[""Film & Video"", ""Theater & Dance""]","[{""name"": ""Theater & Dance"", ""rank"": 1}]",[],"[""Digital Theatre+ Digital Theatre Plus Digital Theater""]",2020-09-29 20:15:46,2026-05-14 19:37:57,False
19309415,Digitale Bibliothek Deutscher Klassiker (DBDK),"The Bibliothek Deutscher Klassiker is highly regarded both in Germany and throughout the world as the premier collection of literary and non-literary German writing, covering the works from Eleventh century to Nineteenth Century.",,https://go.openathens.net/redirector/ucsd.edu?url=https%3A%2F%2Fsearch.proquest.com%2Fdkv%2Fadvanced%2F%3Faccountid%3D14524,https://ucsd.libguides.com/dbdk,ProQuest,[],"[""European Studies"", ""History"", ""International Studies"", ""Philosophy""]",[],[],[],2016-02-04 18:28:11,2025-10-03 18:51:35,False
19309461,Digitalia,"Over 8000 electronic books from Spain and Latin America spanning arts, humanities, social sciences, and science and technology. Includes more than 2000 e-journal issues. Most items published in Spanish or English, with some French, Catalan, and other languages.",,https://go.openathens.net/redirector/ucsd.edu?url=http%3A%2F%2Fwww.digitaliapublishing.com%2Febooksestanteria,https://ucsd.libguides.com/digitalia,,"[""E-Books""]","[""European Studies"", ""Latin American Studies""]",[],[],[],2016-02-04 18:29:38,2026-05-14 19:39:13,False
41034587,Dimensions,"Sign in with your ucsd.edu email address. Dimensions is a linked research data platform, including information on publications, research funding, patents and clinical trials, all on an international scale. Dimensions is designed to help anyone involved in research to gain better knowledge about activity in their research area or institution, and how it has changed over time. The Library has an institutional account with added functionality Includes AI summarizer feature, Dimensions Research GPT (Dimensions’ scientific evidence + ChatGPT), and Chat with this PDF in Papers integration.","Some examples of the ways in which Dimensions can be used include - • Discovery of the latest publications, awarded grant funding, clinical trials or patents on any topic of interest, worldwide. • Benchmarking of research organizations, funders, publications or researchers in a particular topic, or across all research activity. • Identification of new sources of research funding for future funding applications • Clear and unbiased analysis of the research activity at our own organization, and how this is changing over time.",https://app.dimensions.ai,,Digital Science,"[""Multidisciplinary""]","[""Biomedical Informatics"", ""Business"", ""Economics"", ""International Studies"", ""Political Science""]","[{""name"": ""Biomedical Informatics"", ""rank"": 3}]","[""Sign in with UCSD Email Address""]",[],2018-03-22 19:55:32,2026-04-14 00:23:03,False
23657825,Disability in the Modern World,"One person in seven experiences disability, yet the story of this community and its contributions is largely absent from the scholarly record. This is an online collection with a comprehensive and international set of resources to enrich study in a wide range of disciplines from media studies to philosophy. At completion, Disability in the Modern World will include 150,000 pages of primary sources, supporting materials, and archives, along with 125 hours of video. The content provides resources for teaching and research in the growing disciplines of disability history and disability studies as well as in history, media, the arts, political science, education, and other areas where the contributions of the disability community are typically overlooked.",,https://go.openathens.net/redirector/ucsd.edu?url=https%3A%2F%2Fsearch.alexanderstreet.com%2Fdisa,https://ucsd.libguides.com/disability,Alexander Street Press,"[""Primary Sources"", ""Streaming Media""]","[""Critical Gender Studies"", ""Ethnic Studies"", ""History"", ""Literature"", ""Sociology"", ""Theater & Dance"", ""United States History""]",[],[],[],2016-07-27 22:11:52,2026-02-25 23:01:36,False
4738266,Dissertations of China by Wanfang,"Collection of masters, doctoral and post-doctoral dissertations Coverage form 1980",,https://go.openathens.net/redirector/ucsd.edu?url=https%3A%2F%2Fc.wanfangdata.com.cn%2Fthesis,https://ucsd.libguides.com/chinadissertations,,[],"[""Chinese Studies""]",[],[],[],2014-08-28 19:58:40,2026-08-25 03:40:49,False
58381649,Docuseek2 Complete Collection,"Stream documentary and social issues films. Topics covered include business and economics, health care, humanities, performing arts, and social sciences.",,https://go.openathens.net/redirector/ucsd.edu?url=https%3A%2F%2Fdocuseek2.com%2F,https://ucsd.libguides.com/docuseek,Alexander Street Press,"[""Streaming Media""]","[""Film & Video""]",[],[],[],2020-11-02 23:48:09,2025-06-07 16:45:53,False
3169075,Dragonsource 龙源期刊网,"Provides access to about 1,000 online Chinese popular magazines for general reading",,https://go.openathens.net/redirector/ucsd.edu?url=https%3A%2F%2Fuclib.dps.qikan.cn%2Fhwb%2Findex%23%2Fmagazine,https://ucsd.libguides.com/dragonsource,,[],"[""Chinese Studies""]",[],[],[],2014-06-23 21:30:28,2025-06-07 16:47:12,False
19309089,DRAM (Database of Recorded American Music),"A wide spectrum of American (USA) music, from 19th century to contemporary compositions, electronic music, folk, jazz, Native American music, opera and musical theater. The audio tracks are linked to related scholarly texts.",,https://go.openathens.net/redirector/ucsd.edu?url=https%3A%2F%2Fwww.dramonline.org%2F,https://ucsd.libguides.com/dram,Anthology of Recorded Music,"[""Streaming Media""]","[""Music""]",[],[],[],2016-02-04 18:24:52,2025-06-16 17:11:06,False
19314456,Drama Online,"Features many collections of playtexts, filmed productions, audio plays, and more. Thousands of titles are offered, including new plays.",,https://go.openathens.net/redirector/ucsd.edu?url=http%3A%2F%2Fdramaonlinelibrary.com%2F,https://ucsd.libguides.com/dramaonline,Bloomsbury,"[""Streaming Media""]","[""Classical Studies"", ""Literature"", ""Theater & Dance""]","[{""name"": ""Theater & Dance"", ""rank"": 1}]",[],[],2016-02-04 19:01:04,2025-06-07 16:49:33,False
76814372,Drama Texts Collection,"With over 13,000 plays, Drama Texts Collection spans nearly a millennium of dramatic writing, covering the core works of the Western canon alongside their important yet forgotten contemporaries—works that are necessary to any literary or theatrical education.",,https://go.openathens.net/redirector/ucsd.edu?url=https%3A%2F%2Fsearch.alexanderstreet.com%2Fdrtc,https://ucsd.libguides.com/dramatexts,Alexander Street Press,[],"[""Theater & Dance""]",[],[],[],2024-06-04 16:07:27,2025-06-07 16:53:41,False
18974212,Duxiu 读秀,"More than 1.4 million full-text books currently available -- full-text searches, tables of content, and first 17 pages. Browse and forward purchase suggestions to Xi Chen .",,https://go.openathens.net/redirector/ucsd.edu?url=https%3A%2F%2Fwww.duxiu.com%2F,,,[],"[""Chinese Studies""]",[],[],[],2016-01-21 22:05:54,2026-06-30 22:21:54,False
79576089,E-Article,This database contains the full text of over 3670 Korean scholarly journals. Most articles are in Korean.,,https://go.openathens.net/redirector/ucsd.edu?url=http%3A%2F%2Fwww.earticle.net,https://ucsd.libguides.com/earticle,KEPlatform,"[""Multidisciplinary""]","[""Korean Studies""]",[],[],[],2025-01-23 21:46:35,2025-09-04 00:46:32,False
19314535,Early American Imprints Series I (1639-1800). Evans,"Browse or search Early American Imprints (Digital Evans), a major collection of 17th and 18th century books and pamphlets based on Charles Evans American Bibliography. On completion will consist of over 36,000 works and 2,400,000 images.",,https://go.openathens.net/redirector/ucsd.edu?url=https%3A%2F%2Finfoweb.newsbank.com%2Fapps%2Freadex%2Fwelcome%3Fp%3DEVAN,https://ucsd.libguides.com/earlyamerican1,Readex,[],"[""United States History""]",[],[],[],2016-02-04 19:03:29,2025-06-03 21:01:43,False
19314562,"Early American Imprints, Series II: Shaw-Shoemaker (1801-1819)","Covering every aspect of American life during the early decades of the United States, this primary source collection provides full-text access to the 36,000 American books, pamphlets and broadsides published in the first 19 years of the nineteenth century.",,https://go.openathens.net/redirector/ucsd.edu?url=https%3A%2F%2Finfoweb.newsbank.com%2Fapps%2Freadex%2F%3Fp%3DSHAW,https://ucsd.libguides.com/earlyamerican2,Readex,[],"[""United States History""]",[],[],[],2016-02-04 19:04:27,2025-06-03 22:14:32,False
19314598,Early Encounters in North America,"This release contains 1,482 authors and over 100,000 pages of material: letters, diaries, memoirs and accounts of early encounters in North America. The collection is centered on present-day Canada and the U. S. with limited coverage of Mexico.",,https://go.openathens.net/redirector/ucsd.edu?url=https%3A%2F%2Fsearch.alexanderstreet.com%2Feena,https://ucsd.libguides.com/eena,Alexander Street Press,[],"[""Ethnic Studies"", ""United States History""]",[],[],[],2016-02-04 19:06:06,2025-06-03 22:26:35,False
4894819,Early English Books Online (EEBO),"Full text and page images of books published in English from 1475-1700. Search by subject, title, author. Will eventually include more than 125,000 books.",,https://go.openathens.net/redirector/ucsd.edu?url=https%3A%2F%2Fwww.proquest.com%2Feebo%2Fadvanced%3Faccountid%3D14524,https://ucsd.libguides.com/eebo,ProQuest,"[""E-Books"", ""Primary Sources""]","[""European Studies"", ""History"", ""International Studies"", ""Literature""]",[],[],[],2014-09-08 04:51:17,2025-06-03 22:36:01,False
76949225,"Early Modern England: Society, Culture and Everyday Life, 1500-1700","From “ordinary” people through to more prominent individuals and families, these documents show how everyday working, family, religious and administrative life was experienced across England.",,https://go.openathens.net/redirector/ucsd.edu?url=https%3A%2F%2Fwww.earlymodernengland.amdigital.co.uk%2F,https://ucsd.libguides.com/earlymodernengland,Adam Matthew Digital,"[""Primary Sources""]","[""European Studies"", ""History""]",[],[],[],2024-06-14 22:31:56,2025-06-03 23:20:52,False
79321532,Early Modern History and Modern History E-Books Online,This collection is part of Brill's European History and Culture E-Books Online Collection. Coverage areas include: Early Modern History Modern History Global History History of Central and Eastern Europe Atlantic History Jewish History Church History Reformation History History of Ideas History of Science Book History History of Warfare (European) Art,,https://go.openathens.net/redirector/ucsd.edu?url=https%3A%2F%2Fbrill.com%2Fdisplay%2Fpackage%2F9789004528826%3Flanguage%3Den,https://ucsd.libguides.com/earlymodernhistory,Brill,"[""E-Books""]","[""European Studies"", ""History"", ""Jewish Studies"", ""Religion""]",[],[],[],2024-12-24 00:17:55,2025-08-26 17:59:55,False
34978599,"Earth, Atmospheric & Aquatic Science Collection","Collection of core databases for researching the earth, climate/atmospheric, and marine/aquatic sciences. Indexes journals, trade and industry publications, magazines, technical reports, conference proceedings, and government publications. Includes: 1) Aquatic Sciences and Fisheries Abstracts (ASFA) from 1971 to present, 2) Oceanic Abstracts, 1981 to present, 3) Meteorological & Geoastrophysical Abstracts (MGA), 1950 to present, and 4) Earth, Atmospheric & Aquatic Science Database with nearly 600 current full-text ‎journals in these areas, plus another 700 journals with historical full text.",,https://go.openathens.net/redirector/ucsd.edu?url=https%3A%2F%2Fsearch.proquest.com%2Fearthatmosphericaquatic%2Fadvanced%3Faccountid%3D14524,https://ucsd.libguides.com/earthatmosphericaquatic,ProQuest,[],"[""Climate & Atmospheric Sciences"", ""Environmental Studies"", ""Geology & Geosciences"", ""Marine Sciences"", ""Oceanography""]","[{""name"": ""Climate & Atmospheric Sciences"", ""rank"": 1}, {""name"": ""Geology & Geosciences"", ""rank"": 3}, {""name"": ""Marine Sciences"", ""rank"": 1}, {""name"": ""Oceanography"", ""rank"": 4}]",[],"[""EAAS""]",2017-08-18 00:22:25,2025-07-08 18:50:29,False
3168891,Earthquake Engineering Abstracts (EEA),"Indexes journals, conference papers, technical reports, maps, videos, slides, and computer files in the field of earthquake engineering and earthquake studies from 1971-present. You can also search EEA as part of the larger Materials Science & Engineering Collection .",,https://go.openathens.net/redirector/ucsd.edu?url=https%3A%2F%2Fwww.proquest.com%2Fearthquake%2Fadvanced%2F%3Faccountid%3D14524,https://ucsd.libguides.com/earthquake,ProQuest,[],"[""Geology & Geosciences"", ""Structural Engineering""]","[{""name"": ""Structural Engineering"", ""rank"": 1}]",[],[],2010-04-21 22:03:54,2026-01-14 17:10:12,False
61499756,East India Company,"East India Company offers access to a unique collection of India Office Records from the British Library, London. Containing royal charters, correspondence, trading diaries, minutes of council meetings and reports of expeditions, among other document types, this resource charts the history of British trade and rule in the Indian subcontinent and beyond from 1599 to 1947.","Includes: India Office Records A-D (Trade, Governance and Empire) India Office Records E (Correspondence: Early Voyages, Formation and Conflict; Correspondence: Domestic Life, Governance and Territorial Expansion)",https://go.openathens.net/redirector/ucsd.edu?url=http%3A%2F%2Fwww.eastindiacompany.amdigital.co.uk%2F,https://ucsd.libguides.com/eastindia,Adam Matthew Digital,[],"[""Business"", ""European Studies"", ""History"", ""International Studies""]",[],[],[],2021-05-15 03:22:42,2026-04-27 19:18:53,False
20672252,EBSCO - All Databases,"Select and search across multiple databases we license from EBSCO, including Academic Search Complete. These databases index journals and magazines--and in many cases provide full text access--in all subject areas in the social sciences, arts and humanities, and science and engineering. Additional sources like newspapers, books and book chapters are also indexed in some of these databases.",,"https://research.ebsco.com/c/xuxb7f/search/advanced/filters?db=27h,a9h,awn,apn,alr,ahl,sbh,ant,asb,asf,asu,air,h6a,h6b,apg,reh,a6h,bas,fph,brb,brd,brr,bth,chd,ccm,ufh,cax,nlebk,eir,eue,eih,eric,flh,f3h,fap,funk,8gh,hia,htm,hsr,hft,hlh,iap,jph,lpr,ibh,itb,fqh,qrh,llf,lxh,f5h,e864sww,msn,mih,e866sww,mth,kah,mzh,mah,nfh,ddu,prh,e867sww,25h,rgr,bwh,ram,ssf,sih,ama,23h,fyh",https://ucsd.libguides.com/ebsco,EBSCO,"[""Book & Film Reviews"", ""Multidisciplinary""]","[""International Studies""]","[{""name"": ""International Studies"", ""rank"": 2}]",[],[],2016-04-04 18:28:50,2026-08-25 03:57:39,False
3169020,EconLit,"Abstracts journal articles, books, dissertations, and working papers in economics. New records added monthly. Produced by American Economic Association.",,https://go.openathens.net/redirector/ucsd.edu?url=https%3A%2F%2Fwww.proquest.com%2Feconlit%2Fadvanced%2F%3Faccountid%3D14524,https://ucsd.libguides.com/econlit,ProQuest,[],"[""Accounting & Taxation"", ""Economics"", ""Ethnic Studies"", ""European Studies"", ""Sociology"", ""Urban Studies & Planning""]","[{""name"": ""Economics"", ""rank"": 1}]",[],[],2014-06-20 04:01:42,2025-06-03 23:59:31,False
57049100,Economist Intelligence Unit Country Reports Archive,"Provides detailed coverage of political, economic, and commercial developments covering all countries from 1952 to 1995. Comprehensive quarterly overviews allow researchers to gain a thorough understanding of an event, policy, or development. In addition to the highly regarded, impartial insight from EIU researchers, each report contains tables with detailed country-level statistics downloadable to Excel.",,https://go.openathens.net/redirector/ucsd.edu?url=https%3A%2F%2Fsearch.proquest.com%2Feiuarchive%3Faccountid%3D14524,https://ucsd.libguides.com/eiucountry,ProQuest,"[""Multidisciplinary""]","[""African Studies"", ""Chinese Studies"", ""European Studies"", ""International Studies"", ""Latin American Studies"", ""Middle East Studies""]",[],[],"[""EIU""]",2020-09-02 02:43:23,2025-06-04 00:02:42,False
77347417,Education Index Retrospective: 1929-1983 (H.W. Wilson),"A bibliographic database of more than half a century of indexing from an international range of English-language periodicals. Subjects Covered: Adult Education, Arts, Athletics, Comparative Education, Continuing Education, Curriculum, Distance Learning, Educational Law & Litigation, Elementary Education, Ethnic/Multicultural Education, Government Funding, Higher Education, Juvenile Delinquency, Language Arts, Library Science, Literacy, Parent-Teacher Relations, Preschool Education, Psychology of Learning, Religious Education, School Administration, School Buildings, Science & Mathematics, Secondary Education, Special Education, Student Counseling, Teacher Education, Teacher Evaluation, Teaching Methods, Tests & Measurements, Vocational Education, War & Education.",,https://research.ebsco.com/c/xuxb7f/search/advanced/filters?db=eir,https://ucsd.libguides.com/educationindextretro,EBSCO,[],[],[],[],[],2024-07-22 00:23:05,2025-06-16 17:43:55,False
3169007,Education Source,"1929-present. Includes more than 2,850 academic periodicals, full text for more than 1,800 journals, 550 books and monographs, education-related conference papers, book reviews and over 100,000 controlled and cross-referenced names of educational tests. Coverage spans all levels of education from early childhood to higher education.",,https://research.ebsco.com/c/xuxb7f/search/advanced/filters?db=eue,https://ucsd.libguides.com/educationsource,EBSCO,"[""Book & Film Reviews""]","[""Education""]","[{""name"": ""Education"", ""rank"": 3}]",[],[],2014-06-18 07:47:38,2025-06-16 17:44:22,False
3169009,Educational Research Abstracts Online (ERA),"1995- Covers current international research in education. Includes the following abstracting journals: Educational management abstracts, Educational technology abstracts, Multicultural education abstracts, Research into higher education abstracts, Sociology of education abstracts, Special educational needs abstracts, and Vocational education and training abstracts (formerly, Technical education & training abstracts).",,https://go.openathens.net/redirector/ucsd.edu?url=https%3A%2F%2Fwww.tandfonline.com%2Fdb%2Fera,https://ucsd.libguides.com/era,Taylor & Francis,[],"[""Education""]",[],[],[],2014-06-18 07:47:38,2025-06-04 02:39:58,False
16160848,eHRAF Archaeology,Cross-cultural database containing information on the world's prehistory designed to facilitate comparative archaeological studies. Organized by archaeological traditions. The full-text sources are subject-indexed at the paragraph level.,,https://go.openathens.net/redirector/ucsd.edu?url=https%3A%2F%2Fehrafarchaeology.yale.edu%2F,https://ucsd.libguides.com/ehraf,,[],"[""Archaeology""]","[{""name"": ""Archaeology"", ""rank"": 1}]",[],[],2015-09-23 20:49:58,2025-11-07 22:39:01,False
4894822,Eighteenth Century Collections Online (ECCO),"Digitization of The Eighteenth Century, a print library covering 150,000 titles and editions published in the United Kingdom 1701-1800. Search by keywords or browse individual books.",,https://go.openathens.net/redirector/ucsd.edu?url=https%3A%2F%2Fgo.gale.com%2Fps%2Fstart.do%3Fp%3DECCO%26u%3Ducsandiego%26aty%3Dip,https://ucsd.libguides.com/ecco,Gale/Cengage Learning,"[""E-Books"", ""Primary Sources""]","[""European Studies"", ""History"", ""International Studies"", ""Literature""]","[{""name"": ""History"", ""rank"": 1}]",[],[],2014-09-08 04:52:44,2025-06-04 02:51:47,False
76950091,"Eighteenth Century Drama: Censorship, Society and the Stage","A unique archive of almost every play submitted for licence between 1737 and 1824, and hundreds of documents that provide social context for the plays, featuring: • John Larpent Collection of Plays from the Huntington Library • Supplementary documents including Anne Larpent Diaries • The London Stage, 1660-1800 • A Biographical Dictionary of Actors, Actresses, Musicians, Dancers, Managers and Other Stage Personnel in London, 1660-1800",,https://go.openathens.net/redirector/ucsd.edu?url=https%3A%2F%2Fwww.eighteenthcenturydrama.amdigital.co.uk%2F,https://ucsd.libguides.com/18thcenturydrama,Adam Matthew Digital,"[""Primary Sources""]","[""Theater & Dance""]",[],[],[],2024-06-14 22:42:01,2025-06-04 03:33:13,False
77049552,Eighteenth Century Journals,"This resource illuminates all aspects of eighteenth-century social, political and literary life. Topics covered are wide-ranging and include colonial life, provincial and rural affairs, the French and American revolutions, reviews of literature and fashion throughout Europe, political debates, and London coffee house gossip and discussion.",,https://go.openathens.net/redirector/ucsd.edu?url=https%3A%2F%2Fwww.18thcjournals.amdigital.co.uk%2F,https://ucsd.libguides.com/18thcenturyjournals,Adam Matthew Digital,"[""Primary Sources""]","[""European Studies"", ""History""]",[],[],[],2024-06-25 15:47:12,2026-04-27 19:06:19,False
14774475,Electronic Enlightenment,"Searchable and browsable database with access to correspondence between the greatest thinkers and writers of the 17th-19th centuries, and their families and friends, bankers and booksellers, patrons and publishers. Coverage includes letters and documents, manuscripts and early printed editions, scholarly annotations, and links to biographies, dictionaries, encyclopedias, newspapers, and other online resources. With 79,254 letters and documents and 10,232 correspondents (as of Winter 2018–2019) EE is the most wide-ranging online collection of edited correspondence of the early modern period, linking people across Europe, the Americas and Asia from the early 17th to the mid-19th century.",,https://go.openathens.net/redirector/ucsd.edu?url=http%3A%2F%2Fwww.e-enlightenment.com%2F,https://ucsd.libguides.com/enlightenment,Oxford University Press,"[""Primary Sources""]","[""European Studies"", ""History"", ""International Studies"", ""Literature""]",[],[],[],2015-08-06 21:17:47,2025-06-04 16:23:31,False
22351719,Embase,"Biomedical science database that indexes about 8,000 journals covering all areas of medicine, including allied health and public health topics. Particularly strong in the fields of drug research, pharmacology, and toxicology. A key resource for systematic reviews, particularly ones involving drug therapy.",,https://go.openathens.net/redirector/ucsd.edu?url=http%3A%2F%2Fwww.embase.com,https://ucsd.libguides.com/embase,Elsevier,[],"[""Biochemistry"", ""Biological Sciences"", ""Biomedical Informatics"", ""Chemistry"", ""Medicine"", ""NanoEngineering"", ""Nursing"", ""Pharmacy & Pharmacology"", ""Psychiatry"", ""Public Health""]","[{""name"": ""Biomedical Informatics"", ""rank"": 5}, {""name"": ""Medicine"", ""rank"": 2}, {""name"": ""Nursing"", ""rank"": 3}, {""name"": ""Pharmacy & Pharmacology"", ""rank"": 1}, {""name"": ""Psychiatry"", ""rank"": 3}, {""name"": ""Public Health"", ""rank"": 5}]",[],[],2016-06-13 16:11:29,2026-08-25 03:59:53,False
3169083,EMIS Next Academic Research (formerly EMIS Intelligence),"Provides economic studies, company & industry reports, country risk, economic and industrial statistics, and political news with a focus on emerging market countries. Covers public & private companies & global industry reports. Includes interactive data analysis tools & news alerts. Excellent China coverage.",,https://go.openathens.net/redirector/ucsd.edu?url=https%3A%2F%2Fcas.emis.com%2Flogin%23,https://ucsd.libguides.com/emis,,"[""Datasets & Statistics"", ""Directories"", ""Multidisciplinary"", ""News & Newspapers""]","[""Accounting & Taxation"", ""Business"", ""Chinese Studies"", ""Economics"", ""International Studies"", ""Market Research"", ""Political Science"", ""Sociology""]","[{""name"": ""Market Research"", ""rank"": 1}]",[],"[""EMIS Intelligence""]",2014-06-23 21:37:05,2025-06-04 18:03:01,False
19314695,Empire Online,"A major collection of scanned texts relating to empire studies, divided into 5 sections: Cultural Contacts 1492-1969; Empire Writing/the Literature of Empire; The Visible Empire; Religion; and Race, class, imperialism and colonialism 1607-2007.",,https://go.openathens.net/redirector/ucsd.edu?url=https%3A%2F%2Fwww.empire.amdigital.co.uk,https://ucsd.libguides.com/empireonline,Adam Matthew Digital,[],"[""Ethnic Studies"", ""European Studies"", ""History"", ""International Studies"", ""Literature""]",[],[],[],2016-02-04 19:09:38,2025-06-04 18:06:38,False
85376928,Encyclopedia of Taiwan Studies,"Comprehensive overview of the rich scope of Taiwan studies, with entries covering archaeology, history, linguistics, anthropology, sociology, political science, international relations, Indigenous studies, literature, gender studies, media studies, cinema and documentary, music, and art of Taiwan.",,https://go.openathens.net/redirector/ucsd.edu?url=https%3A%2F%2Freferenceworks.brill.com%2Fdisplay%2Fdb%2Fetso,https://ucsd.libguides.com/taiwanstudies,Brill,[],"[""Chinese Studies""]",[],[],[],2026-06-26 23:11:17,2026-06-26 23:13:56,False
85175031,Encyclopædia Iranica,"The Encyclopædia Iranica is dedicated to the study of Iranian civilization in the Middle East, the Caucasus, Central Asia, and the Indian Subcontinent. The academic reference work will eventually cover all aspects of Iranian history and culture, as well as all Iranian languages and literatures, facilitating the entire range of Iranian studies research from archeology to political sciences.",,https://www.iranicaonline.org/,https://ucsd.libguides.com/iranica,,[],"[""Arts & Humanities"", ""Ethnic Studies"", ""History"", ""International Studies"", ""Literature"", ""Middle East Studies""]","[{""name"": ""Arts & Humanities"", ""rank"": 1}, {""name"": ""Ethnic Studies"", ""rank"": 2}, {""name"": ""History"", ""rank"": 2}, {""name"": ""International Studies"", ""rank"": 3}, {""name"": ""Literature"", ""rank"": 2}, {""name"": ""Middle East Studies"", ""rank"": 5}]",[],[],2026-06-05 15:28:27,2026-06-05 15:28:27,False
78864793,English Drama,"More than 3,900 plays in verse and prose tracing the development of drama in English from the medieval mystery cycles to the comedies of Oscar Wilde.",,https://go.openathens.net/redirector/ucsd.edu?url=https%3A%2F%2Fwww.proquest.com%2Fed%2Fadvanced%2Fliterature%2FfromDatabasesLayer%3Faccountid%3D14524,https://ucsd.libguides.com/englishdrama,ProQuest,[],"[""Literature"", ""Theater & Dance""]",[],[],[],2024-11-07 22:33:39,2025-06-04 18:29:51,False
83532634,English-Corpora,"Registration required (select UCSD at login). Corpora at this site were created by Mark Davies, Professor of Linguistics at Brigham Young University. The corpora have many different uses, including: finding out how native speakers actually speak and write; finding the frequency of words, phrases, and collocates; looking at language variation and change, e.g. historical, dialects, and genres; gaining insight into culture, e.g what is said about different concepts over time and in different countries; designing authentic language teaching materials and resources.",,https://www.english-corpora.org/,https://ucsd.libguides.com/english-corpora,English Corpora,[],"[""Linguistics""]",[],"[""Registration Required""]",[],2026-01-13 21:34:14,2026-08-25 04:03:31,False
78874199,Entertainment Industry Magazine Archive,"Historical archive of major trade and consumer magazines in film, television, music, radio, and theater, from their inception to 2000. Includes Variety , Hollywood Reporter , Back Stage , Billboard , and more.",,https://go.openathens.net/redirector/ucsd.edu?url=https%3A%2F%2Fwww.proquest.com%2Feima%3Faccountid%3D14524,https://ucsd.libguides.com/eima,ProQuest,"[""News & Newspapers"", ""Primary Sources""]","[""Communication"", ""Film & Video"", ""Music"", ""Theater & Dance""]",[],[],"[""EIMA""]",2024-11-08 18:39:23,2025-06-16 17:11:06,False
3169021,Environment Complete,"Offers deep coverage in applicable areas of agriculture, ecosystem ecology, energy, renewable energy sources, natural resources, marine & freshwater science, geography, pollution & waste management, environmental technology, environmental law, public policy, social impacts, urban planning, and more. It contains more than 2.5 million records from more than 2,350 domestic and international titles dating back to 1888. Formerly Environment Index.",,https://research.ebsco.com/c/xuxb7f/search/advanced/filters?db=eih,https://ucsd.libguides.com/environcomplete,EBSCO,[],"[""Environmental Studies"", ""Public Health"", ""Urban Studies & Planning""]","[{""name"": ""Environmental Studies"", ""rank"": 1}, {""name"": ""Urban Studies & Planning"", ""rank"": 1}]",[],[],2014-06-20 04:01:42,2025-06-16 17:45:19,False
56965356,Environmental Issues Online,"Brings together multimedia materials (text, archival primary sources, video and audio) around key environmental challenges, including climate change, water/air pollution, biodiversity, conservation, agriculture, deforestation and more. The database focuses on specific environmental case studies that enable students, teachers, and researchers to dive into particular, local problems and to investigate how solutions have been created (or not created) in globally scale-able ways. Each case study includes published text, films, documentaries, government reports, NGO publications, monographs, regulations debates, contextualizing resources, and archival primary sources, with an eye toward situating each case in its historical context and supporting continued interdisciplinary dialogue to invent multi-faceted and creative solutions for the future.",,https://go.openathens.net/redirector/ucsd.edu?url=https%3A%2F%2Fsearch.alexanderstreet.com%2Fenvi,https://ucsd.libguides.com/environmentalissues,Alexander Street Press,"[""Primary Sources"", ""Streaming Media""]","[""Environmental Studies""]","[{""name"": ""Environmental Studies"", ""rank"": 1}]",[],[],2020-08-28 19:56:19,2025-06-04 18:40:41,False
37721639,EPS China Statistics,"Provides series statistical data on China. As of November 2017, the EPS Data Platform includes 41 China databases sourced from industrial, regional and national organizations, covering various subjects/industries/fields and all regions of China. It offers data retrieval, processing, analysis, forecasting, visualization display and data export. EPS China Statistics has both English and Chinese versions, and contains over 1.2 million basic and combined statistical indicators in time series with a yearly increment of more than 30 million numeric data. URL to Chinese version: http://olap.epsnet.com.cn/index.html",,https://go.openathens.net/redirector/ucsd.edu?url=http%3A%2F%2Fwww.epschinadata.com%2F,https://ucsd.libguides.com/epschina,,"[""Datasets & Statistics""]","[""Chinese Studies"", ""Economics""]",[],[],[],2017-11-22 21:50:21,2025-06-04 18:44:00,False
3169006,ERIC (Education Resources Information Center),Sponsored by the U.S. Dept of Education; provides access to educational-related literature. Coverage includes journal articles and non-journal sources in education which are not available online. The ProQuest platform is the recommended access.,Also available on the EBSCO platform . Also available for free from Institute of Education Sciences .,https://go.openathens.net/redirector/ucsd.edu?url=https%3A%2F%2Fwww.proquest.com%2Feric%2Fadvanced%2F%3Faccountid%3D14524,https://ucsd.libguides.com/ericpq,ProQuest,[],"[""Education"", ""Government Information"", ""Human Developmental Sciences""]","[{""name"": ""Education"", ""rank"": 1}, {""name"": ""Human Developmental Sciences"", ""rank"": 1}]",[],[],2014-06-18 07:47:38,2026-03-06 23:52:45,False
19117495,EScholarship,eScholarship provides Open-Access scholarly publishing services to the University of California and delivers a dynamic research platform to scholars worldwide. Powered by the California Digital Library.,,https://escholarship.org/,,,[],"[""Cognitive Science"", ""Linguistics""]",[],[],[],2016-01-27 23:53:42,2025-10-01 18:43:57,False
85743102,Essential Primary Sources - Schlager Digital Library,"Digital collection pairing essential and milestone historical documents with original scholarly commentaries and introductions. These curated works bridge the gap between high-level research archives and undergraduate education, covering topics such as U.S. history and government, world history (ancient to modern), business history, ethnic, gender, & identity studies, and religious studies.",,https://library.schlagergroup.com/institutions/login?q=ucsd,https://ucsd.libguides.com/schlager,,"[""Primary Sources""]","[""Business"", ""History"", ""Political Science"", ""United States History""]",[],[],[],2026-08-04 17:54:13,2026-08-04 19:52:28,False
5171138,Ethnic NewsWatch (1960-present),"Full text U.S. ethnic community newspapers, newsletters, magazines. Includes African-American, Arab/Middle Eastern, Asian-Pacific, European-American, Hispanic, Jewish, Native-American. Searchable in English and Spanish.",,https://go.openathens.net/redirector/ucsd.edu?url=https%3A%2F%2Fwww.proquest.com%2Fethnicnewswatch%2Fadvanced%2F%3Faccountid%3D14524,https://ucsd.libguides.com/ethnicnewswatch,ProQuest,"[""Book & Film Reviews"", ""News & Newspapers""]","[""Ethnic Studies"", ""Literature""]","[{""name"": ""Literature"", ""rank"": 1}]",[],[],2014-09-24 20:50:06,2025-11-07 22:39:01,False
76865815,Ethnographic Video Online: Festivals and Archives,"This collection provides a space for visual anthropologists of today to showcase and disseminate their most compelling work. With a focus on curating award-winning titles from contemporary ethnographic film festivals, this content will capture students’ attention by connecting them with topics familiar to their own time and place.",,https://go.openathens.net/redirector/ucsd.edu?url=https%3A%2F%2Fvideo.alexanderstreet.com%2Fchannel%2Fethnographic-video-online-festivals-and-archives,https://ucsd.libguides.com/ethnographicfestivals,Alexander Street Press,[],"[""Anthropology"", ""Ethnic Studies"", ""Pacific Island Studies""]",[],[],[],2024-06-07 19:56:08,2025-06-06 01:43:20,False
14774653,Ethnographic Video Online: Foundational Films,"Database of anthropological documentary films, covering every region of the world, featuring the work of many influential documentary filmmakers of the 20th century. Includes transcripts, interviews, previously unreleased raw footage, field notes, study guides, etc. As of August 2015, has 1,844 videos (1,319 hours). Individual films are also cataloged in UC Library Search - as "" Alexander Street Press. Ethnographic online videos """,,https://go.openathens.net/redirector/ucsd.edu?url=https%3A%2F%2Fvideo.alexanderstreet.com%2Fchannel%2Fethnographic-video-online-foundational-films,https://ucsd.libguides.com/ethnographicfoundational,Alexander Street Press,"[""Streaming Media""]","[""Anthropology"", ""Archaeology"", ""Pacific Island Studies""]","[{""name"": ""Anthropology"", ""rank"": 1}]",[],[],2015-08-06 21:29:19,2025-11-07 22:37:37,False
62921867,Ethnographic Video Online: Indigenous Voices,"The role of the traditional ethnographer is changing as the perspectives and epistemologies of indigenous peoples have taken on central significance in the discipline, challenging earlier representations and implicit “us versus them” constructs. In order to create a platform for indigenous voices to address issues from indigenous perspectives, we have dedicated the third volume of the ethnographic film series to indigenous filmmakers.",,https://go.openathens.net/redirector/ucsd.edu?url=https%3A%2F%2Fvideo.alexanderstreet.com%2Fchannel%2Fethnographic-video-online-indigenous-voices,https://ucsd.libguides.com/ethnographicindigenous,Alexander Street Press,"[""Streaming Media""]","[""Anthropology"", ""Pacific Island Studies""]",[],[],[],2021-08-20 19:38:38,2025-06-06 01:50:18,False
29321237,Ethnologue: Languages of the World,"A comprehensive reference work cataloging all of the world's known living languages. Since 1951, the Ethnologue has been an active research project involving hundreds of linguists and other researchers around the world. It is widely regarded to be the most comprehensive source of information of its kind. With the academic subscription, you “Get unfettered access to our language and country profiles, maps, statistics, language family trees, and more,"" but country reports are sold to individuals separately.",,https://go.openathens.net/redirector/ucsd.edu?url=https%3A%2F%2Fwww.ethnologue.com%2F,https://ucsd.libguides.com/ethnologue,,[],"[""Anthropology"", ""Linguistics"", ""Pacific Island Studies""]","[{""name"": ""Linguistics"", ""rank"": 1}]",[],[],2017-02-14 19:34:36,2025-08-29 22:04:58,False
68120806,Ethnomusicology: Global Field Recordings,"Contains materials from cultural studies of music from across the globe, including thousands of audio field recordings and interviews, educational recordings, film footage, field notebooks, slides, correspondence, and ephemera from over 60 fields of study.",,https://go.openathens.net/redirector/ucsd.edu?url=https%3A%2F%2Fwww.ethnomusicology.amdigital.co.uk%2F,https://ucsd.libguides.com/ethnomusicology,Adam Matthew Digital,"[""Streaming Media""]","[""Music""]",[],[],[],2022-08-16 19:51:48,2025-06-16 17:11:06,False
21699232,"Everyday Life & Women in America, c.1800-1920","This digital collection provides access to rare primary source material on American social, cultural, and popular history from the Sallie Bingham Center for Women's History, Duke University and The New York Public Library. It comprises thousands of fully searchable images (alongside transcriptions) of monographs, pamphlets, periodicals and broadsides addressing 19th and early 20th century political, social and gender issues, religion, race, education, employment, marriage, sexuality, home and family life, health, and pastimes, emphasizing conduct of life and domestic management literature, the daily lives of women and men, and contrasts in regional, urban and rural cultures.",,https://go.openathens.net/redirector/ucsd.edu?url=https%3A%2F%2Fwww.everydaylife.amdigital.co.uk%2F,https://ucsd.libguides.com/everydaylife,Adam Matthew Digital,"[""Primary Sources""]","[""Critical Gender Studies"", ""History"", ""Literature"", ""United States History""]","[{""name"": ""Literature"", ""rank"": 1}]",[],[],2016-05-20 17:35:30,2025-11-03 19:47:36,False
20883605,EVGeoCloud,"EVGeoCloud allows users to create custom maps and analyses using data from a variety of GIS datasets, including topographic maps and population data. Includes tools to analyze raster data (when available), and to query and download data. EVGeoCloud currently hosts many terabytes of vector data, raster data and digital maps including the licensed LandScan datasets and the public domain Natural Earth datasets. VPN required for off-campus access.",,https://cdlib.org/services/info-services/evgeocloud/,,East View,"[""GIS""]","[""GIS""]",[],"[""VPN Required Off Campus""]",[],2016-04-14 04:12:34,2026-01-27 00:45:56,False
3169043,Factiva,"Provides access to over 16,000 global sources including: * 1,000+ Global and local newspapers * 3,000+ Journals and magazines * 30,000+ Company Reports. Factiva.com delivers content in 27 languages, from Arabic to Vietnamese.","Scroll down on the landing page to the Newsstand: US section for the latest content of Wall Street Journal, USA Today, Los Angeles Times, New York Times, Washington Post, Chicago Tribune, Barron's & more.",https://go.openathens.net/redirector/ucsd.edu?url=https%3A%2F%2Fglobal.factiva.com%2Fen%2Fsess%2Flogin.asp%3FXSID%3DS003Wvf3cVoZXVyMTZyMT2qMpUpNDMtNXmm5FfH4dQmYtfhWb7NQUFBQUFBQUFBQUFBQUFBQUFBQUFBQUFBQUFBQUFBQUFB,https://ucsd.libguides.com/factiva,,"[""News & Newspapers""]","[""Accounting & Taxation"", ""Business"", ""Economics"", ""International Studies"", ""Japanese Studies"", ""Latin American Studies"", ""Market Research"", ""Political Science""]","[{""name"": ""Business"", ""rank"": 1}]",[],[],2014-06-21 04:28:52,2025-07-01 02:02:38,False
5170303,Family & Society Studies Worldwide,"Publications indexed are drawn from a wide range of social science disciplines including anthropology, sociology, psychology, demography, health sciences, education, economics, law, history, and social work. Covers 1970-present.",,https://research.ebsco.com/c/xuxb7f/search/advanced/filters?db=flh,https://ucsd.libguides.com/famsocstudies,EBSCO,[],"[""Anthropology""]",[],[],[],2014-09-24 20:02:33,2025-08-29 22:08:26,False
3169109,FIAF: International Index to Film Periodicals,"1972-present. Includes comprehensive coverage of television periodicals 1972-2000, and coverage of tv in film periodicals since that date. Also several other more specialized databases on film research.",,https://go.openathens.net/redirector/ucsd.edu?url=https%3A%2F%2Fwww.proquest.com%2Ffiafindex%2Fadvanced%3Faccountid%3D14524,https://ucsd.libguides.com/fiaf,ProQuest,"[""Book & Film Reviews""]","[""Film & Video"", ""Theater & Dance""]",[],[],[],2014-06-23 23:43:38,2025-11-03 19:06:30,False
3169110,Film and Television Literature Index,"1987-present; limited 1970-86. Covers writing about film and television for scholars, students and the general public. Subjects include film & television theory, preservation & restoration, writing, production, cinematography, technical aspects, reviews",,https://research.ebsco.com/c/xuxb7f/search/advanced/filters?db=f3h,https://ucsd.libguides.com/filmandtv,EBSCO,"[""Book & Film Reviews""]","[""Film & Video""]",[],[],[],2014-06-23 23:44:04,2025-11-03 19:06:30,False
5170328,Film Index International,Film Index International is a major information resource for entertainment films and personalities produced in collaboration with the British Film Institute.,,https://go.openathens.net/redirector/ucsd.edu?url=https%3A%2F%2Fwww.proquest.com%2Ffii%2Fadvanced%3Faccountid%3D14524,https://ucsd.libguides.com/filmindex,ProQuest,[],"[""Film & Video""]",[],[],[],2014-09-24 20:04:50,2025-11-03 19:48:31,False
35533056,Film Scripts Online,"The Film Scripts Online Series contains 1,500 film scripts--an exploration of culture and cinema through the decades. This highly structured archive offers a bibliographic and biographical database of directors and writers, along with the full text of the movies themselves. From the earliest silent films through to the present, the cultural attitudes and lifestyles are reflected in the medium. Film Scripts Online: Volume II focuses more on contemporary and international films.",,https://go.openathens.net/redirector/ucsd.edu?url=https%3A%2F%2Fsearch.alexanderstreet.com%2Fafso,https://ucsd.libguides.com/filmscripts,Alexander Street Press,"[""E-Books"", ""Primary Sources""]","[""Film & Video""]",[],[],[],2017-09-06 19:09:27,2026-05-14 21:52:14,False
53915423,Films on Demand,"Contains outstanding educational programs. Many programs from the History Channel, Biography Channel, BBC, PBS and other news channels are included in this collection.",,https://go.openathens.net/redirector/ucsd.edu?url=https%3A%2F%2Ffod.infobase.com%2FPortalPlayLists.aspx%3Fwid%3D103560,https://ucsd.libguides.com/filmsondemand,,"[""Streaming Media""]","[""Film & Video""]","[{""name"": ""Film & Video"", ""rank"": 1}]",[],[],2020-04-16 05:08:21,2025-06-06 02:48:05,False
70018419,Financial Times (FT.com),"Registration required . FT is a leading international English-language news source based in London. It features world business, politics and economic news, as well as dedicated coverage of company news, climate change, technology, the arts, culture and book reviews. Students, faculty, and staff may create a free personal account that includes FT.com app or desktop access, set up “myFT” customized news feeds and alerts, access special reports and the ePaper, which is the digital reproduction of today’s print edition (2005-present, U.S. edition). Our subscription is sponsored by Rady School of Management and UC San Diego Library.",,https://ucsd.libguides.com/newspapers/FT,https://ucsd.libguides.com/FT,,"[""News & Newspapers""]","[""Accounting & Taxation"", ""Business"", ""Communication"", ""Economics"", ""Environmental Studies"", ""European Studies"", ""International Studies"", ""Political Science""]","[{""name"": ""Business"", ""rank"": 1}]","[""Registration Required""]","[""Financial Times"", "" FT.com""]",2023-01-06 21:39:03,2026-04-13 16:13:50,False
27644916,Financial Times Historical Archive (1888-2010),"Provides full-text searching and access to one of the world’s most authoritative sources on international business, economics, and politics.",,https://go.gale.com/ps/i.do?p=FTHA&sw=w&u=ucsandiego&v=2.1&pg=BasicSearch&it=static&sid=bookmark-FTHA,https://ucsd.libguides.com/fthistorical,Gale/Cengage Learning,"[""News & Newspapers""]","[""Accounting & Taxation"", ""Business"", ""Economics"", ""International Studies""]",[],[],[],2016-12-19 21:23:10,2025-06-09 20:30:13,False
77466985,Fire Insurance Maps online (FIMo),"A digital collection of historical color fire insurance maps, real estate atlases, plat books, and similar land use maps for North America. The maps show building structures, building construction details, property ownership, property uses, and other useful information. Maps include publications by Sanborn, Perris, Hexamer, Whipple, Baist, Bromley, Hopkins and others. Coverage is only for California, and dates of coverage is from the 1880's-1960's.",,https://go.openathens.net/redirector/ucsd.edu?url=https%3A%2F%2Ffims.historicalinfo.com%2FFIMS.aspx,https://ucsd.libguides.com/fireinsurance,Historical Information Gatherers,"[""Images""]","[""Environmental Studies"", ""Maps"", ""United States History"", ""Urban Studies & Planning""]",[],[],[],2024-07-30 19:42:37,2026-04-22 15:49:55,False
77054902,First World War,"This portal makes invaluable primary sources for the study of the Great War available, organized into four thematic modules. From personal collections and rare printed material to military files, artwork and audio-visual files, content highlights the experiences of soldiers, civilians and governments on both sides of a conflict that shook the world.",Includes: Personal Experiences Propaganda and Recruitment Visual Perspectives and Narratives A Global Conflict,https://go.openathens.net/redirector/ucsd.edu?url=https%3A%2F%2Fwww.firstworldwar.amdigital.co.uk%2F,https://ucsd.libguides.com/firstworldwar,Adam Matthew Digital,"[""Primary Sources""]","[""European Studies"", ""History"", ""United States History""]",[],[],[],2024-06-25 18:19:43,2026-04-27 19:19:50,False
77049719,Food and Drink in History,"From feast to famine, explore primary source material documenting the story of food and drink throughout history. The materials in this collection illustrate the deep links between food and identity, politics and power, gender, race and socio-economic status, as well as charting key issues around agriculture, nutrition and food production.",,https://go.openathens.net/redirector/ucsd.edu?url=https%3A%2F%2Fwww.foodanddrink.amdigital.co.uk%2F,https://ucsd.libguides.com/fooddrink,Adam Matthew Digital,"[""Primary Sources""]","[""History"", ""Sociology""]",[],[],[],2024-06-25 15:54:24,2026-04-27 19:10:19,False
19461514,Food Studies Online,"A database offering the most relevant and valuable materials in the area of food studies. It includes works about how food shapes and defines people's lives through the eyes of philosophers, historians, scientists, sociologists, artists, anthropologists, activists, physicists, psychologists, chefs, and many other important researchers.",,https://go.openathens.net/redirector/ucsd.edu?url=http%3A%2F%2Fsearch.alexanderstreet.com%2Ffood,https://ucsd.libguides.com/foodstudies,Alexander Street Press,"[""Primary Sources"", ""Streaming Media""]","[""Anthropology""]",[],[],[],2016-02-10 18:58:01,2025-06-06 17:19:27,False
4762749,Foreign Broadcast Information Service (FBIS) Daily Reports (1941-1996),"Translations by U.S. government of international magazine, newspaper, and newswire stories, transcripts from speeches and radio and television. Scanned from print Daily Report issues covering areas such as China, East Asia, Latin America.",,https://go.openathens.net/redirector/ucsd.edu?url=https%3A%2F%2Finfoweb.newsbank.com%2Fapps%2Freadex%2F%3Fp%3DFBISX,https://ucsd.libguides.com/fbis,Readex,"[""News & Newspapers"", ""Primary Sources""]","[""Chinese Studies"", ""European Studies"", ""Government Information"", ""History"", ""International Studies"", ""Japanese Studies"", ""Latin American Studies"", ""Political Science"", ""United States History""]",[],[],[],2014-09-01 04:17:19,2025-06-09 20:30:55,False
16024377,"Foreign Office Files For China, 1919-1980","The six parts of this collection make available all British Foreign Office files dealing with China, Hong Kong and Taiwan between 1919 and 1980: 1919-1929: Kuomintang, CCP and the Third International 1930-1937: The Long March, civil war in China and the Manchurian Crisis 1938-1948: Open Door, Japanese war and the seeds of communist victory 1949-1956: The Communist revolution 1957-1966: The Great Leap Forward 1967-1980: The Cultural Revolution",,https://go.openathens.net/redirector/ucsd.edu?url=https%3A%2F%2Fwww.foreignofficefileschina.amdigital.co.uk,https://ucsd.libguides.com/foreignoffice-china,Adam Matthew Digital,"[""Primary Sources""]","[""Chinese Studies"", ""History""]",[],[],[],2015-09-17 22:09:14,2026-05-14 20:28:28,False
14776047,"Foreign Office Files for India, Pakistan and Afghanistan, 1947-1980","This collection of files from the Foreign Office (later the Foreign and Commonwealth Office) and Dominions Office focuses on the political and social history of India, Pakistan and Afghanistan. ... consists of the complete run of documents in the series DO 133, DO 134 and FCO 37, as well as all documents covering the Indian subcontinent in the FO 371 series.","Includes: Section I. Independence, partition, and the Nehru era, 1947-64 Section II. South Asian conflicts and independence for Bangladesh, 1964-71 Ssection III. Afghanistan and the Cold War, emergency rule in India, and the resumption of civilian rule in Pakistan, 1972-80",https://go.openathens.net/redirector/ucsd.edu?url=https%3A%2F%2Fwww.foreignofficefilesindia.amdigital.co.uk%2F,https://ucsd.libguides.com/foreignoffice-india,Adam Matthew Digital,"[""Primary Sources""]","[""History"", ""International Studies"", ""Middle East Studies""]",[],[],[],2015-08-06 22:38:00,2026-05-14 20:29:02,False
77016561,"Foreign Office Files for Japan, 1919-1952","Published in three parts, this collection makes available extensive coverage of British Foreign Office files dealing with Japan between 1919 and 1952. • Japanese Imperialism and the War in the Pacific, 1931-1945 • Occupation of Japan, 1946-1952 • Japan and Great Power Status, 1919-1930",,https://go.openathens.net/redirector/ucsd.edu?url=https%3A%2F%2Fwww.foreignofficefilesjapan.amdigital.co.uk%2F,https://ucsd.libguides.com/foreignoffice-japan,Adam Matthew Digital,"[""Primary Sources""]","[""Japanese Studies""]",[],[],[],2024-06-21 23:29:20,2026-05-14 20:29:37,False
77055832,"Foreign Office Files for Southeast Asia, 1963-1980","This collection offers an insight into the significant changes that took place in Southeast Asia during 1963-1980, including the creation of Malaysia and the response to this from the wider region.","Includes: Cold War in the Pacific, Trade Relations, and the Post-Independence Period, 1963-1966 Foundations of Economic Growth and Industrialisation, 1967-1980",https://go.openathens.net/redirector/ucsd.edu?url=https%3A%2F%2Fwww.foreignofficefilessoutheastasia.amdigital.co.uk,https://ucsd.libguides.com/foreignoffice-southeastasia,Adam Matthew Digital,"[""Primary Sources""]","[""History"", ""Political Science""]",[],[],[],2024-06-25 18:39:03,2026-05-14 20:30:00,False
22052614,"Foreign Office Files for the Middle East, 1971-1981","A significant collection of diplomatic correspondence, minutes, reports, political summaries and personality profiles that addresses the policies, economies, political relationships and significant events of every major Middle East power. Conflicts such as the Arab-Israeli War, the Lebanese Civil War and the Iranian Revolution are examined in detail, as are the military interventions and peace negotiations carried out by regional and foreign powers like the United States and Russia. Commercial interests are also scrutinized, with in-depth analyses of Middle East nations’ economic stability and reviews of international arm sales policies. The activities of oil producing nations such as Saudi Arabia are closely monitored, with particular reference to the Gulf States and members of OPEC.",,https://go.openathens.net/redirector/ucsd.edu?url=http%3A%2F%2Fwww.archivesdirect.amdigital.co.uk%2FFO_MiddleEast,https://ucsd.libguides.com/foreignoffice-middleeast,Adam Matthew Digital,"[""Primary Sources""]","[""History"", ""International Studies"", ""Middle East Studies""]",[],[],[],2016-06-02 22:49:45,2026-05-14 20:30:28,False
25293953,"Frontier Life: Borderlands, Settlement & Colonial Encounters","These primary source documents collected here help understand existence and consequences on the various frontiers that arose from the movements of Europeans to Africa, Australasia and North America. Document types include correspondence, diaries, government papers, business records, land transactions, legal documents, speeches, books and pamphlets. The earliest documents are from the seventeenth century and the latest the mid-point of the twentieth century.","The earliest documents in this collection are from the seventeenth century but the majority of the material originates from the eighteenth and nineteenth centuries. The material covering North America covers the varied frontier regions from fur trappers in Canada to cowboys in Texas and government in Baja California. It is divided into the frontier regions of the American East, the American Midwest, the American Southwest, California & Mexico and Canada. It covers the exploration of these regions followed by trade with native peoples, colonial rivalries, expansion of government and new nations and the final settlement and 'closing' of the frontier. These materials include a large number of manuscripts from the UC San Diego Library's Special Collections & Archives, including a collection of municipal and government documents from Baja California that are too fragile to be used in their original format in the library (Baja California government documents. MSS 778.) Africa is mainly represented by its frontiers of the south with the British colonial expansion into modern day South Africa. There are also excellent clusters of material relating to the exploration of West Africa and the colonial administration of Lagos. The beginnings of European Australia and New Zealand are covered by British government documents, starting with Arthur Phillip and the penal colony at Sydney. The frontiers of other parts of Australia are also covered by documents from the UK National Archives and some material from Australian archives. Finally, there is some material relating to Central America, specifically British Honduras (Belize), in the form of the George Arthur Papers. George Arthur’s career here relates to the other regions featured here as he spent time on the Canadian and Australian frontiers.",https://go.openathens.net/redirector/ucsd.edu?url=http%3A%2F%2Fwww.frontierlife.amdigital.co.uk%2F,https://ucsd.libguides.com/frontier,Adam Matthew Digital,"[""Primary Sources""]","[""United States History""]",[],[],"[""Special Collections & Archives"", "" UC San Diego Library; Baja California government documents"", "" MSS 778""]",2016-09-15 18:27:58,2025-06-06 17:41:25,False
77947038,Fuente Académica Plus,"This database includes full-text Spanish- and Portuguese-language scholarly journals. It provides access to 1,658 active full-text journals from Latin America, Portugal and Spain covering all major academic disciplines.",,https://research.ebsco.com/c/xuxb7f/search/advanced/filters?db=fap,https://ucsd.libguides.com/fuenteacademica,EBSCO,"[""Multidisciplinary""]","[""European Studies"", ""Latin American Studies""]",[],[],[],2024-09-02 02:35:45,2025-06-16 17:48:48,False
73790403,Full Text Discovery - Document Delivery System 全文发现-文献传输系统,"Great for discovering web resources especially government documents （法规，规章，文件，公报，新闻发布）as well as rare/ancient books. (Note: If you see websites that show 404, it's because they have been taken down by the webmaster/government. This search engine only discovers websites, they will not save the content on a separate server)",,https://go.openathens.net/redirector/ucsd.edu?url=http%3A%2F%2Fguji.dahailaozhen.cn%2F,https://ucsd.libguides.com/fulltextdiscovery,,[],"[""Chinese Studies""]",[],[],[],2023-10-03 20:28:40,2026-05-14 20:31:27,False
78878365,Funk & Wagnalls New World Encyclopedia,"Includes more than 25,000 encyclopedic entries covering a variety of subject areas.",,https://research.ebsco.com/c/xuxb7f/search/advanced/filters?db=funk,https://ucsd.libguides.com/funkwagnalls,EBSCO,[],[],[],[],[],2024-11-08 23:49:08,2025-06-16 17:49:41,False
3169050,Gale Business Insights,"GBI is a great first-stop for business and management information. It includes information on companies and industries from business and trade journals, academic journals, industry reports, newspapers, newsletters, and classic business reference sources. Search on a company name. In the search results, click on individual companies to open well-organized company profiles.",,https://go.gale.com/ps/dispBasicSearch.do?userGroupName=ucsandiego&prodId=GBIB,https://ucsd.libguides.com/galebusiness,Gale/Cengage Learning,"[""Directories"", ""Multidisciplinary"", ""News & Newspapers""]","[""Business"", ""Economics"", ""Market Research""]","[{""name"": ""Business"", ""rank"": 1}]",[],"[""Business Insights: Global (former name)""]",2014-06-21 04:30:45,2025-04-03 17:44:23,False
77553006,Gale Literature,"This resource allows you to search across several Gale ebooks and literature collections at once, including: Gale eBooks Gale Literature Criticism Gale Literature Resource Center Gale Literature: Scribner Writer Series Gale Literature: Something About the Author Gale Literature: Twayne's Author Series",,https://link.gale.com/apps/GLS?u=ucsandiego,https://ucsd.libguides.com/galeliterature,Gale/Cengage Learning,"[""E-Books""]","[""Literature""]",[],[],[],2024-08-06 14:57:43,2026-05-14 20:33:36,False
19326653,Gale Literature Resource Center,"Provides access to biographies, bibliographies, and critical analyses of authors from every age and literary discipline.",,http://galenet.galegroup.com/servlet/LitRC?locID=ucsandiego,https://ucsd.libguides.com/litrc,Gale/Cengage Learning,"[""Book & Film Reviews""]","[""Literature""]","[{""name"": ""Literature"", ""rank"": 1}]",[],[],2016-02-05 01:32:42,2025-02-11 22:04:41,False
77525535,Gale Literature: Something About the Author,"This series examines the lives and works of authors and illustrators for children and young adults. It totals more than 290 volumes, 20,000 entries, and nearly 30,000 images.",,https://go.gale.com/ps/start.do?p=SATA&u=ucsandiego&aty=ip,https://ucsd.libguides.com/galesomething,Gale/Cengage Learning,"[""E-Books"", ""Images""]","[""Literature""]",[],[],[],2024-08-02 23:37:35,2026-05-14 20:34:04,False
22517803,Gale Primary Sources,"Gale Artemis unites Gale's digital archives, allowing researchers to uncover primary source documents in archives where they may not have thought to look. Includes term frequencies, term clusters, and basic visualizations.","Includes: 17th and 18th Century Burney Collection Archives Unbound Archives of Human Sexuality and Identity The Economist Historical Archive, 1843-2011 Eighteenth Century Collections Online The Financial Times Historical Archive, 1888-2010 The Making of Modern Law: Trials, 1600-1926 The Making of the Modern World Nineteenth Century Collections Online Nineteenth Century U.S. Newspapers The Sunday Times Digital Archive The Times Digital Archive U.S. Declassified Documents Online",https://go.gale.com/ps/start.do?p=GDCS&u=ucsandiego,https://ucsd.libguides.com/galeprimary,Gale/Cengage Learning,"[""Primary Sources""]","[""Business"", ""Chinese Studies"", ""Critical Gender Studies"", ""Economics"", ""Ethnic Studies"", ""European Studies"", ""History"", ""International Studies"", ""Japanese Studies"", ""Jewish Studies"", ""Latin American Studies"", ""Law"", ""Literature"", ""Political Science"", ""United States History""]",[],[],[],2016-06-17 18:01:59,2025-03-13 16:04:08,False
5651753,Gazetteers 地方志 in Chinamaxx Digital Libraries,UC San Diego and UC Santa Barbara users have access to a collection of local gazetteers from mostly 1960s through 1980s.,,https://go.openathens.net/redirector/ucsd.edu?url=https%3A%2F%2Fwww.chinamaxx.net%2Fhwzt%2Fclassic%2Flist%3FhwClassify%3DWS,https://ucsd.libguides.com/gazetteers,,[],"[""Chinese Studies""]",[],[],[],2014-10-16 21:56:13,2026-05-14 21:52:46,False
76950406,Gender: Identity and Social Change,"Essential primary sources documenting the changing representations and lived experiences of gender roles and relations from the nineteenth century to the present. This expansive collection offers sources for the study of women's suffrage, the feminist movement, the men’s movement, employment, education, the body, the family, and government and politics",,https://go.openathens.net/redirector/ucsd.edu?url=https%3A%2F%2Fwww.genderidentityandsocialchange.amdigital.co.uk%2F,https://ucsd.libguides.com/gender,Adam Matthew Digital,"[""Primary Sources""]","[""Critical Gender Studies""]",[],[],[],2024-06-14 23:14:15,2025-06-06 17:52:00,False
4734467,GenderWatch,A full text database of publications that focus on the impact of gender across a broad spectrum of subject areas. 1970s-present.,,https://go.openathens.net/redirector/ucsd.edu?url=https%3A%2F%2Fwww.proquest.com%2Fgenderwatch%2Fadvanced%2F%3Faccountid%3D14524,https://ucsd.libguides.com/genderwatch,ProQuest,[],"[""Critical Gender Studies"", ""Literature""]","[{""name"": ""Critical Gender Studies"", ""rank"": 2}, {""name"": ""Literature"", ""rank"": 1}]",[],[],2014-08-28 16:58:57,2026-02-25 23:01:01,False
15097139,German Literary Expressionism Online,"Contains 151 journals, yearbooks, collections, and anthologies from the early 20th century in full text. Many of the most important literary figures of the 20th century made their first literary appearances in periodicals. They included Hugo Ball, Johannes R. Becher, Gottfried Benn, Georg Heym, Klabund, Else Lasker-Schüler, Georg Trakl, and Franz Werfel. Authors, philosophers, theologians, politicians, historians, art historians, psychologists, and many others not belonging to the central circle of expressionists, such as Martin Buber, Gerhart Hauptmann, Theodor Heuss, Hugo von Hofmannsthal, Gustav Landauer, Rainer Maria Rilke, and Arthur Schnitzler, also wrote for the new journals. Included in the database are journals with literary aspirations, such as ""Der Sturm"" and ""Die Weissen Blätter,"" as well as journals with political objectives, such as ""Die Aktion."" The database serves as a source on German literature of the Modern era and can be used for the study of the history of art, theater, film, dance and music between 1910 and 1930. Materials contained in the database are presented as online facsimiles, with a variety of search possibilities, including full text. A scholarly introduction and short bio-bibliographical articles on the 350 Expressionist authors represented complete the database.",,https://go.openathens.net/redirector/ucsd.edu?url=https%3A%2F%2Fwww.degruyterbrill.com%2Fdatabase%2FLEX%2Fhtml,https://ucsd.libguides.com/germanliterary,DeGruyter,"[""Primary Sources""]","[""European Studies"", ""Literature""]",[],[],[],2015-08-18 16:05:39,2025-07-22 02:17:19,False
78878383,Gerritsen Women's History Collection of Aletta H. Jacobs‎,"A broad multi-language resource for the study of women's history, comprising more than 4,700 books, pamphlets, and journals from Europe, the U.S., Canada, the U.K., and New Zealand, ranging from 1543-1945.",,https://go.openathens.net/redirector/ucsd.edu?url=https%3A%2F%2Fwww.proquest.com%2Fgerritsen%2Fadvanced%2Fhistory%2FfromDatabasesLayer%3Faccountid%3D14524,https://ucsd.libguides.com/gerritsen,ProQuest,"[""Primary Sources""]","[""Critical Gender Studies"", ""History""]",[],[],[],2024-11-08 23:55:01,2025-06-06 18:01:39,False
84659530,GIDEON (Global Infectious Diseases and Epidemiology Online Network),"Your ultimate platform for all infectious diseases, epidemiology, and microbiology information. Known for its comprehensive content and robust data synthesis with millions of data points, GIDEON is updated daily by a global team of medical scientists. The platform features easy-to-use tools for pathogen identification, diagnosis, and dynamic data analysis. Explore by infectious diseases or anti-infective drugs, outbreaks (including historical), vaccines, pathogens, countries, and more.",,https://go.openathens.net/redirector/ucsd.edu?url=https%3A%2F%2Fapp.gideononline.com,https://ucsd.libguides.com/gideon,,"[""Datasets & Statistics""]","[""Biological Sciences"", ""Biomedical Informatics"", ""Health Sciences"", ""History of Science"", ""Medicine"", ""Public Health""]",[],[],[],2026-04-17 23:56:06,2026-06-26 21:31:43,False
73489486,Gilded Age and Progressive Era,"Explore America’s transformative age of industrialization, expanding wealth, inequality and social change. Personal collections, business records and rich visual content offer fresh perspectives on this influential period.",,https://go.openathens.net/redirector/ucsd.edu?url=https%3A%2F%2Fwww.gildedage.amdigital.co.uk%2F,https://ucsd.libguides.com/gildedage,Adam Matthew Digital,"[""Primary Sources""]","[""History"", ""United States History""]",[],[],[],2023-09-14 21:52:36,2025-06-06 18:06:47,False
76967164,"Global Commodities: Trade, Exploration & Cultural Change","This resource brings together manuscript, printed and visual primary source materials for the study of global commodities in world history. The commodities featured in this resource have been transported, exchanged and consumed around the world for hundreds of years. They helped transform societies, global trading operations, habits of consumption and social practices.",,https://go.openathens.net/redirector/ucsd.edu?url=https%3A%2F%2Fwww.globalcommodities.amdigital.co.uk%2F,https://ucsd.libguides.com/globalcommodities,Adam Matthew Digital,"[""Primary Sources""]","[""Business"", ""Economics"", ""History""]",[],[],[],2024-06-17 22:25:06,2026-05-14 20:36:26,False
84812580,"Global History of Epidemics, 1800-1970","Primary source collection of official UK government records tracking the spread and treatment of major epidemics and pandemics, including Cholera, Plague, Scarlet Fever, Tuberculosis, Malaria, and 75 additional infectious diseases.",,https://go.openathens.net/redirector/ucsd.edu?url=https%3A%2F%2Fwww.globalhistoryofepidemics.amdigital.co.uk%2F,https://ucsd.libguides.com/epidemics,Adam Matthew Digital,"[""Primary Sources""]","[""History of Science"", ""Public Health""]",[],[],[],2026-04-30 17:30:05,2026-06-26 23:30:45,False
63363418,Global Press Archive: East African Newspapers,"The East African Newspapers collection provides insight into this region during a critical time, which witnessed the growth of decolonization as independence movements swelled, and local, autonomous self-governance took hold throughout the region. This period was also punctuated by famine, drought, political uprisings, border disputes, and war as countries worked to navigate the post-colonial landscape. EAN features newspapers from the 1940s to the early 2000s, with over 475,000 pages total from three titles: Daily Nation (Kenya), The Ethiopian Herald, and The Monitor (Uganda). More titles will be added over time to expand research into this dynamic region.",,https://go.openathens.net/redirector/ucsd.edu?url=https%3A%2F%2Fgpa.eastview.com%2Fcrl%2Fean,https://ucsd.libguides.com/globalpress-ean,East View,"[""News & Newspapers""]","[""African Studies"", ""History"", ""International Studies""]",[],[],"[""GPA"", "" EAN""]",2021-09-15 22:41:24,2026-05-14 20:37:37,False
61412774,Global Press Archive: Imperial Russian Newspapers,"The Imperial Russian Newspapers collection comprises 19 out-of-copyright newspapers spanning the eighteenth, nineteenth and early twentieth centuries, up to the 1917 Bolshevik Revolution. With no less than 500,000 pages, the collection’s core titles are from Moscow and St. Petersburg, complemented by regional newspapers across the vast Russian Empire.",,https://gpa.eastview.com/crl/irn/,,East View,"[""News & Newspapers""]","[""European Studies"", ""History"", ""International Studies""]",[],[],"[""GPA"", "" East View""]",2021-05-10 18:56:18,2025-06-06 18:16:24,False
56150269,Global Press Archive: Independent and Revolutionary Mexican Newspapers,"Comprising over 1,000 titles from Mexico’s pre-independence, independence and revolutionary periods (1807-1929), the newspapers in this collection provide rare documentation of the dramatic events of this era and include coverage of Mexican partisan politics, yellow press, political and social satire, as well as local, regional, national and international news.",,https://gpa.eastview.com/crl/irmn,,East View,"[""News & Newspapers""]","[""History"", ""Latin American Studies""]",[],[],"[""GPA"", "" East View""]",2020-07-24 20:24:14,2025-06-06 18:17:43,False
56279680,Global Press Archive: Late Qing and Republican-Era Chinese Newspapers,"The press of more than twenty cities is represented in this collection, spanning the Chinese mainland and the entire half century. It provides researchers a richly comprehensive perspective on Chinese life, culture, and politics throughout the collapse of the Qing Dynasty, the years of provisional government and civil war, and the birth of the People’s Republic.",,https://gpa.eastview.com/crl/lqrcn/,,East View,"[""News & Newspapers""]","[""Chinese Studies"", ""History""]",[],[],"[""GPA"", "" East View""]",2020-07-31 03:22:59,2025-06-06 18:18:39,False
52936405,Global Press Archive: Middle Eastern and North African Newspapers,"Researchers will find a wealth of unique content from the Middle East and North Africa, much of which has never been digitized or available as open access material. Content in the Middle Eastern & North African Newspapers collection is predominantly in Arabic, but also includes key titles in English and French. The collection comprises out-of-copyright, orphaned content, and includes titles such as Al-Iqbal (Lebanon), Al Akhaa al Watani (Iraq), Tangier Gazette (Morocco) and La Vérité (Algeria). Our access includes runs of five in-copyright titles: al-Akhbār (الاخبار, Lebanon, 2006-2019); al-Dustūr (الدستور, Jordan, 1967-2000); al-Jumhūrīyah (الجمهورية, Egypt, 1962-1986); al-Riyāḍ (الرياض, Saudi Arabia, 1972-1996); Filasṭīn (فلسطين, Israel/Palestine, 1956-1967).","Current titles in the Middle Eastern & North African Newspapers collection include: Al Akhaa al Watani (الاخاء الوطني), Iraq, Arabic, 1931-1963 Al Akhbar (الأخبار), Syria, Arabic, 1949-1950 Al Akhbar (الأخبار), Lebanon, Arabic, 1958-1972 Al Balad (البلد), Syria, Arabic, 1950 Al Fayha (الفيحاء), Syria, Arabic, 1950 Al Hawadith (الحوادث), Syria, Arabic, 1950 Al Insha (الانشاء), Syria, Arabic, 1949-1950 Al Islah (الإصلاح), Syria, Arabic, 1949-1959 Al Jabal (الجبل), Syria, Arabic, 1949-1950 Al Tarbiyah (التربية), Syria, Arabic, 1949-1950 Al-Iqbal (الإقبال), Lebanon, Arabic, 1902-1909 Asa Al Jannah (عصا الجنة), Syria, Arabic, 1950 Attakaddoum (التقدم), Algeria, French/Arabic, 1923-1931 Baghdad News, Iraq, English, 1964-1967 Baghdad Times, Iraq, English, 1918-1923 Dou-El-Fakar (ذو الفقار), Algeria, Arabic, 1913-1914 El Farouk (الفاروق), Algeria, Arabic, 1913-1921 El-Mountakid (المنتقد), Algeria, Arabic/French, 1925 La Vérité, Algeria, French/Arabic, 1934-1935 Tangier Gazette: Al-Moghreb Al-Aksa & Morocco, Morocco, English, 1927-1933 Tangier Gazette and Al-Moghreb Al-Aksa, Morocco, English/French, 1949-1950 Tangier Gazette and Morocco Mail, Morocco, English, 1934-1940 Tarik Al Jihad (التربية), Syria, Arabic, 1950 The Iraq Times, Iraq, English/Arabic, 1948-1964 Times of Mesopotamia, Iraq, English, 1921-1924 New titles will continue to be added to the collection, which will ultimately include over thirty newspaper titles and approximately 500,000 pages of content.",https://gpa.eastview.com/crl/mena/,,East View,"[""News & Newspapers""]","[""African Studies"", ""History"", ""International Studies"", ""Middle East Studies""]","[{""name"": ""Middle East Studies"", ""rank"": 3}]",[],"[""GPA"", "" East View""]",2020-03-17 00:07:40,2026-02-26 00:49:50,False
66464146,Global Press Archive: South Asian Newspapers,"The South Asian Newspapers collection chronicles conflicts as well as contemporary perspectives on independence movements, early statehood, and the extensive economic and social growth taking place in the region. It covers several countries, including Afghanistan, Bangladesh (formerly East Pakistan), India, Nepal, Pakistan, and Sri Lanka, and features multiple languages such as Bengali, Dari, English, Nepali, and more.",,https://gpa.eastview.com/crl/san/,,East View,"[""News & Newspapers""]","[""History"", ""International Studies""]",[],[],"[""GPA"", "" East View"", "" Global Press Archive"", "" South Asia""]",2022-04-19 00:22:21,2025-06-06 18:19:23,False
64432275,Global Press Archive: Southeast Asian Newspapers,"The Southeast Asian Newspapers collection chronicles the changes that took place throughout the region during this period, and the challenges of early statehood. Covering several countries from the region, including Myanmar (formerly Burma), Indonesia, Philippines, Thailand, and Vietnam, and featuring multiple languages such as Dutch, English, French, Javanese, Spanish, and Vietnamese, the Southeast Asian Newspapers collection incorporates a wealth of coverage and perspectives on major regional and global events of the late 19th and 20th centuries.",,https://gpa.eastview.com/crl/sean/,,East View,"[""News & Newspapers""]","[""History""]",[],[],"[""GPA"", "" East View""]",2021-11-19 17:32:06,2025-06-06 18:20:10,False
19682076,Global Times 环球时报 (1993-),"The Global Times is a Monday-to-Friday newspaper under the auspices of the People's Daily. The database features past daily issues covering from 1993 to the present; a fully internet version; full text searchable, fully downloadable, and printable.",,https://go.openathens.net/redirector/ucsd.edu?url=https%3A%2F%2Fdata.people.com.cn%2Fpd%2Fhqsb,https://ucsd.libguides.com/globaltimes,Oriprobe,[],"[""Chinese Studies""]",[],[],[],2016-02-18 21:06:20,2026-07-06 22:16:10,False
3169121,Gnomon Online,Excellent bibliographic database for Classical Studies.,,http://www.gnomon.ku-eichstaett.de/Gnomon/Gnomon.html,,,[],"[""Archaeology"", ""Classical Studies"", ""European Studies"", ""History"", ""History of Science"", ""Literature"", ""Religion""]","[{""name"": ""Classical Studies"", ""rank"": 1}]",[],[],2014-06-24 11:01:43,2024-07-03 21:38:43,False
3169054,Google Scholar,"Search for scholarly publications across disciplines & sources: articles, theses/dissertations, books, and more, from academic publishers, professional societies, online repositories, universities etc. Use Scholar Settings-->Library Links option to setup ""University of California, San Diego - Get it at UC"" and if you are searching from off campus, log in to the VPN to get full access to UC San Diego subscribed article content.",,https://scholar.google.com/,,,"[""Multidisciplinary""]","[""Aerospace Engineering"", ""Anthropology"", ""Archaeology"", ""Astronomy & Astrophysics"", ""Biochemistry"", ""Biological Sciences"", ""Business"", ""Chemical Engineering"", ""Chemistry"", ""Climate & Atmospheric Sciences"", ""Cognitive Science"", ""Computer Science"", ""Economics"", ""Electrical Engineering"", ""Geology & Geosciences"", ""History of Science"", ""Linguistics"", ""Marine Sciences"", ""Materials Science"", ""Mathematics & Statistics"", ""Mechanical Engineering"", ""NanoEngineering"", ""Oceanography"", ""Pharmacy & Pharmacology"", ""Philosophy"", ""Physics"", ""Political Science"", ""Religion"", ""Structural Engineering""]","[{""name"": ""Biochemistry"", ""rank"": 2}, {""name"": ""Biological Sciences"", ""rank"": 1}, {""name"": ""Chemical Engineering"", ""rank"": 2}, {""name"": ""Chemistry"", ""rank"": 5}, {""name"": ""Climate & Atmospheric Sciences"", ""rank"": 4}, {""name"": ""Geology & Geosciences"", ""rank"": 4}, {""name"": ""Marine Sciences"", ""rank"": 3}, {""name"": ""Materials Science"", ""rank"": 2}, {""name"": ""Mechanical Engineering"", ""rank"": 5}, {""name"": ""NanoEngineering"", ""rank"": 2}, {""name"": ""Oceanography"", ""rank"": 6}]",[],[],2014-06-21 10:36:57,2026-01-14 17:16:04,False
19324954,GovInfo,GPO's GovInfo provides free public access to official publications from all three branches of the Federal Government.,,https://www.govinfo.gov/,,,[],"[""Government Information"", ""International Studies"", ""Law"", ""Political Science"", ""United States History""]","[{""name"": ""Government Information"", ""rank"": 2}]",[],[],2016-02-04 23:43:14,2024-07-03 21:39:26,False
4515533,Grand Tour,"These accounts of the English abroad, c1550-1850, highlight the influence of continental travel on British art, architecture, urban planning, literature and philosophy. This collection of manuscript, visual and printed works allows scholars to compare a range of sources on the history of travel for the first time, including many from private or neglected collections. We include letters; diaries and journals; account books; printed guidebooks; published travel writing; paintings and sketches; architectural drawings and maps.",,https://go.openathens.net/redirector/ucsd.edu?url=https%3A%2F%2Fwww.grandtour.amdigital.co.uk,https://ucsd.libguides.com/grandtour,Adam Matthew Digital,"[""Primary Sources""]","[""European Studies"", ""History"", ""International Studies"", ""Literature""]","[{""name"": ""Literature"", ""rank"": 1}]",[],[],2014-08-20 03:55:33,2025-06-06 18:28:37,False
78175946,GreenFILE,"A collection of s cholarly, government and general-interest titles includes content on global warming, green building, pollution, sustainable agriculture, renewable energy, recycling, and more.",,https://research.ebsco.com/c/xuxb7f/search/advanced/filters?db=8gh,https://ucsd.libguides.com/greenfile,EBSCO,[],"[""Environmental Studies"", ""Urban Studies & Planning""]",[],[],[],2024-09-16 22:59:13,2025-06-16 17:56:15,False
4738495,Gu jin tu shu ji cheng 古今圖書集成,"Contains searchable full-text and scanned images of important classics from ancient China to the Qing Dynasty; includes works on astronomy, geography, history, philosophy, literature, politics, economics, art, education, agriculture, medicine, and more.",,https://go.openathens.net/redirector/ucsd.edu?url=https%3A%2F%2Fp.udpweb.com%2Fcbs,https://ucsd.libguides.com/completeclassics,,[],"[""Chinese Studies""]",[],[],"[""Complete Classics Collection of Ancient China""]",2014-08-28 20:09:56,2026-05-14 21:54:31,False
16676766,"Gunsho ruijū (sei, zoku, zokuzoku) 群書類従 (正・続・続々)","Collects the latest editions of the original compilations (Gunsho ruijū and Zoku gunsho ruijū, 3rd edition 5th printing [originally edited by Hanawa Hokinoichi], and Zoku zoku gunsho ruijū [3rd edition]), with a full-text search function using contemporary shinjitai kanji forms.",,https://go.openathens.net/redirector/ucsd.edu?url=https%3A%2F%2Fjapanknowledge.com%2Flibrary%2F,https://ucsd.libguides.com/gunsho,,"[""Primary Sources""]","[""Chinese Studies""]",[],[],[],2015-10-15 18:14:27,2026-05-14 21:55:38,False
76869931,Haaretz,"The online English edition of Haaretz Newspaper in Israel gives you breaking news, analyses, and opinions about Israel, the Middle East, and the Jewish World. (Also available in Factiva and Newsbank )",,https://go.openathens.net/redirector/ucsd.edu?url=https%3A%2F%2Fwww.haaretz.com%2F,https://ucsd.libguides.com/haaretz,,"[""News & Newspapers""]","[""Jewish Studies"", ""Middle East Studies""]","[{""name"": ""Jewish Studies"", ""rank"": 2}]",[],[],2024-06-08 23:11:40,2026-06-30 22:07:25,False
16161707,Handbook of Latin American Studies Online (HLAS),"Searchable, annotated bibliography of scholarly works on Latin American social sciences and humanities. The Handbook is a bibliography on Latin America consisting of works selected and annotated by scholars. Edited by the Hispanic Division of the Library of Congress, the multidisciplinary Handbook alternates annually between the social sciences and the humanities. Each year, more than 130 academics from around the world choose over 5,000 works for inclusion in the Handbook. Continuously published since 1936, the Handbook offers Latin Americanists an essential guide to available resources.",,https://hlasopac.loc.gov/,,,[],"[""Anthropology"", ""Archaeology"", ""Latin American Studies""]","[{""name"": ""Latin American Studies"", ""rank"": 1}]",[],[],2015-09-23 21:28:44,2026-04-27 19:27:38,False
3169063,HAPI: Hispanic American Periodicals Index,"1970-present. Lists journal articles on Central and South America, Mexico, the Caribbean, the U.S.-Mexico border region, and Hispanics in the U.S.",,https://go.openathens.net/redirector/ucsd.edu?url=https%3A%2F%2Fhapi.ucla.edu%2F,https://ucsd.libguides.com/hapi,,[],"[""Latin American Studies"", ""Sociology"", ""United States History""]","[{""name"": ""Latin American Studies"", ""rank"": 1}]",[],[],2014-06-22 09:09:00,2025-11-07 22:39:01,False
16164093,HathiTrust,"Login may be required for downloading whole works . Partnership of academic and research organizations offering a collection of millions of digitized materials from libraries around the world, include the UC San Diego Library. Full text is available for many but not all items - you can restrict your search to full-text items.",,http://www.hathitrust.org/,,,"[""E-Books""]","[""History of Science"", ""Literature""]","[{""name"": ""Literature"", ""rank"": 1}]",[],[],2015-09-23 23:14:28,2026-04-13 19:32:47,False
57537944,HathiTrust Research Center Analytics,"Registration required. HTRC to be discontinued as of September 30, 2026. HathiTrust Research Center (HTRC) enables computational analysis (text and data mining) of works in the HathiTrust Digital Library (HTDL) to facilitate non-profit research and educational uses of the collection. HTRC creates and maintains a suite of tools and services for text-based, data-driven research, such as HTRC Algorithms and Data Capsule, and engages in cutting-edge research on large-scale data analysis. HTRC operates under a non-consumptive research paradigm: HTRC makes available the collection for computational analysis, while remaining clearly within the bounds of the fair use rights courts have recognized as applying to text analysis. The Center is committed to breaking new ground in the areas of non-consumptive text mining, allowing scholars to fully utilize content of the HathiTrust Digital Library.",,https://analytics.hathitrust.org/,,,"[""Text & Data Mining (TDM)""]",[],[],"[""Registration Required""]",[],2020-09-22 19:12:55,2026-04-13 19:51:34,False
4894735,HeinOnline,"Full text of law reviews/legal periodicals plus primary sources such as the Code of Federal Regulations; Federal Register; Foreign Relations of the United States (FRUS); Treaties and Agreements Library; United States Code; U.S. Attorney General Opinions; U.S. Congressional Documents; U.S. Federal Agency Documents, Decisions, and Appeals; U.S. Federal Legislative History Library; U.S. Statutes at Large; State Session Laws Library; State Statutes: A Historical Archive; Acts of the Parliament of Canada (Annual Statutes); World Constitutions Illustrated; World Treaty Library. Also includes special topics databases.","Canadian Content Acts of the Parliament of Canada (Annual Statutes) Provincial Statutes of Canada Case Law Preview of United States Supreme Court Cases U.S. Supreme Court Library International Resources Acts of the Parliament of Canada (Annual Statutes) Foreign Relations of the United States (FRUS) History of International Law Law Library of Congress Reports Open Society Justice Initiative Provincial Statutes of Canada U.S. Treaties and Agreements Library World Constitutions Illustrated: Contemporary & Historical Documents and Resources World Treaty Library International Treaties and Agreements U.S. Treaties and Agreements Library World Treaty Library Journals and Periodicals Bar Journals Law Journal Library NOMOS: American Society for Political and Legal Philosophy Preview of United States Supreme Court Cases Special Collections Air and Space Law American Enterprise Institute (AEI) Animal Studies: Law, Welfare and Rights Brennan Center for Justice Publications at NYU School of Law Business and Legal Aspects of Sports and Entertainment (BLASE) COVID-19: Pandemics Past and Present Cataloging Legal Literature Civil Rights and Social Justice Criminal Justice & Criminology Democracy in America Gun Regulation and Legislation in America Indigenous Peoples of the Americas: History, Culture & Law John F. Kennedy Assassination Collection LGBTQ+ Rights Labor and Employment: The American Worker Law Academy Project Legal Classics Military Legal Resources (U.S. Army JAG School) Military and Government National Defense University Press Publications NOMOS: American Society for Political and Legal Philosophy Open Society Justice Initiative Pentagon Papers Religion and the Law Reports of U.S. Presidential Commissions and Other Advisory Bodies Slavery in America and the World: History, Culture & Law Voting Rights & Election Law Water Rights & Resources Women and the Law (Peggy) U.S. Federal Content Administrative Conference of the United States (ACUS) Bremer-Kovacs Collection: Historic Documents Related to the Administrative Procedure Act of 1946 COVID-19: Pandemics Past and Present Civil Rights and Social Justice Code of Federal Regulations Environmental Law and Policy Executive Privilege Federal Register Library GAO Reports and Comptroller General Decisions History of Supreme Court Nominations Immigration Law & Policy in the U.S. Indigenous Peoples of the Americas: History, Culture & Law John F. Kennedy Assassination Collection Judges and the Judiciary: Exploring America's Court System Labor and Employment: The American Worker Law Library of Congress Reports Military Legal Resources (U.S. Army JAG School) Reports of U.S. Presidential Commissions and Other Advisory Bodies U.S. Code U.S. Congressional Documents U.S. Congressional Serial Set U.S. Federal Agency Documents, Decisions, and Appeals U.S. Federal Legislative History Library U.S. Presidential Impeachment Library U.S. Presidential Library U.S. Statutes at Large U.S. Supreme Court Library Water Rights & Resources U.S. State Content Civil Rights and Social Justice Judges and the Judiciary: Exploring America's Court System LGBTQ+ Rights National Survey of State Laws Prestatehood Legal Materials: A Fifty-State Research Guide Session Laws Library State Attorney General Reports and Opinions State Constitutions Illustrated State Reports: A Historical Archive State Statutes: A Historical Archive Subject Compilations of State Laws U.S. State Commitments with Foreign Governments Water Rights & Resources",https://go.openathens.net/redirector/ucsd.edu?url=https%3A%2F%2Fheinonline.org%2FHOL%2FWelcome,https://ucsd.libguides.com/hein,HeinOnline,"[""E-Books"", ""Primary Sources""]","[""Accounting & Taxation"", ""Government Information"", ""International Studies"", ""Law"", ""Political Science""]","[{""name"": ""Government Information"", ""rank"": 1}, {""name"": ""Law"", ""rank"": 1}, {""name"": ""Political Science"", ""rank"": 3}]",[],"[""Hein Online""]",2014-09-08 04:10:17,2026-04-20 15:22:28,False
17835887,Higher Education Abstracts,"1965-2021. Covers journal articles pertaining to college students, faculty, administrators, and related topics in higher education. Includes more than 200 journals in the fields of education, computer sciences, management, psychology, sociology, and law; papers read at meetings of major education and social sciences conferences; books published by all major higher education publishers; and research reports issued by professional organizations, government agencies, and foundations. Coverage includes materials from the United States and Canada and from foreign publications printed in English.",,https://go.openathens.net/redirector/ucsd.edu?url=https%3A%2F%2Fonlinelibrary.wiley.com%2Floi%2F21501092,https://ucsd.libguides.com/highereducation,Wiley,[],"[""Education""]",[],[],[],2015-12-03 21:47:27,2026-05-14 20:41:11,False
19325225,Hispanic American Newspapers (1808-1980),"Over 360 Spanish-language newspapers from 15 states (including California) published in the 19th and 20th centuries. Search, browse and view article and page images.",,https://go.openathens.net/redirector/ucsd.edu?url=https%3A%2F%2Finfoweb.newsbank.com%2Fapps%2Freadex%2F%3Fp%3DEANASP,https://ucsd.libguides.com/historicalamericannews,Readex,"[""News & Newspapers""]","[""United States History""]",[],[],[],2016-02-04 23:53:41,2026-05-14 20:41:42,False
19325243,Historic Documents,"U.S. and international documents on the most significant events of the year. Includes presidential speeches, international agreements, Supreme Court decisions, governmental reports, scientific findings, cultural discussions, etc. 100 new documents per year, 1972-",,https://go.openathens.net/redirector/ucsd.edu?url=https%3A%2F%2Fsk.sagepub.com%2Fcqpress%2Fseries%2Fhistoric-documents,https://ucsd.libguides.com/historicdocuments,CQ Press,"[""Primary Sources""]","[""Government Information"", ""International Studies"", ""Law"", ""Political Science"", ""United States History""]",[],[],[],2016-02-04 23:54:51,2026-05-14 20:42:21,False
3169037,Historical Abstracts,"1863-present. International database for research on history of all regions (except the U.S. and Canada) from 1450 to the current decade. Content includes indexing of historical articles from more than 2,300 journals in over 40 languages.",,https://research.ebsco.com/c/xuxb7f/search/advanced/filters?db=hia,https://ucsd.libguides.com/historicalabstracts,EBSCO,[],"[""European Studies"", ""History"", ""History of Science"", ""Japanese Studies"", ""Latin American Studies"", ""Pacific Island Studies"", ""Religion""]","[{""name"": ""History"", ""rank"": 1}, {""name"": ""History of Science"", ""rank"": 3}]",[],[],2014-06-20 04:01:42,2025-06-16 17:57:07,False
52373396,Historical Newspaper by National Library of China,"Also known as the Modern Newspaper in China, 1840-1949, the collection was developed by the National Library of China. It includes the historical newspapers held in NLC, such as《解放日报》《新华日报》《北京益世报》《大刚报》等，又包括地方大报如《华北日报》《冀热察导报》《绥远西北日报》《黑龙江日报》《汉口市民日报》《山东民国日报》《东南日报》《福建日报》《阵中日报（桂林）》《西康国民日报》《贵州商报》《西京日报》《青海民国日报》《宁夏民国日报》《琼崖民国日报》《新疆日报》. VPN required for off-campus access.",,https://bz.nlcpress.com/library/publish/default/Main.jsp,,,"[""News & Newspapers""]","[""Chinese Studies""]",[],"[""VPN Required Off Campus""]","[""Modern Newspaper in China"", "" 1840-1949.""]",2020-02-15 00:14:01,2026-01-27 01:26:48,False
4845565,Historical Statistics of the United States,"Government agency statistics on the United States going back to colonial times. Comprehensive survey and tabulation of historical statistics from government agencies and other sources, covering all aspects of US population and economy. VPN required for off-campus access.",,https://hsus.cambridge.org/HSUSWeb/HSUSEntryServlet,,Cambridge University Press,"[""Datasets & Statistics""]","[""Economics"", ""Government Information"", ""Political Science"", ""United States History""]",[],"[""VPN Required Off Campus""]",[],2014-09-05 04:03:38,2026-01-27 01:30:16,False
77183395,History of Communist Party of China and PRC National History Database 中共党史经典文献数据库与中华人民共和国国史数据库,A comprehensive collection of primary sources documenting the history of the P.R.C. and the Communist Party of China.,,https://go.openathens.net/redirector/ucsd.edu?url=http%3A%2F%2Fdsgs.goosuudata.com,https://ucsd.libguides.com/prc,,"[""Primary Sources""]","[""Chinese Studies""]",[],[],[],2024-07-08 19:47:40,2026-06-24 22:01:38,False
54188779,History Vault,Digital primary sources modules (50) drawn mostly from U.S. archival collections.,"African American Police League Records, 1961-1988 American Indians and the American West, 1809-1971 American Politics and Society from Kennedy to Watergate American Politics in the Early Cold War—Truman and Eisenhower Administrations, 1945-1961 Black Freedom Struggle in the 20th Century: Federal Government Records Black Freedom Struggle in the 20th Century: Federal Government Records, Supplement Black Freedom Struggle in the 20th Century: Organizational Records and Personal Papers, Part 1 Black Freedom Struggle in the 20th Century, Organizational Records and Personal Papers, Part 2 CIA Cold War Research Reports and Records on Communism in China and Eastern Europe Confederate Military Manuscripts and Records of Union Generals and the Union Army Confidential U.S. State Department Central Files, 1960-1969, Africa and the Middle East Confidential U.S. State Department Central Files, 1960-1969, Asia Confidential U.S. State Department Central Files, 1960-1969, Europe and Latin America Creation of Israel: British Foreign Office Correspondence on Palestine and Transjordan, 1940-1948 FBI Confidential Files and Radical Politics in the U.S., 1945-1972 Immigration: Records of the INS, 1880-1930 Japanese American Incarceration: Records of the War Relocation Authority, 1942-1946 Labor Unions in the U.S., 1862-1974: Knights of Labor, AFL, CIO, and AFL-CIO Law and Society since the Civil War: American Legal Manuscripts from the Harvard Law School Library Margaret Sanger Papers: Smith College Collections and Collected Documents NAACP Papers: Board of Directors, Annual Conferences, Major Speeches, and National Staff Files NAACP Papers: Branch Department, Branch Files and Youth Department Files NAACP Papers: Special Subjects NAACP Papers: The NAACP’s Major Campaigns—Education, Voting, Housing, Employment, Armed Forces NAACP Papers: The NAACP’s Major Campaigns--Legal Department Files NAACP Papers: The NAACP’s Major Campaigns—Scottsboro, Anti-Lynching, Criminal Justice, Peonage, Labor, and Segregation and Discrimination Complaints and Responses Nazi Looted Art and Assets: Records on the Post World War II Restitution Process New Deal and World War II: President Franklin D. Roosevelt's Office Files and Records of Federal Agencies Office of Strategic Services (OSS)-State Department Intelligence and Research Reports, 1941-1961 Pinkerton’s National Detective Agency Records, 1853-1999 Progressive Era: Reform, Regulation and Rights Progressive Era: Robert M. La Follette Papers Progressive Era: Voices of Reform (1875-1945) Reconstruction and Military Government after the Civil War Records of the Children's Bureau, 1912-1969 Revolutionary War and Early America: Collections from the Massachusetts Historical Society, 1721-1860 Slavery and the Law Slavery in Antebellum Southern Industries Slavery, the Slave Trade, and Law and Order in 19th Century America Southern Life and African American History, 1775-1915, Plantation Records, Part 2 Southern Life and African American History, 1775-1915, Plantations Records, Part 1 Southern Women and their Families in the 19th and 20th Centuries, Holdings of the Southern Historical Collection Struggle for Women's Rights: Organizational Records, 1880-1990 Students for a Democratic Society, Vietnam Veterans Against the War, and the Anti-Vietnam War Movement Temperance and Prohibition Movement, 1830-1933 Thomas A. Edison Papers U.S. Diplomatic Post Records, 1914-1945 U.S. Military Intelligence Reports, 1911-1944 Vietnam War and American Foreign Policy, 1960–1975 Women at Work during World War II: Rosie the Riveter and the Women's Army Corps Women’s Studies Manuscript Collections from the Schlesinger Library: Voting Rights, National Politics, and Reproductive Rights Workers, Labor Unions, and the American Left in the 20th Century: Federal Records World War I: British Foreign Office Political Correspondence World War I: Records of the American Expeditionary Forces, and Diplomacy in the World War I Era World War II: U.S. Documents on Planning, Operations, Intelligence, Axis War Crimes, and Refugees",https://go.openathens.net/redirector/ucsd.edu?url=http%3A%2F%2Fsearch.proquest.com%2Fhistoryvault%3Faccountid%3D14524,https://ucsd.libguides.com/historyvault,ProQuest,"[""Primary Sources""]","[""Critical Gender Studies"", ""Ethnic Studies"", ""History"", ""International Studies"", ""Political Science"", ""United States History""]","[{""name"": ""Ethnic Studies"", ""rank"": 1}, {""name"": ""History"", ""rank"": 1}, {""name"": ""United States History"", ""rank"": 1}]",[],[],2020-04-26 17:39:16,2025-06-06 19:26:46,False
62475029,History Vault: American Indians and the American West,"Part of History Vault. Notable collections in this module from the 19th Century focus on Indian Removal from 1832-1840, the U.S. Army and American Indians in the years from the 1850s-1890s, including detailed coverage of Indian Wars. The featured collections on the 20th Century are Records of the Bureau of Indian Affairs and records from the Major Council Meetings of American Indian Tribes.",,https://go.openathens.net/redirector/ucsd.edu?url=https%3A%2F%2Fwww.proquest.com%2Fhvamericanindians%3Faccountid%3D14524,https://ucsd.libguides.com/hvamericanindians,ProQuest,"[""Primary Sources""]","[""Ethnic Studies"", ""United States History""]",[],[],"[""History Vault""]",2021-07-24 16:29:55,2026-05-14 20:46:58,False
84330298,History Vault: American Politics and Society,"American Politics and Society is a wide-ranging category, focused on American Politics in the 19th and 20th centuries.",,https://go.openathens.net/redirector/ucsd.edu?url=https%3A%2F%2Fwww.proquest.com%2Fhvpoliticsandsociety%3Faccountid%3D14524,https://ucsd.libguides.com/hvamericanpolitics,ProQuest,"[""Primary Sources""]","[""History"", ""Political Science"", ""United States History""]",[],[],[],2026-03-23 20:59:29,2026-05-14 20:46:16,False
84330351,History Vault: Civil Rights and the Black Freedom Struggle,"Offers the opportunity to study the most well-known and also unheralded events of the Black Freedom Struggle in the 20th Century from the perspective of the men, women, and sometimes even children who waged one of the most inspiring social movements in American history. This category includes NAACP Papers, federal government records, organizational records, and personal papers regarding the 20th Century Black Freedom Struggle.",,https://go.openathens.net/redirector/ucsd.edu?url=https%3A%2F%2Fwww.proquest.com%2Fhvcivilrights%3Faccountid%3D14524,https://ucsd.libguides.com/hvcivilrights,ProQuest,"[""Primary Sources""]","[""African American Studies"", ""Ethnic Studies"", ""United States History""]",[],[],[],2026-03-23 21:02:05,2026-05-14 20:48:35,False
84330423,History Vault: International Relations and Military Conflicts,"Spans 1911-1975, offering a detailed view of U.S. foreign relations. These collections provide an excellent view of U.S. international relations during these important years, and also offer detailed information on the countries in which the U.S. diplomatic or military officials were stationed, making these collections an excellent source for studies of individual countries or regions of the world.",,https://go.openathens.net/redirector/ucsd.edu?url=https%3A%2F%2Fwww.proquest.com%2Fhvinternationalrelations%3Faccountid%3D14524,https://ucsd.libguides.com/hvinternationalrelations,ProQuest,"[""Primary Sources""]","[""European Studies"", ""History"", ""Political Science"", ""United States History""]",[],[],[],2026-03-23 21:04:11,2026-05-14 20:51:26,False
84330678,"History Vault: Southern Life, Slavery, and the Civil War","History Vault’s collections on Slavery and Southern plantations candidly document the realities of slavery at the most immediate grassroots level in Southern society, providing some of the most revealing documentation in existence on the functioning of the slave system.",,https://go.openathens.net/redirector/ucsd.edu?url=https%3A%2F%2Fwww.proquest.com%2Fhvsouthernlife%3Faccountid%3D14524,https://ucsd.libguides.com/hvsouthernlife,ProQuest,"[""Primary Sources""]","[""African American Studies"", ""Ethnic Studies"", ""United States History""]",[],[],[],2026-03-23 21:06:29,2026-05-14 20:53:12,False
62475041,History Vault: Women’s Studies,"Collections from the Schlesinger Library at Radcliffe College focus on voting rights, national politics, and reproductive rights. The Margaret Sanger Papers also focus on reproductive rights. Also includes documentation on events such as the founding of the National Woman’s Party, the passage of the Nineteenth Amendment, legal cases involving Margaret Sanger and reproductive rights, and the passage in Congress of the Equal Rights Amendment.",,https://go.openathens.net/redirector/ucsd.edu?url=https%3A%2F%2Fwww.proquest.com%2Fhvwomensstudies%3Faccountid%3D14524,https://ucsd.libguides.com/hvwomensstudies,ProQuest,"[""Primary Sources""]","[""Critical Gender Studies"", ""United States History""]",[],[],"[""History Vault""]",2021-07-24 16:35:19,2026-05-14 20:54:08,False
84330744,"History Vault: Workers, Labor Unions, Progressives, and Radicals",This wide-ranging category focuses on workers and the American labor movement since the Civil War as well as other progressive and radical social movements.,,https://go.openathens.net/redirector/ucsd.edu?url=https%3A%2F%2Fwww.proquest.com%2Fhvworkers%3Faccountid%3D14524,https://ucsd.libguides.com/hvworkers,ProQuest,"[""Primary Sources""]","[""History"", ""Political Science"", ""Social Sciences"", ""United States History""]",[],[],[],2026-03-23 21:08:16,2026-05-14 20:55:54,False
3169031,Humanities and Social Sciences Index Retrospective: 1907-1984,"Indexes a wide range of important journals in all areas of the humanities and social sciences as far back as 1907 up to 1984. Use the UC-eLinks button to find full text, print, and/or request the item from another library.",,https://research.ebsco.com/c/xuxb7f/search/advanced/filters?db=hsr,https://ucsd.libguides.com/humsocsciindexretro,EBSCO,[],"[""Film & Video"", ""Linguistics"", ""Literature"", ""Political Science"", ""Theater & Dance""]",[],[],[],2014-06-20 04:01:42,2025-08-29 22:04:58,False
5171347,Humanities Full-Text,"Includes many of the most important academic journals in the humanities with the full text of articles from over 300 periodicals dating back to 1995, and high-quality indexing for almost 700 journals—of which 470 are peer-reviewed—dating as far back as 1984.",,https://research.ebsco.com/c/xuxb7f/search/advanced/filters?db=hft,https://ucsd.libguides.com/humanitiesfulltext,EBSCO,"[""Book & Film Reviews""]","[""Literature""]","[{""name"": ""Literature"", ""rank"": 1}]",[],[],2014-09-24 20:56:12,2025-06-16 18:45:07,False
19325864,Humanities International Complete,"A comprehensive database of humanities content, providing full text for hundreds of journals, books, and other published sources from around the world, much of which is not found in other databases. This online resource provides cover-to-cover indexing and abstracts for more than 2,100 journals, full text for more than 890 journals, and contains more than 2.47 million records. Major subject areas include literature, philosophy, the arts, history, culture, and multi-disciplinary humanities titles, with world-wide content pertaining to literary, scholarly, and creative thought.",,https://research.ebsco.com/c/xuxb7f/search/advanced/filters?db=hlh,https://ucsd.libguides.com/humintcomplete,EBSCO,[],"[""Classical Studies"", ""European Studies"", ""Film & Video"", ""History of Science"", ""Literature"", ""Philosophy"", ""Religion"", ""Theater & Dance"", ""United States History""]",[],[],[],2016-02-05 00:31:17,2025-06-16 18:46:07,False
51032609,IBFD Tax Research Platform,"The International Bureau of Fiscal Documentation (IBFD) platform allows searching for news on taxation topics covered by their suite of journals. UC San Diego subscribes only to the flagship journal, Bulletin for International Taxation. Use the Search link to look for topics, or use the browse issues link and scroll down to BIT to read. Use interlibrary loan form to request individual articles from the other journals. Bonus feature: the Library Portal has research guides on trending topics and standard taxation research sources. Many of these resources are in our collections by checking the titles in the UC Library Search .",,https://go.openathens.net/redirector/ucsd.edu?url=https%3A%2F%2Fresearch.ibfd.org%2F%23%2Fsearch%2F,https://ucsd.libguides.com/ibfd,,[],"[""Accounting & Taxation"", ""Business"", ""Economics"", ""Law""]",[],[],"[""International Bureau of Fiscal Documentation""]",2019-11-08 18:22:20,2025-06-06 21:30:30,False
9596474,IBISWorld Industry Intelligence,"IBISWorld contains U.S. and global industry market research reports, including a specialized collection of China Industry Reports. It also provides U.S. business risk ratings, and selected economic and demographic data. Contents are downloadable as full reports or selected elements, such as SWOT analyses, statistical tables and graphs.",,https://go.openathens.net/redirector/ucsd.edu?url=https%3A%2F%2Fmy.ibisworld.com%2F,https://ucsd.libguides.com/ibis,IBISWorld,"[""Datasets & Statistics""]","[""Business"", ""Chinese Studies"", ""International Studies"", ""Market Research""]","[{""name"": ""Business"", ""rank"": 1}, {""name"": ""Market Research"", ""rank"": 1}]",[],[],2015-04-02 23:31:27,2026-08-25 04:15:42,False
4845461,ICPSR Data Archive,"The Inter-University Consortium for Political and Social Research (ICPSR) has been collecting and facilitating access to social science data for over 60 years. Explore tens of thousands of studies with over 6.6. million variables by discipline or thematic collection for topics like health, crime, social media, elections, opinion polls, and more. To download data from ICPSR, UC San Diego affiliates can log in using the “access through your institution” option and authenticate with their single sign on (SSO) credentials .","ICPSR also tracks citations of data hosted by ICPSR through the ICPSR Bibliography of Data-Related Publications . With about 116,000 related publications, this searchable database provides real examples of how researchers have analyzed the wide variety of data available through ICPSR.",http://www.icpsr.umich.edu/,,,"[""Datasets & Statistics""]","[""Economics"", ""Political Science"", ""Sociology""]",[],"[""Login Required For Some Features""]",[],2014-09-05 03:45:42,2026-09-17 15:23:14,False
3168923,IEEE Xplore,"Full-text access to 6+ million IEEE & IEE/IET articles (journals, transactions, magazines) and conference proceedings, as well as the IEEE standards and some IEEE e-books (later titles on Wiley). Browse by journal title, conference name, and author. By default, IEEE searches on the metadata. Use the advanced search to expand to full-text searching.",,https://go.openathens.net/redirector/ucsd.edu?url=https%3A%2F%2Fieeexplore.ieee.org%2FXplore%2Fhome.jsp,https://ucsd.libguides.com/ieee,IEEE,[],"[""Aerospace Engineering"", ""Astronomy & Astrophysics"", ""Bioengineering"", ""Business"", ""Cognitive Science"", ""Computer Science"", ""Electrical Engineering"", ""Materials Science"", ""Mechanical Engineering"", ""NanoEngineering"", ""Physics"", ""Structural Engineering""]","[{""name"": ""Bioengineering"", ""rank"": 5}, {""name"": ""Computer Science"", ""rank"": 1}, {""name"": ""Electrical Engineering"", ""rank"": 1}]",[],[],2012-01-10 12:00:20,2026-08-22 03:04:21,False
9318782,Images of America: A History of American Life in Images,"Features images and texts assembled by local community experts that attempts to portray everyday people, places and events in American local history. Drawn from the award-winning print series by Arcadia Publishing.",,https://go.openathens.net/redirector/ucsd.edu?url=https%3A%2F%2Fsearch.alexanderstreet.com%2Flrho,https://ucsd.libguides.com/imagesamerica,Alexander Street Press,"[""E-Books"", ""Images"", ""Primary Sources""]","[""United States History""]",[],[],[],2015-03-19 17:58:34,2025-06-06 21:55:50,False
3169101,Index Islamicus,"Indexes literature on Islam, the Middle East and the Muslim world published since 1906. Material cited in the Index Islamicus includes not only work written about the Middle East, but also about the other main Muslim areas of Asia and Africa, plus Muslim minorities elsewhere. Over 3,400 journals are monitored for inclusion in the database, together with conference proceedings, monographs, multi-authored works and book reviews. Journals and books are indexed down to the article and chapter level.",,https://go.openathens.net/redirector/ucsd.edu?url=https%3A%2F%2Fwww.proquest.com%2Findexislamicus%2Fadvanced%2F%3Faccountid%3D14524,https://ucsd.libguides.com/indexislamicus,ProQuest,[],"[""Middle East Studies"", ""Religion""]","[{""name"": ""Religion"", ""rank"": 1}]",[],[],2014-06-23 22:55:01,2026-04-22 15:49:55,False
3169102,Index to Jewish Periodicals,"Indexes 200+ of the most prominent periodicals covering Jewish culture, history, literature, religion and other areas of related study. Coverage from 1988 to present.",,https://research.ebsco.com/c/xuxb7f/search/advanced/filters?db=jph,https://ucsd.libguides.com/indjewishperiodicals,EBSCO,[],"[""Jewish Studies"", ""Religion""]",[],[],[],2014-06-23 22:55:01,2026-04-22 15:49:55,False
3169057,Index to Legal Periodicals Retrospective,"1908-1981.Indexes over 750 legal periodicals published in the United States, Canada, Great Britain, Ireland, Australia,New Zealand. Also annual surveys, yearbooks, and annual reviews of work in a given field or topic",,https://research.ebsco.com/c/xuxb7f/search/advanced/filters?db=lpr,https://ucsd.libguides.com/indlegperiodretro,EBSCO,[],"[""Law"", ""United States History""]",[],[],[],2014-06-22 09:09:00,2025-06-16 18:47:34,False
76967200,"India, Raj & Empire","Explore the history of South Asia between the foundation of the East India Company in 1615 and the end of British rule in 1947, through the wonderfully rich manuscript collections of the National Library of Scotland.",,https://go.openathens.net/redirector/ucsd.edu?url=https%3A%2F%2Fwww.indiaraj.amdigital.co.uk%2F,https://ucsd.libguides.com/indiarajempire,Adam Matthew Digital,"[""Primary Sources""]","[""History""]",[],[],[],2024-06-17 22:30:15,2026-05-14 21:14:24,False
5528330,Indiastat,"Comprehensive portal to economic, social, political, and related statistics about India. Over half-a-million pages of statistical data are presented in a user-friendly Web format. Our subscription permits two (2) concurrent user connections. Try again later if refused. Note: to access, go to Login and then Through IP Login.",,https://go.openathens.net/redirector/ucsd.edu?url=https%3A%2F%2Fwww.indiastat.com%2F,https://ucsd.libguides.com/indiastat,,"[""Datasets & Statistics""]","[""Economics"", ""International Studies"", ""Political Science""]",[],[],"[""Indiastat""]",2014-10-10 04:43:50,2026-05-14 21:15:04,False
4515538,Indigenous Histories and Cultures in North America,"A wide-ranging digital resource presenting a unique insight into interactions between American Indians and Europeans from their earliest contact, continuing through the turbulence of the American Civil War, the on-going repercussions of government legislation, right up to the civil rights movement of the mid-twentieth century. This resource contains material from the Newberry Library's extensive Edward E. Ayer Collection. Includes manuscripts, artwork and rare printed books, photographs and newspapers.",,https://go.openathens.net/redirector/ucsd.edu?url=https%3A%2F%2Fwww.indigenoushistoriesandcultures.amdigital.co.uk%2F,https://ucsd.libguides.com/indigenoushistories,Adam Matthew Digital,"[""Primary Sources""]","[""Ethnic Studies"", ""United States History""]",[],[],[],2014-08-20 03:57:53,2025-06-06 22:47:05,False
48980950,Indigenous Newspapers in North America,"Discover North American Indigenous journalism spanning two centuries with this major digital resource. Featuring publications from a range of communities, with an extensive list of periodicals produced in the United States and Canada, including Alaska, Arizona, British Columbia, California, Nevada and Oklahoma, from 1828 to 2016.",,https://go.openathens.net/redirector/ucsd.edu?url=https%3A%2F%2Fwww.indigenousnewspapersinnorthamerica.amdigital.co.uk%2F,https://ucsd.libguides.com/indigenousnewspapers,Adam Matthew Digital,"[""News & Newspapers"", ""Primary Sources""]","[""Ethnic Studies"", ""United States History""]",[],[],[],2019-07-09 17:08:20,2025-07-17 21:23:10,False
71801311,Indigenous Peoples of North America,"Indigenous Peoples of North America illustrates the fabric of the North American story. It covers the history of American Indian tribes and supporting organizations, and is sourced from both American and Canadian institutions, as well as direct-from-source from newspapers from various tribes and Indian-related organizations. The collection also features Indigenous language materials, including dictionaries, bibles, and primers. Topics of interest include trade and communication, Arctic exploration and tribes, the Iroquois Confederation, Canadian Catholic Indian missions, Indian removal, Indian wars and the frontier army, establishment of the Canadian Indian and Aboriginal Department, Indian delegations and Indian-federal relations, Canadian Indian treaty policy, government boarding and missionary schools and curricula, Dawes Severalty and the allotment system, dances and festivals, Alaskan Indian policies, Indian languages and linguistics, assimilation and the Indian New Deal, relocation, termination, and the Indian Claims Commission, water and fishing rights, civil rights, radicalism, poverty, and the American Indian movement.",,https://link.gale.com/apps/INDP?u=ucsandiego,,Gale/Cengage Learning,"[""Primary Sources""]","[""Anthropology"", ""Ethnic Studies"", ""History"", ""United States History""]","[{""name"": ""Ethnic Studies"", ""rank"": 1}]",[],[],2023-05-10 18:06:25,2026-04-27 19:29:11,False
18934676,Inorganic Crystal Structure Database,"CIF downloading has been disabled until January 2026. Please contact tmvogel@ucsd.edu if you need to download CIFs. The world's largest database of inorganic crystal structures indexed from the journal literature back to 1913. Each entry has bibliographic, chemical, and crystallographic information. The database currently contains 318,000 crystal structures, including experimental inorganic and metal-organic structures, and theoretical inorganic structures.",,https://go.openathens.net/redirector/ucsd.edu?url=https%3A%2F%2Ficsd.fiz-karlsruhe.de%2Fsearch%2Fbasic.xhtml,https://ucsd.libguides.com/icsd,,"[""Chemical & Physical Properties""]","[""Chemistry"", ""Materials Science"", ""NanoEngineering""]",[],[],"[""ICSD""]",2016-01-20 19:10:01,2025-10-10 00:01:46,False
3168931,INSPIRE - High-Energy Physics Literature Database,"One-stop information platform for the high-energy physics community, comprising 8 interlinked databases on literature, conferences, institutions, journals, researchers, experiments, jobs and data.",,http://inspirehep.net/,,,[],"[""Physics""]",[],[],[],2012-03-27 13:28:36,2026-01-14 17:18:06,False
3169122,International Bibliography of Art,"IBA is the successor to the Bibliography of the History of Art. Citations encompass fine arts in all media (from painting and sculpture to video and new media), decorative arts, museum studies and conservation, archaeology, folk art, material culture, classical studies, antiques, and architectural history.",,https://go.openathens.net/redirector/ucsd.edu?url=https%3A%2F%2Fwww.proquest.com%2Fiba%2Fadvanced%2F%3Faccountid%3D14524,https://ucsd.libguides.com/iba,ProQuest,[],"[""Visual Arts""]",[],[],[],2014-06-24 11:02:41,2025-10-27 19:14:41,False
3169104,International Bibliography of Theatre and Dance with Full-Text,The definitive research tool for studying Theatre and Dance. Includes almost 500 full-text titles: 170 full-text journals and 360 full-text books. 126 countries are represented.,,https://research.ebsco.com/c/xuxb7f/search/advanced/filters?db=ibh,https://ucsd.libguides.com/intbibltheatredance,EBSCO,[],"[""Theater & Dance""]","[{""name"": ""Theater & Dance"", ""rank"": 1}]",[],[],2014-06-23 23:08:44,2025-06-16 18:53:28,False
4845574,"International Historical Statistics, 1750-2010","Updated to 2010 wherever possible, provides key economic and social indicators for the last 260 years, serving as an essential reference source. 3-volume set.",,https://go.openathens.net/redirector/ucsd.edu?url=https%3A%2F%2Flink.springer.com%2Freferencework%2F10.1057%2F978-1-137-30568-8,https://ucsd.libguides.com/ihs,SpringerNature,"[""Datasets & Statistics""]","[""Government Information"", ""International Studies"", ""Political Science""]",[],[],[],2014-09-05 04:07:43,2026-05-14 21:16:42,False
19326306,International Index to the Performing Arts (Full-Text) (IIPA-FT),"An index to over 200 journals and magazines in the fields of dance, drama, film, theater, opera, puppetry, circus, and other forms of performance art.",,https://go.openathens.net/redirector/ucsd.edu?url=https%3A%2F%2Fwww.proquest.com%2Fiipa%2Fadvanced%2F%3Faccountid%3D14524,https://ucsd.libguides.com/iipa,ProQuest,"[""Book & Film Reviews""]","[""Film & Video"", ""Music"", ""Theater & Dance""]","[{""name"": ""Theater & Dance"", ""rank"": 1}]",[],[],2016-02-05 01:04:29,2026-05-14 21:17:21,False
3168992,"International Terrorism: Attributes of Terrorist Events (ITERATE), 1968 - [most recent]","The ITERATE project is an attempt to quantify data on the characteristics of transnational terrorist groups, their activities which have international impact, and the environment in which they operate. VPN required for off-campus access .",,https://library.ucsd.edu/dc/object/bb11014874,https://ucsd.libguides.com/iterate,,[],"[""Political Science""]",[],"[""VPN Required Off Campus""]",[],2014-01-23 05:38:42,2026-05-14 21:23:21,False
73489532,Interwar Culture,"Interwar Culture showcases popular and lesser-known periodicals published during the interwar period, 1919-1929. With articles covering culture, entertainment, fashion, home and family life, world current affairs, class, social and welfare issues, these historically significant and highly visual magazines provide a rich insight into these dynamic yet turbulent decades, as well as allowing examination of a burgeoning media industry that both shaped and reflected society.",,https://go.openathens.net/redirector/ucsd.edu?url=https%3A%2F%2Fwww.interwarculture.amdigital.co.uk%2F,https://ucsd.libguides.com/interwar,Adam Matthew Digital,[],"[""European Studies"", ""History"", ""Visual Arts""]",[],[],[],2023-09-14 21:55:59,2026-05-14 21:17:51,False
85376222,Iskusstvo Kino Digital Archive,"The Iskusstvo Kino Digital Archive captures the complete run (1931-2012) of this esteemed monthly publication in a complete online archive, with full images and searchable full text of Russian and foreign movie reviews, articles on filmmaking and cinema culture, criticism, and essays. Iskusstvo Kino traces Russian arts and culture from the 'socialist realism' era -- when film became the primary propaganda tool (""agitki"") for instilling Communist fervor in the masses -- to contemporary filmmaking.",,https://go.openathens.net/redirector/ucsd.edu?url=https%3A%2F%2Fdlib.eastview.com%2Fbrowse%2Fudb%2F1450,https://ucsd.libguides.com/iskusstvo,East View,[],"[""European Studies"", ""Film & Video""]",[],[],[],2026-06-26 21:55:26,2026-06-26 23:07:25,False
79368123,Iter Bibliography,"This resource is a database of over 1.5 million citations for secondary source material about the Middle Ages and Renaissance (400-1700). It contains citations for books and journal material (articles, reviews, review articles, bibliographies, catalogues, abstracts, and discographies), as well as citations for dissertation abstracts and essays in books (including entries in conference proceedings, festschriften, encyclopedias, and exhibition catalogues).",,https://research.ebsco.com/c/xuxb7f/search/advanced/filters?db=itb,https://ucsd.libguides.com/iterbibliography,EBSCO,"[""Book & Film Reviews"", ""E-Books""]","[""European Studies"", ""History""]",[],[],[],2025-01-06 23:49:01,2025-10-01 15:33:58,False
79368149,Iter Italicum,"This finding list enables users to locate Renaissance humanistic manuscripts found in libraries and collections all over the world. Users can search or browse by keyword, country, city, library, and library collection. VPN required for off-campus access.",,https://italicum.iterpubs.org/,https://ucsd.libguides.com/iteritalicum,Iter Press,[],"[""History""]",[],"[""VPN Required Off Campus""]",[],2025-01-06 23:57:32,2026-01-27 01:33:15,False
19326354,Japan Knowledge,"Collection of Japanese language reference works. Includes language dictionaries, Nipponica encyclopedia, biographical dictionaries, Kodansha encyclopedia of Japan (in English)and more.",,https://go.openathens.net/redirector/ucsd.edu?url=https%3A%2F%2Fjapanknowledge.com%2Flibrary%2F,https://ucsd.libguides.com/japanknowledge,,[],"[""Japanese Studies"", ""Literature""]","[{""name"": ""Japanese Studies"", ""rank"": 4}]",[],[],2016-02-05 01:11:30,2026-05-14 21:25:41,False
82364997,Japan Times Archives,"Database of digitized issues of The Japan Times, The Japan Advertiser, The Japan Times & Mail, The Japan Times and Advertiser (Morning ed.) , Japan Times and Advertiser (Evening ed.) and the Nippon Times; includes all issues March 22, 1897-December 31, 2013.",,https://go.openathens.net/redirector/ucsd.edu?url=https%3A%2F%2Fjt-archives.jp%2F,https://ucsd.libguides.com/japantimesarchive,East View,"[""News & Newspapers""]","[""Japanese Studies""]",[],[],[],2025-09-18 21:07:50,2025-09-18 21:08:37,False
80978586,Jazz Discography,"Access limited to 2 simultaneous users. Provides descriptions of more than 400,000 jazz recording sessions and jazz recordings from 1896 to the present. Search by bandleader name, musician name, and tune title.",,https://go.openathens.net/redirector/ucsd.edu?url=https%3A%2F%2Fwww.lordisco.com%2Ftjd%2FCoverFrame%3Bjsessionid%3D30280C06976B67F9BFC5146C73CE6D7C,https://ucsd.libguides.com/jazz,Lord Music Reference,[],"[""Music""]",[],[],"[""TJD Online""]",2025-05-21 19:03:25,2026-05-14 21:26:51,False
4515562,"Jewish Life in America, c1654-1954","Contains full-color, full-text searchable digitized primary source materials on the history of Jewish communities in America from their first arrival in New York in 1654 to today. Includes access to the entirety of six major organisational collections and twenty-four collections of personal papers from the American Jewish Historical Society in New York. Themes covered include: Business, industry and enterprise; Civil rights and liberties; Culture, literature and the arts; Early Jewish experience; Everyday life: personal and family narratives; Immigration and settlement; Politics and the law; Reflections on the Jewish experience; Religion, tradition and community; War, conflict and persecution; and Welfare, health and education",,https://go.openathens.net/redirector/ucsd.edu?url=https%3A%2F%2Fwww.jewishlife.amdigital.co.uk%2F,https://ucsd.libguides.com/jewishlife,Adam Matthew Digital,"[""Primary Sources""]","[""Literature"", ""United States History""]",[],[],[],2014-08-20 04:08:28,2026-05-14 21:26:22,False
36986496,Johns Hopkins Guide to Literary Theory & Criticism,"A full-text searchable database of articles on individual critics and theorists, critical and theoretical schools and movements, and the critical and theoretical innovations of specific countries and historical periods. It also treats related persons and fields that have been shaped by or have themselves shaped literary theory and criticism.",,https://go.openathens.net/redirector/ucsd.edu?url=https%3A%2F%2Flitguide.press.jhu.edu%2F,https://ucsd.libguides.com/litguide,,[],"[""History"", ""Literature"", ""Philosophy"", ""Religion""]","[{""name"": ""Literature"", ""rank"": 1}]",[],[],2017-10-27 22:30:16,2026-05-14 21:27:29,False
19131970,Journal Citation Reports (JCR),"A comprehensive resource that allows users to evaluate and compare journals using citation data drawn from scholarly and technical journals from publishers in over 80 countries. It is the only source of citation data on journals, and includes virtually all areas of science, technology, and social sciences.",,https://go.openathens.net/redirector/ucsd.edu?url=https%3A%2F%2Fjcr.clarivate.com%2Fjcr%2Fhome,https://ucsd.libguides.com/jcr,Clarivate,"[""Datasets & Statistics""]","[""Business"", ""Economics""]",[],[],"[""InCites""]",2016-01-28 16:43:11,2026-08-25 04:20:36,False
21698748,JoVE Science Education,"A video library demonstrating scientific experiments through clear visual instruction. UC San Diego Library provides access to modules in Advanced Biology, Basic Biology, Chemistry, Clinical Skills, Engineering, Environmental Sciences, Physics, and Psychology.",,https://go.openathens.net/redirector/ucsd.edu?url=https%3A%2F%2Fapp.jove.com%2Feducation%2Fscience-education,https://ucsd.libguides.com/jove,,"[""Streaming Media""]","[""Biological Sciences""]",[],[],[],2016-05-20 17:12:48,2026-01-26 19:48:05,False
3169023,JSTOR,"Search by subject or browse 2,600+ full-text titles, predominantly scholarly journals and books in social sciences, history, humanities, and science and mathematics, to their earliest issues. Many titles extend as far back as late 19th or early 20th centuries; most recent 3-5 years often not included. JSTOR provides access to more than 12 million academic journal articles, books, and primary sources in 75 disciplines.",,https://go.openathens.net/redirector/ucsd.edu?url=https%3A%2F%2Fwww.jstor.org%2F,https://ucsd.libguides.com/jstor,JSTOR,"[""Book & Film Reviews"", ""Multidisciplinary""]","[""Anthropology"", ""Archaeology"", ""Business"", ""Economics"", ""Ethnic Studies"", ""European Studies"", ""History"", ""History of Science"", ""Japanese Studies"", ""Latin American Studies"", ""Pacific Island Studies"", ""Philosophy"", ""Political Science"", ""Religion"", ""Sociology"", ""United States History""]","[{""name"": ""Archaeology"", ""rank"": 3}, {""name"": ""History of Science"", ""rank"": 4}]",[],[],2014-06-20 04:01:42,2026-08-25 04:20:56,False
3168919,JSTOR Images (formerly ARTstor),"Library of over 2.5 million digital images and their corresponding metadata. Covers many time periods and cultures, and documents the fields of architecture, painting, sculpture, photography, decorative arts, design, anthropology, ethnographic and women's studies, as well as many other forms of visual culture",,https://go.openathens.net/redirector/ucsd.edu?url=https%3A%2F%2Fwww.jstor.org%2Fimages,https://ucsd.libguides.com/jstorimages,,"[""Images""]","[""Anthropology"", ""Archaeology"", ""Classical Studies"", ""Ethnic Studies"", ""European Studies"", ""History of Science"", ""Japanese Studies"", ""Latin American Studies"", ""Theater & Dance"", ""United States History"", ""Urban Studies & Planning""]",[],[],[],2011-08-11 05:27:04,2026-08-25 04:21:10,False
85536703,Judaica Digital Collections,"Full-text, searchable archive of Judaica materials from the State Archives of Kyiv Oblast. Also browsable by collection: Promoting Jewish Education, Jewish Societies in Ukraine; Anti-Semitic Organizations: Union of the Russian People, Jewish Pogroms in Kyiv, Victims of Pogroms, Mendel Beilis Trial Papers, Jewish Emigration from Ukraine, and Jewish Emigration from the USSR.",,https://go.openathens.net/redirector/ucsd.edu?url=https%3A%2F%2Fdlib.eastview.com%2Fbrowse%2Fbooks%2F4830,https://ucsd.libguides.com/judaica,East View,"[""Primary Sources""]","[""Jewish Studies""]",[],[],[],2026-07-15 17:47:10,2026-07-15 20:58:18,False
10762432,Kanopy,"The videos come from leading producers such as the BBC, California Newsreel, Criterion Collection, First Run Features, Kino Lorber and PBS, with more content added each year. Many of the films are from independent and specialty producers, with a focus on documentary films.",,https://go.openathens.net/redirector/ucsd.edu?url=https%3A%2F%2Fwww.kanopy.com%2Fen%2Fucsd%2F%3Ffrontend%3Dkui,https://ucsd.libguides.com/kanopy,Kanopy,"[""Streaming Media""]","[""Anthropology"", ""Business"", ""Film & Video""]","[{""name"": ""Film & Video"", ""rank"": 2}]",[],[],2015-05-13 21:34:15,2025-06-06 23:50:35,False
4894609,Keijō nippō = The Keijo nippo = 京城日報,Korean newspaper in Japanese. Originally published daily: 1907-1945. VPN required for off-campus access.,,http://www.kstudy.com/kyungsung_new/,,,"[""News & Newspapers"", ""Primary Sources""]","[""Korean Studies""]",[],"[""VPN Required Off Campus""]",[],2014-09-08 03:03:02,2026-01-27 01:33:55,False
4762840,KISS = 한국의핵심지식정보자원,"Full text database of Korean scholarly journal articles, university publications, and research papers published by over 1,200 research institutions in Korea. KISS offers over 1 million full text articles by over 300,000 authors, covering all subject areas",,https://go.openathens.net/redirector/ucsd.edu?url=https%3A%2F%2Fkiss.kstudy.com%2F,https://ucsd.libguides.com/kiss,,[],"[""Korean Studies""]","[{""name"": ""Korean Studies"", ""rank"": 1}]",[],[],2014-09-01 05:05:29,2025-10-02 00:34:28,False
4762843,KoreaA2Z,"A collection of over 150 full text databases in a variety of subjects related to Korean Studies. The databases are arranged into 14 categories and include many classical works such as annals of the Choson dynasty history, national code and a register of names of civil officers and employees of the Choson dynasty",,https://go.openathens.net/redirector/ucsd.edu?url=https%3A%2F%2Fwww.koreaa2z.com%2F,https://ucsd.libguides.com/koreaa2z,,"[""Primary Sources""]","[""Korean Studies""]",[],[],[],2014-09-01 05:07:08,2026-05-14 21:28:46,False
4762833,Korean database (KRPia) = 한국의지식콘텐츠,"Full-text collection of Korean classical books including: history, literature, folk literature, natural history, oriental medicine, and other classical works",,https://go.openathens.net/redirector/ucsd.edu?url=https%3A%2F%2Fwww.krpia.co.kr%2F,https://ucsd.libguides.com/krpia,,"[""E-Books""]","[""Korean Studies""]",[],[],[],2014-09-01 05:02:16,2026-05-14 21:29:14,False
4762835,Korean history & culture research database = 한국역사문화조사자료데이터베이스,Provides access to excavation reports and reports about cultural relics published in Korea since the 1940s,,https://go.openathens.net/redirector/ucsd.edu?url=http%3A%2F%2Fexcavation.co.kr%2F,https://ucsd.libguides.com/koreanhistory,,[],"[""Korean Studies""]",[],[],[],2014-09-01 05:03:20,2026-05-14 21:30:30,False
82158507,Kyobo Scholar,"Multidisciplinary database with over 5000 journals and 2,900,000 articles. Includes articles that have been submitted and/or accepted by KCI (Korean Citation Index). Mostly Korean but also includes articles in other languages.",,https://go.openathens.net/redirector/ucsd.edu?url=https%3A%2F%2Fscholar.kyobobook.co.kr%2Fmain,https://ucsd.libguides.com/kyobo,,[],"[""Korean Studies""]",[],[],[],2025-09-04 00:45:58,2025-09-04 18:54:50,False
3169118,L'Annee Philologique (Database of Classical Bibliography),"1928-present. Citations to scholarly work in all languages concerning all aspects of the ancient Mediterranean world: linguistics, Greek and Roman history, literature, philosophy, numismatics, more.",,https://go.openathens.net/redirector/ucsd.edu?url=http%3A%2F%2Fapps.brepolis.net%2FLTool%2FEntrance.aspx%3Fw%3D30,https://ucsd.libguides.com/philologique,,[],"[""Classical Studies"", ""European Studies"", ""Jewish Studies"", ""Literature"", ""Philosophy"", ""Religion""]",[],[],"[""Annee Philologique""]",2014-06-24 10:57:39,2026-05-14 21:31:08,False
5650479,Late Qing and Republican Period / Chinese Periodical Full Text Database 晚清和民国时期期刊全文数据库 （全国报刊索引）,"20,000 periodicals published during Late Qing (1833-1911) the Republican Period (1911-1949), including 良友 and 宇宙风",,https://go.openathens.net/redirector/ucsd.edu?url=https%3A%2F%2Fwww.cnbksy.com%2Fselect,https://ucsd.libguides.com/lateqing,,"[""News & Newspapers""]","[""Chinese Studies""]",[],[],[],2014-10-16 20:06:51,2026-05-14 21:31:30,False
68585190,Latin American Anarchist and Labour Periodicals Online,"This collection contains the periodicals that have been accumulated by the Austrian anarchist, historian and collector Max Nettlau (1865-1944), together with a number of later additions, held at the International Institute of Social History (IISH) in Amsterdam. The collection provides a richness of documentation pertaining explicitly to the formative anarchist and anarcho-syndicalist episode (1890-1920) in the history of Latin American labor movements. Covers publications from: Argentina, Bolivia, Brazil, Chile, Colombia, Cuba, Ecuador, El Salvador, Guatemala, Honduras, Mexico, Paraguay, Peru, Puerto Rico, Suriname, Uruguay.",,https://go.openathens.net/redirector/ucsd.edu?url=https%3A%2F%2Fprimarysources.brillonline.com%2Fbrowse%2Flatin-american-anarchist-periodicals,https://ucsd.libguides.com/latinamericananarchist,Brill,"[""News & Newspapers""]","[""History"", ""Latin American Studies""]",[],[],[],2022-09-14 23:23:41,2026-05-14 21:32:17,False
76814673,Latin American Drama,Latin American Drama is a one-of-a-kind database with plays written by Latin American playwrights in the 19th-21st centuries.,,https://go.openathens.net/redirector/ucsd.edu?url=https%3A%2F%2Fsearch.alexanderstreet.com%2Fldra,https://ucsd.libguides.com/latinamericandrama,Alexander Street Press,[],"[""Latin American Studies"", ""Theater & Dance""]",[],[],[],2024-06-04 16:09:01,2026-05-14 21:32:45,False
85376674,Latin American Histories in the United States (Module 1),"Primary source collection describing the experience of Latina/o/x/e communities across the United States, with a focus on underrepresented identities, including Latinas, LGBTQ+, and Afro-Latina/o/x/e. Includes materials digitized from UC San Diego Library's Special Collections & Archives.",,https://go.openathens.net/redirector/ucsd.edu?url=https%3A%2F%2Fwww.latinamericanhistories.amdigital.co.uk,https://ucsd.libguides.com/latinamericanhistories,Adam Matthew Digital,"[""Primary Sources""]","[""History"", ""Latin American Studies"", ""United States History""]",[],[],[],2026-06-26 22:06:01,2026-07-15 20:56:56,False
19326561,Latin American Newspapers from the World Newspaper Archive,"Searchable collection of historical Latin American newspapers. When finished will include 35 newspapers from the 19th and early 20th century in Argentina, Brazil, Chile, Cuba, Guatemala, Mexico, Peru and Venezuela. Part of the World Newspaper Archive.",,https://go.openathens.net/redirector/ucsd.edu?url=https%3A%2F%2Finfoweb.newsbank.com%2Fapps%2Freadex%2Fwelcome%3Fp%3DWHNPX%26val-database-0%3DWHNPLAN2%257CWHNPLAN1,https://ucsd.libguides.com/latinamericannews,Readex,"[""News & Newspapers""]","[""Latin American Studies""]",[],[],"[""WNA""]",2016-02-05 01:23:46,2025-06-07 00:22:36,False
3168888,Latin American Public Opinion Project (LAPOP),"The Latin American Public Opinion Project has produced over sixty surveys analyzing public perceptions of the role of government, political tolerance, citizen participation, and corruption among other issues. Uniquely, it includes The Americas Barometer, which is viewed as the most comprehensive survey of democratic public opinion and behavior that covers the Americas. Data is available for 2004, 2006 and 2008. Some content is restricted to UC San Diego faculty, students, and staff. VPN required for off-campus access.","LAPOP AmericasBarometer Data Playground Analyze LAPOP data online (free for anyone). LAPOP Datasets (2004-current) Licensed by UCSD Download the 2004 - current datasets directly from LAPOP (UC San Diego students, faculty, staff only) LAPOP Datasets repository (1978-2003) Licensed by UCSD Download the repository data (pre-2004) from the UC San Diego Dataverse (UC San Diego students, faculty, staff only)",http://ucsd.libguides.com/data-statistics/lapop,,,[],"[""International Studies"", ""Latin American Studies"", ""Political Science""]",[],"[""VPN Required Off Campus""]",[],2009-10-15 22:10:32,2026-01-27 01:35:07,False
16085171,Latin American Women Writers,"Latin American Women Writers is an extensive searchable collection of prose, poetry, and drama composed by women writing in Mexico, Central America, and South America. Also included are essays by Latin American feminists and revolutionaries, who address both the universal concerns of women in every age and the distinctive issues of their struggles in the region.",,https://go.openathens.net/redirector/ucsd.edu?url=https%3A%2F%2Fwww.proquest.com%2Flitcollectionlaww%2Fadvanced%3Faccountid%3D14524,https://ucsd.libguides.com/latinamericanwomen,ProQuest,"[""Primary Sources""]","[""Latin American Studies"", ""Literature""]","[{""name"": ""Literature"", ""rank"": 1}]",[],[],2015-09-21 17:18:58,2026-05-14 21:33:09,False
19326572,Latinnews,Online archive and feed of the complete Latin American Newsletters (London) family of political and economic news and analysis publications. Also known as Latin American Intelligence Service. Earliest coverage reaches back to 1967.,,https://go.openathens.net/redirector/ucsd.edu?url=http%3A%2F%2Fwww.latinnews.com%2F,https://ucsd.libguides.com/latinnews,,"[""News & Newspapers""]","[""Business"", ""Economics"", ""Latin American Studies""]",[],[],[],2016-02-05 01:25:03,2025-06-07 00:31:18,False
19326580,"Latino Literature: Poetry, Drama and Fiction","Latino Literature contains approximately 380 plays and 67,500 pages of prose and poetry by Chicano, Cuban, Puerto Rican, Dominican and other Latin writers working in the United States.",,https://go.openathens.net/redirector/ucsd.edu?url=https%3A%2F%2Fwww.proquest.com%2Flitcollectionlali%2Fadvanced%3Faccountid%3D14524,https://ucsd.libguides.com/latinoliterature,ProQuest,[],"[""Ethnic Studies"", ""Literature"", ""Theater & Dance""]","[{""name"": ""Ethnic Studies"", ""rank"": 1}, {""name"": ""Literature"", ""rank"": 1}]",[],[],2016-02-05 01:26:25,2026-05-14 21:33:31,False
3168889,Latinobarómetro Data,"The Latinobarómetro is an annual survey conducted amongst 18 countries in Latin America. The survey, which has been conducted since 1995, asks respondents about topics such as globalization, democratic governance and political institutions, ""social capital,"" the environment, and gender issues. SSDS has microdata files for this survey starting with 1995.","Description Latinobarómetro is an annual public opinion survey conducted since 1995 by Latinobarómetro Corporation, a non-profit NGO based in Santiago, Chile. Each survey consists of approximately 19,000 interviews and represents over 400 million inhabitants and, since 2004, covers all 18 Latin American countries. Many questions are standardized and therefore facilitate time-series analysis. Standardized measures include: attitudes toward democracy, civic culture, economic issues, gender issues, the environment, inequality, social capital, and trade policy. Results of the surveys are of interest to social and political actors, international organizations, governments and the media. Note: A survey was not conducted in 1999. Responsible Use Statement Access to Latinobarometro data is restricted to enrolled students, faculty and staff at UC San Diego. These data may not be copied or redistributed in whole or part to third parties outside of UC San Diego. Please contact Data Services if you have any questions about Latinobarómetro survey data access and usage. Please note that journal articles, conference papers, books, book chapters, and other publications or reports that employ Latinobarómetro data should acknowledge Latinobarómetro Corporation as the owner/source of these data and include a statement that the views expressed within the publications are solely those of the author. Technical Notes Data files are available for all 12 annual surveys in both SPSS (.sav) and Stata (.dta) formats. The documentation for each survey is also available in PDF format. Please note that the Stata files differ from the original SPSS files distributed by the vendor in the following ways: 1. variable labels over 80 characters have been truncated to 80 characters, 2. SPSS user-defined missing values appear as regular values in Stata, and 3. variables containing a period character have been converted to an underscore character.",https://go.openathens.net/redirector/ucsd.edu?url=http%3A%2F%2Fwww.latinobarometro.org%2Flat.jsp,https://ucsd.libguides.com/latinobarometro,,"[""Datasets & Statistics""]","[""International Studies"", ""Latin American Studies"", ""Political Science""]",[],[],"[""Latinobarometro""]",2009-10-15 22:11:23,2026-05-14 21:33:49,False
4762848,LawnB = 로앤비,"Provides a legal information portal service. Included are cases, laws and regulations, legal articles, lawyers, forms, administrative law, and business law",,https://go.openathens.net/redirector/ucsd.edu?url=https%3A%2F%2Fucsd.lawnb.com,https://ucsd.libguides.com/lawnb,,"[""Primary Sources""]","[""Government Information"", ""Korean Studies"", ""Law"", ""Political Science""]",[],[],[],2014-09-01 05:10:33,2025-07-01 16:39:06,False
62434558,Le Monde,"Historical run of major French newspaper, covering leading issues and events, like World War II and the Fifth Republic, to French, European and international politics, society and business. Presently covers Dec 19, 1944 - Dec 2000, with some exceptions.",,https://go.openathens.net/redirector/ucsd.edu?url=https%3A%2F%2Fwww.proquest.com%2Fhnplemonde%3Faccountid%3D14524,https://ucsd.libguides.com/lemonde,ProQuest,"[""News & Newspapers""]","[""European Studies"", ""History"", ""International Studies""]",[],[],"[""ProQuest Historical Newspapers""]",2021-07-22 13:38:52,2026-08-25 17:07:22,False
3169026,Left Index,"Access to the diversity of literature on the left, with a primary emphasis on politically and culturally engaged scholarship inside and outside the academy and a secondary emphasis on significant but little known sources of news and ideas.",,https://research.ebsco.com/c/xuxb7f/search/advanced/filters?db=fqh,https://ucsd.libguides.com/leftindex,EBSCO,[],"[""Literature"", ""Political Science"", ""Sociology""]","[{""name"": ""Literature"", ""rank"": 1}]",[],[],2014-06-20 04:01:42,2025-06-16 18:55:00,False
76967450,"Leisure, Travel & Mass Culture","This resource presents a multi-national journey through well-known, little-known and far-flung destinations unlocked for the average traveller between 1850 and the 1980s. Guidebooks and brochures, periodicals, travel agency correspondence, photographs and personal travel journals provide unique insight into the expansion, accessibility and affordability of tourism for the masses and the evolution of some of the most successful travel agencies in the world.",,https://go.openathens.net/redirector/ucsd.edu?url=https%3A%2F%2Fwww.masstourism.amdigital.co.uk%2F,https://ucsd.libguides.com/leisure,Adam Matthew Digital,"[""Primary Sources""]","[""United States History""]",[],[],[],2024-06-17 22:42:44,2026-05-14 21:34:10,False
80927111,Lexidrug,"This resource is brought to you by UCSD Health (VPN is required for off-campus access) . Lexidrug provides in-depth information on adverse reactions, Canadian brand names, dosing, FDA special alerts, medication safety issues, pharmacodynamics/kinetics, and more than 500,000 brand names from over 150 countries. App access is available from the Lexidrug welcome page, click on the ""Mobile Access Codes"" link to get your subscription code to download the mobile app.",,https://online.lexi.com/lco/action/home,https://ucsd.libguides.com/lexidrug,Wolters Kluwer,[],"[""Pharmacy & Pharmacology""]",[],"[""VPN Required Off Campus""]","[""LexiComp""]",2025-05-16 14:57:21,2026-08-25 04:26:43,False
50870563,LGBT Magazine Archive,"The archives of 26 leading but previously hard-to-find magazines are included in LGBT Magazine Archive, including many of the longest-running, most influential publications of this type. The Advocate is made available digitally for the first time.",,https://go.openathens.net/redirector/ucsd.edu?url=https%3A%2F%2Fsearch.proquest.com%2Flgbtma%2Fadvanced%3Faccountid%3D14524,https://ucsd.libguides.com/lgbtmagazine,ProQuest,[],"[""Critical Gender Studies"", ""History"", ""Sociology""]",[],[],[],2019-10-29 17:58:34,2025-06-07 00:47:32,False
5171319,LGBT Studies in Video,"LGBT Studies in Video is a cinematic survey of the lives of lesbian, gay, bisexual, and transgender people as well as the cultural and political evolution of the LGBT community. This collection features award-winning documentaries, interviews, archival footage, and select feature films exploring LGBT history, gay culture and subcultures, civil rights, marriage equality, LGBT families, AIDS, transgender issues, religious perspectives on homosexuality, global comparative experiences, and other topics.",,https://go.openathens.net/redirector/ucsd.edu?url=https%3A%2F%2Fsearch.alexanderstreet.com%2Fgltv,https://ucsd.libguides.com/lgbtstudies,Alexander Street Press,"[""Streaming Media""]","[""Critical Gender Studies"", ""Sociology""]",[],[],[],2014-09-24 20:53:22,2025-11-07 22:37:37,False
5171324,LGBT Thought and Culture,"This resource hosts the key works and, in future releases, archival documentation of LGBT underground political and social movements throughout the 20th century and into the present day. The collection will include select rare works from Alyson Books, Cleis Press, Firebrand Books, and major winners of the Stonewall Book Awards and Lambda Literary Awards. Also included will be personal papers of key figures and archival materials from local and national organizations; and seminal texts, letters, speeches, interviews, and ephemera covering the political evolution of gay rights as well as memoirs, biographies, poetry, and works of fiction that illuminate the lives of lesbians, gays, transgendered, and bisexual individuals and the community.",,https://go.openathens.net/redirector/ucsd.edu?url=https%3A%2F%2Fsearch.alexanderstreet.com%2Fgltc,https://ucsd.libguides.com/lgbtthought,Alexander Street Press,[],"[""Critical Gender Studies"", ""Sociology""]",[],[],[],2014-09-24 20:54:02,2025-11-03 19:47:36,False
19326606,Library Information Science and Technology Abstracts,"1960s - present. Covers mainly journals and conference reports from library, information science and some computer science journals.",,https://research.ebsco.com/c/xuxb7f/search/advanced/filters?db=lxh,https://ucsd.libguides.com/libraryinfosciabs,EBSCO,[],[],[],[],[],2016-02-05 01:28:59,2026-09-17 19:50:36,False
73489542,"Life at Sea: Seafaring in the Anglo-American Maritime World, 1600-1900","This resource brings together unique primary sources drawn from world-class maritime archives and heritage collections. Reflecting current trends in Maritime history, this resource takes a sociocultural approach, focusing on the individual experiences and personal narratives of seafarers and their lives lived on the high seas.",,https://go.openathens.net/redirector/ucsd.edu?url=https%3A%2F%2Fwww.lifeatsea.amdigital.co.uk,https://ucsd.libguides.com/lifeatsea,Adam Matthew Digital,"[""Primary Sources""]","[""History""]",[],[],[],2023-09-14 21:57:17,2026-05-14 21:34:40,False
77587426,Linguistic Data Consortium (LDC),"Registration required. The Linguistic Data Consortium (LDC) is an open consortium of universities, libraries, corporations and government research laboratories that hosts a repository devoted to acquiring, archiving, preserving and distributing linguistic corpora. These corpora are searchable via the LDC catalog. UC San Diego's membership allows UC San Diego students, faculty, and employees to register for a login that, once approved, provides free access to the datasets included with our membership years and a 50% discount on other datasets. Note that these datasets can only be used for educational, non-commercial text and data mining projects.",,https://catalog.ldc.upenn.edu/login,https://ucsd.libguides.com/ldc,,"[""Text & Data Mining (TDM)""]","[""Linguistics""]",[],"[""Registration Required""]",[],2024-08-07 18:21:45,2026-05-14 21:55:54,False
74957704,Lippincott Discovery: LWW Health Library Collections,"A subscription-based site with Lippincott content at its core. Built for optimal learning and accessibility, the site brings texts and multimedia to faculty and students. Click to browse all our individual collections from Lippincott Discovery. Currently includes: Family Medicine, Internal Medicine, OBGYN, PA Core Education, PA Rotations/Specialties, Psychiatry, and Surgery.",,https://go.openathens.net/redirector/ucsd.edu?url=https%3A%2F%2Flwwhealthlibrary.com%2Fumbrella-index.aspx,https://ucsd.libguides.com/lww,Wolters Kluwer,"[""E-Books""]","[""Medicine"", ""Nursing""]",[],[],[],2024-01-09 21:56:21,2026-04-27 19:33:36,False
76967507,"Literary Manuscripts: 17th and 18th Century Poetry from the Brotherton Library, University of Leeds","Examine complete images of 190 manuscripts of seventeenth and eighteenth-century verse held in the celebrated Brotherton Collection at the University of Leeds. These manuscripts can be read and explored in conjunction with the Brotherton Collection Manuscript Verse Index, which includes first lines, last lines, attribution, author, title, date, length, verse form, content and bibliographic references for over 6,600 poems within the collection.",,https://go.openathens.net/redirector/ucsd.edu?url=https%3A%2F%2Fwww.literarymanuscriptsleeds.amdigital.co.uk%2F,https://ucsd.libguides.com/poetry,Adam Matthew Digital,"[""Primary Sources""]","[""Literature""]",[],[],[],2024-06-17 22:51:17,2026-05-14 21:35:49,False
76967491,Literary Manuscripts: Victorian Manuscripts from the Henry W. and Albert A. Berg Collection of the New York Public Library,"The Berg Collection at New York Public Library is recognised as one of the finest literary research collections in the world, and the Victorian holdings are the undisputed jewel in its crown. Read more about the collection in the Nature and Scope, and uncover the principal authors within the Berg Collection Biographies. Learn about the history of the Berg Collection in commissioned essays, or begin browsing documents.",,https://go.openathens.net/redirector/ucsd.edu?url=https%3A%2F%2Fwww.literarymanuscriptsberg.amdigital.co.uk%2F,https://ucsd.libguides.com/victorianmanuscripts,Adam Matthew Digital,"[""Primary Sources""]","[""Literature""]",[],[],[],2024-06-17 22:47:47,2026-05-14 21:36:21,False
76967620,Literary Print Culture: The Stationers' Company Archive,"The Stationers’ Company Archive is one of the most important resources for understanding the workings of the early book trade, the printing and publishing community, the establishment of legal requirements for copyright provisions and the history of bookbinding. Explore extremely rare documents dating from 1554 to the 21st century in this invaluable resource of research material for historians and literary scholars.",,https://go.openathens.net/redirector/ucsd.edu?url=https%3A%2F%2Fwww.literaryprintculture.amdigital.co.uk%2F,https://ucsd.libguides.com/literaryprint,Adam Matthew Digital,"[""Primary Sources""]","[""Literature""]",[],[],[],2024-06-17 22:54:31,2026-05-14 21:36:52,False
19326624,Literature Online (LiON),"A fully searchable library of more than 350,000 works of English and American poetry, drama, and prose; 180 full-text literature journals; and other key critical and biographical sources.",,https://go.openathens.net/redirector/ucsd.edu?url=https%3A%2F%2Fwww.proquest.com%2Flion%2Fadvanced%2F%3Faccountid%3D14524,https://ucsd.libguides.com/lion,ProQuest,[],"[""Literature""]","[{""name"": ""Literature"", ""rank"": 1}]",[],[],2016-02-05 01:30:59,2026-05-14 21:37:08,False
45045449,Loeb Classical Library,"The mission of the Loeb Classical Library, founded by James Loeb in 1911, has always been to make Greek and Latin literature accessible to the broadest range of readers. The digital Loeb Classical Library extends this mission into the twenty-first century. Harvard University Press is honored to renew James Loeb's vision of accessibility and presents an interconnected, fully searchable, perpetually growing, virtual library of all that is important in Greek and Latin literature. Epic and lyric poetry; tragedy and comedy; history, travel, philosophy, and oratory; the great medical writers and mathematicians; those Church Fathers who made particular use of pagan culture — in short, our entire Greek and Latin Classical heritage is represented here with up-to-date texts and accurate English translations. More than 520 volumes of Latin, Greek, and English texts are available in a modern and elegant interface, allowing readers to browse, search, bookmark, annotate, and share content with ease.",,https://go.openathens.net/redirector/ucsd.edu?url=https%3A%2F%2Fwww.loebclassics.com%2F,https://ucsd.libguides.com/loeb,,"[""E-Books""]","[""Classical Studies"", ""European Studies"", ""History"", ""Literature""]","[{""name"": ""Classical Studies"", ""rank"": 1}]",[],[],2018-10-18 15:11:30,2025-06-07 01:20:24,False
76980221,"London Low Life: Street Culture, Social Reform and the Victorian Underworld","A full-text searchable resource containing rare books, ephemera, maps and other materials relating to 18th, 19th and early 20th century London. It is designed for both teaching and study, from undergraduate to research students and beyond",,https://go.openathens.net/redirector/ucsd.edu?url=https%3A%2F%2Fwww.londonlowlife.amdigital.co.uk%2F,https://ucsd.libguides.com/londonlow,Adam Matthew Digital,"[""Primary Sources""]","[""European Studies"", ""History""]",[],[],[],2024-06-18 20:09:14,2026-05-14 21:37:37,False
58789777,Los Angeles Times (1881-present),"Combined full-run search of the Los Angeles Times, both historical and current.",,https://go.openathens.net/redirector/ucsd.edu?url=https%3A%2F%2Fwww.proquest.com%2F%3Faccountid%3D14524%26selectids%3D1006442%2C1005692,https://ucsd.libguides.com/latimescombo,ProQuest,"[""News & Newspapers""]","[""United States History""]",[],[],[],2020-11-29 16:26:38,2026-08-25 04:24:02,False
3168933,Los Angeles Times (1985-present),Current coverage of the largest daily newspaper in the Western United States.,,https://go.openathens.net/redirector/ucsd.edu?url=http%3A%2F%2Fsearch.proquest.com%2Flatimes%2Fadvanced%2F%3Faccountid%3D14524,https://ucsd.libguides.com/latimes,ProQuest,"[""News & Newspapers""]","[""Business"", ""Economics""]",[],[],[],2012-04-13 04:01:18,2026-08-25 04:24:18,False
3168935,Los Angeles Times Historical (1881-2016),Historical coverage of the largest daily newspaper in the Western United States.,,https://go.openathens.net/redirector/ucsd.edu?url=https%3A%2F%2Fwww.proquest.com%2Fhnplatimes%2Fadvanced%3Faccountid%3D14524,https://ucsd.libguides.com/losangelestimeshist,ProQuest,"[""News & Newspapers""]","[""International Studies"", ""Political Science"", ""United States History""]",[],[],[],2012-04-13 04:01:18,2026-08-25 17:08:06,False
64827844,LSEG Refinitiv Workspace,"Workspace provides financial and economic data, news, equity reports, and company & industry analysis. Its international in scope and covers both public and private company information. Workspace is most often used for investment analysts’ reports, public company financials & filings, business news, economic indicators, stock prices, and data, and a variety of instruments (bonds, commodities, currencies, ETFs, futures, indexes, options and more). Unique content includes ESG data, performance forecasts & consensus estimates, deals & transactions (M&A, IPOs, venture capital & private equity). Download limit of 150 pages per day, reset daily at midnight local time . New users complete self-registration here - https://my.refinitiv.com/productregistration.html","Workspace is only available to UC San Diego students, faculty, and staff; only for non-commercial, academic research. It replaces ThomsonONE/Investext and Datastream, and now works across several browsers. Register only once; otherwise login to Workspace using the main link. You may use web or desktop app version (includes the Workspace add-in for Excel), once you are registered.",http://workspace.refinitiv.com/web,https://ucsd.libguides.com/lseg,,"[""Datasets & Statistics"", ""News & Newspapers""]","[""Accounting & Taxation"", ""Business"", ""Economics""]",[],"[""Registration Required""]","[""Investext"", "" Datastream"", "" ThomsonONE""]",2021-12-22 23:17:58,2026-08-25 17:45:37,False
77016578,"Macmillan Cabinet Papers, 1957-1963","This resource provides complete coverage of the Cabinet conclusions (minutes) (CAB 128) and memoranda (CAB 129) of Harold Macmillan’s government, plus selected minutes and memoranda of policy committees (CAB 134).",,https://go.openathens.net/redirector/ucsd.edu?url=https%3A%2F%2Fwww.macmillancabinetpapers.amdigital.co.uk%2F,https://ucsd.libguides.com/macmillan,Adam Matthew Digital,"[""Primary Sources""]","[""European Studies"", ""History"", ""Political Science""]",[],[],[],2024-06-21 23:37:56,2026-05-14 21:39:10,False
19326667,MagazinePlus,1975-present. Indexes Japanese language journal and general interest periodical articles.,,https://go.openathens.net/redirector/ucsd.edu?url=https%3A%2F%2Fweb.nichigai.jp%2Fmenu%3Fuser_id%3DUCB,https://ucsd.libguides.com/magazineplus,,[],"[""Japanese Studies""]",[],[],[],2016-02-05 01:34:16,2026-05-14 21:38:25,False
4894817,"Making of Modern Law: Trials, 1620-1926","Includes not only published trial transcripts, but also popular printed accounts of sensational trials for murder, adultery and other scandalous crimes.",,https://go.gale.com/ps/start.do?p=MMLT&u=ucsandiego,https://ucsd.libguides.com/modernlaw,Gale/Cengage Learning,"[""Primary Sources""]","[""European Studies"", ""History"", ""International Studies"", ""Law"", ""United States History""]",[],[],[],2014-09-08 04:49:58,2026-05-14 21:42:23,False
19326675,Making of the Modern World,"Online primary sources that track the development of the modern, western world. Full-text searching across 12 million pages of works published 1450-1914. Great starting place for primary source material from this period.",,https://go.gale.com/ps/start.do?p=MOME&u=ucsandiego&aty=ip,https://ucsd.libguides.com/makingmodernworld,Gale/Cengage Learning,"[""Primary Sources""]","[""Business"", ""Economics"", ""European Studies"", ""History"", ""International Studies""]","[{""name"": ""European Studies"", ""rank"": 1}, {""name"": ""History"", ""rank"": 1}]",[],[],2016-02-05 01:35:21,2026-08-25 15:25:46,False
85542771,Manhua Digital Archive,"Digitized collection of the full run of Manhua , a state-sponsored pictorial magazine published in the People’s Republic of China from 1950 to 1960.",,https://go.openathens.net/redirector/ucsd.edu?url=https%3A%2F%2Fdlib.eastview.com%2Fbrowse%2Fbooks%2F7850,https://ucsd.libguides.com/manhua,East View,[],"[""Chinese Studies""]",[],[],[],2026-07-15 20:46:24,2026-07-15 20:57:51,False
19326684,Manuscript Women's Letters and Diaries,"This collection (when complete) will bring together 100,000 pages of the personal writings of women of the 18th, 19th, and 20th centuries, drawn from the extensive holdings of the American Antiquarian Society.",,https://go.openathens.net/redirector/ucsd.edu?url=https%3A%2F%2Fsearch.alexanderstreet.com%2Fmwld,https://ucsd.libguides.com/manuscriptwomens,Alexander Street Press,[],"[""United States History""]",[],[],[],2016-02-05 01:36:43,2026-05-14 21:43:35,False
19326689,March of Time,"From 1935-1967, American theatergoers and television watchers were witness to Time Inc.'s unique and controversial film series, The March of Time. This series is now available in online streaming video in a single, cross-searchable collection designed specifically to meet the needs of researchers, teaching faculty, and students.",,https://go.openathens.net/redirector/ucsd.edu?url=https%3A%2F%2Fvideo.alexanderstreet.com%2Fchannel%2Fthe-march-of-time,https://ucsd.libguides.com/marchoftime,Alexander Street Press,"[""Streaming Media""]","[""European Studies"", ""United States History""]",[],[],[],2016-02-05 01:37:45,2025-06-07 02:40:46,False
18935293,MarinLit,"Database for searching the marine natural chemistry literature, with features not available in other chemistry or marine science databases. Along with searching by bibliographic information, taxonomy, location, chemical structure, and physical property data, you can also dereplicate results by substructure, exact mass, molecular formula, NMR and UV data, and taxonomy.",,https://go.openathens.net/redirector/ucsd.edu?url=http%3A%2F%2Fpubs.rsc.org%2Fmarinlit%2F,https://ucsd.libguides.com/marinlit,,"[""Chemical & Physical Properties""]","[""Chemistry"", ""Marine Sciences"", ""Oceanography""]",[],[],[],2016-01-20 19:18:33,2025-07-22 02:32:05,False
19326698,Mass Observation Online,"Archive of social survey project on many aspects of British society, collected 1937-1972. Includes essays, file reports, diaries, day surveys, photographs and links to other sites.",,https://go.openathens.net/redirector/ucsd.edu?url=https%3A%2F%2Fwww.massobservation.amdigital.co.uk%2F,https://ucsd.libguides.com/massobservation,Adam Matthew Digital,[],"[""European Studies"", ""History"", ""Sociology""]",[],[],[],2016-02-05 01:38:49,2026-05-14 21:44:23,False
77055288,"Mass Observation Project, 1981-2009","Launched in 1981 by the University of Sussex as a rebirth of the original 1937 Mass Observation, its founders' aim was to document the social history of Britain by recruiting volunteers to write about their lives and opinions. Still growing, it is one of the most important sources available for qualitative social data in the UK. Includes the 1980s, 1990s, and 2000s modules.",,https://go.openathens.net/redirector/ucsd.edu?url=https%3A%2F%2Fwww.massobservationproject.amdigital.co.uk,https://ucsd.libguides.com/massobservationproject,Adam Matthew Digital,"[""Primary Sources""]","[""European Studies"", ""History"", ""Sociology""]",[],[],[],2024-06-25 18:28:24,2026-05-14 21:44:39,False
19326704,MasterFILE Premier,"Provides articles from over 1750 general, popular, news, and scholarly periodicals. Includes online news images from UPI and other agencies, plus biographies, reference books, and primary source documents.",,https://research.ebsco.com/c/xuxb7f/search/advanced/filters?db=f5h,https://ucsd.libguides.com/masterfile,EBSCO,[],[],[],[],[],2016-02-05 01:39:41,2025-06-16 18:57:53,False
36116467,Materials Platform for Data Science - Phase Diagrams (ASM),"Database of 75,000+ binary, ternary, and multinary phase diagrams and data sheets, with associated property data. ASM's successor to their Alloy Phase Diagram Database. (Content from the MPDS Crystal Structures database is not included in our license.)",,https://go.openathens.net/redirector/ucsd.edu?url=https%3A%2F%2Fasm.mpds.io%2F,https://ucsd.libguides.com/asmmaterialsplatform,,"[""Chemical & Physical Properties""]","[""Materials Science""]",[],[],"[""Alloy Phase Diagram Database""]",2017-09-26 19:33:37,2025-08-14 17:17:25,False
39882694,Materials Science & Engineering Database,"Database for materials science and engineering research, indexing journals, trade magazines, and grey literature in metals, polymers, ceramics, composites, and biomaterials. Includes Earthquake Engineering Abstracts, Engineered Materials Abstracts, METADEX, Corrosion Abstracts, and Ceramic Abstracts. Includes full text access to more than 1,300+ journals and magazines.",,https://go.openathens.net/redirector/ucsd.edu?url=https%3A%2F%2Fwww.proquest.com%2Fmaterialscienceengineering%2Fadvanced%3Faccountid%3D14524,https://ucsd.libguides.com/matscieng,ProQuest,[],"[""Aerospace Engineering"", ""Biochemistry"", ""Bioengineering"", ""Chemical Engineering"", ""Chemistry"", ""Electrical Engineering"", ""Materials Science"", ""Mechanical Engineering"", ""NanoEngineering"", ""Oceanography"", ""Physics"", ""Structural Engineering""]","[{""name"": ""Aerospace Engineering"", ""rank"": 1}, {""name"": ""Chemical Engineering"", ""rank"": 3}, {""name"": ""Materials Science"", ""rank"": 1}, {""name"": ""Mechanical Engineering"", ""rank"": 1}, {""name"": ""Structural Engineering"", ""rank"": 1}]",[],[],2018-02-05 16:59:28,2025-08-26 19:33:22,False
3168869,MathSciNet,"The major index to the mathematical literature for articles, conference proceedings, books, and edited book chapters. Bibliographic data from retro-digitized articles dates back to the early 1800s. Includes Mathematical Reviews (MR) with reviews of the current published mathematical literature.",,https://go.openathens.net/redirector/ucsd.edu?url=https%3A%2F%2Fmathscinet.ams.org%2Fmathscinet%2Fpublications-search,https://ucsd.libguides.com/mathscinet,American Mathematical Society,"[""Book & Film Reviews""]","[""Business"", ""Computer Science"", ""Economics"", ""Mathematics & Statistics""]","[{""name"": ""Mathematics & Statistics"", ""rank"": 1}]",[],[],2009-08-25 21:46:04,2026-08-25 04:38:35,False
75662802,MBC Archive,"MBC Archive is a Korean media database service that provides a vast amount of content materials that have been aired since its foundation in 1961. You will find videos and images as well as original materials for the production such as aerial shots, production sites, and images of certain events. MBC stands for Munwha Broastcasting Corporation. This media database covers many different area such as history, performing arts, sciences, North Korea, travel, sports, and more. VPN required for off-campus access.",,https://www.mbcarchive.com/include/about.aspx,,,"[""Streaming Media""]","[""Korean Studies""]",[],"[""VPN Required Off Campus""]",[],2024-03-01 18:10:25,2026-01-27 01:36:33,False
3168957,Medical Letter,"The Medical Letter, Inc. is a nonprofit organization that publishes critical appraisals of new prescription drugs and comparative reviews of drugs for common diseases.",,https://go.openathens.net/redirector/ucsd.edu?url=https%3A%2F%2Fsecure.medicalletter.org%2F,https://ucsd.libguides.com/medicalletter,,[],"[""Medicine""]",[],[],[],2013-12-12 01:12:01,2026-05-14 21:41:45,False
77055011,"Medical Services and Warfare, 1850-1949","Explore multiple perspectives on the history of injury, treatment, and disease on the front line. Chart scientific advances through hospital records, medical reports, and first-hand accounts, and discover the evidence of how war shaped medical practices.",,https://go.openathens.net/redirector/ucsd.edu?url=https%3A%2F%2Fwww.medicalservicesandwarfare.amdigital.co.uk%2F,https://ucsd.libguides.com/medicalserviceswarfare,Adam Matthew Digital,"[""Primary Sources""]","[""History"", ""History of Science""]",[],[],[],2024-06-25 18:22:31,2026-05-14 21:45:13,False
64513072,Medici.tv,"Over 1,800 classical music performances (3000 original works), including concerts and archived historical concerts, operas, ballets, documentaries, and master classes.",,https://go.openathens.net/redirector/ucsd.edu?url=https%3A%2F%2Fedu.medici.tv%2Fen,https://ucsd.libguides.com/medicitv,,"[""Streaming Media""]","[""Music""]",[],[],[],2021-11-29 19:31:13,2026-08-25 15:20:50,False
76980319,"Medieval Family Life: The Paston, Cely, Plumpton, Stonor and Armburgh Papers","This resource consists of full-colour images of the original medieval manuscripts that make up these family letter collections and full-text-searchable transcripts from the printed editions, where they are available. A plethora of topics are covered in these collections, including trade, warfare, arranging advantageous marriages, arguments between parents and children, matters of inheritance, births and deaths, estate management, legal disputes, domestic finances, women and their role in the family and everyday social and domestic life.",,https://go.openathens.net/redirector/ucsd.edu?url=https%3A%2F%2Fwww.medievalfamilylife.amdigital.co.uk%2F,https://ucsd.libguides.com/medievalfamily,Adam Matthew Digital,"[""Primary Sources""]","[""European Studies"", ""History""]",[],[],[],2024-06-18 20:15:07,2026-05-14 21:46:15,False
76980383,Medieval Travel Writing,"This collection presents manuscripts of some of the most important works of European travel writing from the later medieval period. The chief focus is on journeys to central Asia and the Far East, including accounts of travel to Mongolia, Persia, India, China and South-East Asia. It is an indispensable source for scholars of medieval travel, geography, exploration, trade, literature and medieval postcolonial studies.",,https://go.openathens.net/redirector/ucsd.edu?url=https%3A%2F%2Fwww.medievaltravel.amdigital.co.uk%2F,https://ucsd.libguides.com/medievaltravel,Adam Matthew Digital,"[""Primary Sources""]","[""European Studies"", ""History""]",[],[],[],2024-06-18 20:19:45,2026-05-14 21:46:31,False
56671383,Medline (Ovid),"The Medline database is the premier biomedical database from the National Library of Medicine. It covers topics in medicine, nursing, public health, and more. Ovid is one of the platforms available to access Medline database. PubMed is another platform.",,https://go.openathens.net/redirector/ucsd.edu?url=http%3A%2F%2Fovidsp.ovid.com%2Fovidweb.cgi%3FT%3DJS%26NEWS%3Dn%26CSC%3DY%26PAGE%3Dmain%26D%3Dprmz%2Cmedp,https://ucsd.libguides.com/medlineovid,Wolters Kluwer,[],"[""Medicine""]",[],[],[],2020-08-18 20:32:46,2026-05-14 21:47:06,False
81582242,Medline (Web of Science),"The Medline database is the premier biomedical database from the National Library of Medicine. It covers topics in medicine, nursing, public health, and more. Web of Science is one of the platforms available to access Medline database. PubMed and Ovid are other platforms.",,https://go.openathens.net/redirector/ucsd.edu?url=https%3A%2F%2Fwww.webofscience.com%2Fwos%2Fmedline%2Fbasic-search,https://ucsd.libguides.com/medlinewos,Thomson Reuter,[],"[""Medicine""]",[],[],[],2025-07-17 19:18:09,2025-07-17 19:18:09,False
3169128,Meet the Press,"The Meet the Press collection makes over 1,500 hours of footage--the full surviving broadcast run from 1947 to present day--available online in one cross-searchable interface. Network television's longest running program--with its thousands of interviews, panels, and debates--is available via streaming online video",,https://go.openathens.net/redirector/ucsd.edu?url=https%3A%2F%2Fvideo.alexanderstreet.com%2Fchannel%2Fmeet-the-press,https://ucsd.libguides.com/meetthepress,Alexander Street Press,"[""Streaming Media""]","[""Political Science"", ""United States History""]",[],[],[],2014-06-25 02:57:45,2025-06-07 02:59:09,False
76980578,Meiji Japan: The Edward Sylvester Morse Collection from the Phillips Library at the Peabody Essex Museum,"Meiji Japan provides digital access to the papers of Edward Sylvester Morse (1838-1925), an American polymath notable for his work in natural history, ethnography, archaeology and art history. Morse was invited to teach at Tokyo Imperial University in the 1870s and travelled extensively in Japan, recording his experiences in great detail and maintaining a deep interest in the country and its culture for the remainder of his life. This resource, a digital edition of Morse's papers, provides insights into Japan during the Mejii Era (1868-1912) along with Morse's numerous and valuable contributions to a wide range of academic disciplines.",,https://go.openathens.net/redirector/ucsd.edu?url=https%3A%2F%2Fwww.aap.amdigital.co.uk%2F,https://ucsd.libguides.com/meiji,Adam Matthew Digital,"[""Primary Sources""]","[""History"", ""Japanese Studies""]",[],[],[],2024-06-18 20:24:07,2026-05-14 21:47:37,False
44997455,Merck Index,"VPN or Institutional login required for off-campus access . Database of 11,000+ chemicals, drugs, and biologicals of some significance, with basic physical properties, applications, bioactivity data, and key literature references.",,https://merckindex.rsc.org/,https://ucsd.libguides.com/merck,,"[""Chemical & Physical Properties""]","[""Biochemistry"", ""Biological Sciences"", ""Chemistry"", ""Pharmacy & Pharmacology""]",[],[],[],2018-10-16 17:09:17,2026-04-13 23:53:35,False
20348967,Mergent Archives,"Search here for historical annual reports (starting from 1925), older business ratios (1979-2025, formerly named Dun & Bradstreet's Industry Norms and Key Business Ratios), and the company and industry report publications known as the Moody's/Mergent's manuals (starting from 1909, including the industrial, public utilities, transportation, banking, OTC, banking & finance, and international publications and statistical data). For current company information, use Mergent Market Atlas .",,https://go.openathens.net/redirector/ucsd.edu?url=http%3A%2F%2Fwww.mergentarchives.com%2F,https://ucsd.libguides.com/mergentarchives,"Mergent, Inc.","[""Datasets & Statistics""]","[""Business"", ""Economics"", ""International Studies""]",[],[],[],2016-03-19 00:15:18,2026-01-05 19:24:12,False
78708821,Mergent Market Atlas,"It provides access to company financials, ratios, business segments, descriptions, sustainability, officers and directors. It is especially useful for company, industry, index, ESG and economic data views, SEC filings, and other reports.",,https://marketatlasoa.mergent.com/login?entity=https://idp.ucsd.edu/entity,https://ucsd.libguides.com/mergentmarket,"Mergent, Inc.","[""Datasets & Statistics"", ""Directories""]","[""Accounting & Taxation"", ""Business"", ""Economics"", ""Market Research""]","[{""name"": ""Accounting & Taxation"", ""rank"": 2}, {""name"": ""Business"", ""rank"": 2}]",[],"[""Mergent Online""]",2024-10-25 20:43:26,2026-08-25 15:23:43,False
3168942,Meteorological & Geoastrophysical Abstracts (MGA),"(Search as part of Earth, Atmospheric & Aquatic Science Collection for greater coverage of earth and climate science topics). This database covers 100s of journals, as well as books & conference proceedings, on meteorology, climatology, air pollution, astrophysics, atmospheric chemistry & physics, physical oceanography, hydrology, glaciology, and weather forecasting, from 1950s to present.",,https://go.openathens.net/redirector/ucsd.edu?url=https%3A%2F%2Fwww.proquest.com%2Fmga%2Fadvanced%2F%3Faccountid%3D14524,https://ucsd.libguides.com/mga,ProQuest,[],"[""Astronomy & Astrophysics"", ""Climate & Atmospheric Sciences"", ""Geology & Geosciences""]","[{""name"": ""Astronomy & Astrophysics"", ""rank"": 1}]",[],[],2012-12-13 02:59:32,2025-07-09 01:05:45,False
3169114,Meyler’s Side Effects of Drugs: The International Encyclopedia of Adverse Drug Reactions and Interactions,"This database contains extensive, well-referenced electronic books on adverse reactions reported on drugs and drug classes. Search for drug names to find case reports of adverse effects, or search for adverse effects to find lists of drugs that have been associated with that effect﻿.",,https://go.openathens.net/redirector/ucsd.edu?url=https%3A%2F%2Fwww.sciencedirect.com%2Freferencework%2F9780444537164%2Fmeylers-side-effects-of-drugs,https://ucsd.libguides.com/meylers,Elsevier,[],"[""Pharmacy & Pharmacology"", ""Psychiatry""]",[],[],[],2014-06-24 01:20:07,2025-06-07 03:10:51,False
3168954,Micromedex,"Search across multiple resources at once. It has more extensive referencing than other major drug databases, with some info on investigational and non-US drugs as does Martindale (a European drug database) which is included in the Micromedex package. It also contains a drug identification tool (""Identidex""), a drug interaction checker, specialized tools for IV drugs, drug reactions and dosage calculations, patient handouts, summary drug documents and three teratology databases.",,https://go.openathens.net/redirector/ucsd.edu?url=https%3A%2F%2Fwww.micromedexsolutions.com%2Fhome%2Fdispatch,https://ucsd.libguides.com/micromedex,,[],"[""Nursing"", ""Pharmacy & Pharmacology""]","[{""name"": ""Pharmacy & Pharmacology"", ""rank"": 1}]",[],[],2013-12-12 01:11:12,2025-06-07 03:12:35,False
77947094,Middle Search Plus,"This full-text database provides popular middle school magazines, reference e-books, and thousands of primary source documents and videos. Subjects include history, current events, science and sports.",,https://research.ebsco.com/c/xuxb7f/search/advanced/filters?db=mih,https://ucsd.libguides.com/middlesearchplus,EBSCO,"[""E-Books"", ""Multidisciplinary""]","[""History"", ""United States History""]",[],[],[],2024-09-02 02:52:44,2026-04-27 19:37:10,False
18073676,Migration To New Worlds,"Migration to New Worlds explores the movement of peoples from Great Britain, Ireland, mainland Europe and Asia to the New World and Australasia. This first module concentrates on the period 1800 to 1924, otherwise known as the 'Century of Immigration' and covers all aspects of the migration experience, from departures to arrival and permanent settlement.",,https://go.openathens.net/redirector/ucsd.edu?url=http%3A%2F%2Fwww.migration.amdigital.co.uk%2F,https://ucsd.libguides.com/migrationnewworlds,Adam Matthew Digital,"[""Primary Sources""]","[""Ethnic Studies"", ""History"", ""United States History""]",[],[],[],2015-12-10 20:13:50,2026-05-14 21:47:58,False
15752358,Military & Government Collection,"Offers current news on all branches of the military and government through a collection of periodicals, academic journals, and other content pertinent to the increasing needs of those sites.",,https://research.ebsco.com/c/xuxb7f/search/advanced/filters?db=mth,https://ucsd.libguides.com/military,EBSCO,[],"[""Government Information""]",[],[],[],2015-09-09 14:00:34,2025-06-16 18:59:48,False
78873487,MLA Directory of Periodicals,"Information on journals and book series in the fields of literature, language, linguistics, rhetoric, and folklore.",,https://research.ebsco.com/c/xuxb7f/search/advanced/filters?db=kah,https://ucsd.libguides.com/mladirectory,EBSCO,[],"[""Linguistics"", ""Literature""]",[],[],[],2024-11-08 18:16:09,2025-06-16 19:00:28,False
3169106,MLA International Bibliography,"The primary database of citations to journal articles, monographs, book chapters, and dissertations in the fields of non-Classical literatures and folklore. Important source for linguistics and non-technical aspects of theater & film. Ca. 1890 - present.",,https://research.ebsco.com/c/xuxb7f/search/advanced/filters?db=mzh,https://ucsd.libguides.com/mlabib,EBSCO,[],"[""Cognitive Science"", ""Latin American Studies"", ""Linguistics"", ""Literature""]","[{""name"": ""Linguistics"", ""rank"": 1}, {""name"": ""Literature"", ""rank"": 1}]",[],[],2014-06-23 23:11:06,2025-06-16 19:01:02,False
76815943,Music Online: African American Music Reference,"Contains a variety of essential reference materials allowing users to chronicle the history of music of diverse origins and walks of life. Includes manuscripts, song-sheets, lyrics, discography data, and other text sources cover jazz, spirituals, civil rights songs, slave songs, minstrels, rhythm and blues, gospel, and other forms of black American musical expression.",,https://go.openathens.net/redirector/ucsd.edu?url=https%3A%2F%2Fsearch.alexanderstreet.com%2Faamr,https://ucsd.libguides.com/africanamermusic,Alexander Street Press,[],"[""African American Studies"", ""Music""]",[],[],[],2024-06-04 16:59:42,2025-06-16 17:11:06,False
19280065,Music Online: American Music,"Listen to American roots music and pre-1960 American popular music, including songs by and about American Indians, miners, immigrants, slaves, pioneers, cowboys, etc. Over 14,000 tracks and growing.",,https://go.openathens.net/redirector/ucsd.edu?url=https%3A%2F%2Fsearch.alexanderstreet.com%2Famso,https://ucsd.libguides.com/americanmusic,Alexander Street Press,"[""Streaming Media""]","[""Music""]",[],[],[],2016-02-03 18:33:22,2025-06-16 17:11:06,False
19290224,Music Online: Classical Music in Video,"Approximately 1,500 performances of leading orchestras, chamber music, solo performances, master classes and interviews with world renowned performers and teachers.",,https://go.openathens.net/redirector/ucsd.edu?url=https%3A%2F%2Fsearch.alexanderstreet.com%2Fclmv,https://ucsd.libguides.com/classicalvideo,Alexander Street Press,"[""Streaming Media""]","[""Music""]",[],[],[],2016-02-03 22:36:08,2025-06-16 17:11:06,False
19290253,Music Online: Classical Music Library,"Over 52,000 audio tracks of classical music from the Medieval to the contemporary, with chamber music, symphonies, choral music, solo vocal and instrumental, and other forms.",,https://go.openathens.net/redirector/ucsd.edu?url=https%3A%2F%2Fsearch.alexanderstreet.com%2Fclmu,https://ucsd.libguides.com/classical,Alexander Street Press,"[""Streaming Media""]","[""Music""]",[],[],[],2016-02-03 22:37:22,2025-06-16 17:11:06,False
19290291,Music Online: Classical Scores Library,Features contemporary self-published scores by major composers and critical editions of compositions that are lesser known but often studied.,,https://go.openathens.net/redirector/ucsd.edu?url=https%3A%2F%2Fshmu.alexanderstreet.com%2F,https://ucsd.libguides.com/classicalscores,Alexander Street Press,[],"[""Music""]",[],[],[],2016-02-03 22:38:44,2025-06-16 17:11:06,False
19290528,Music Online: Contemporary World Music,"A growing database of audio tracks to include reggae, world beat, world fusion, Balkan jazz, African film, Arab swing and jazz, and traditional genres such as Indian classical, fado, flamenco, klezmer, zydeco, gospel, and gagaku.",,https://go.openathens.net/redirector/ucsd.edu?url=https%3A%2F%2Fsearch.alexanderstreet.com%2Fwomu,https://ucsd.libguides.com/worldmusic,Alexander Street Press,"[""Streaming Media""]","[""Music""]",[],[],[],2016-02-03 22:50:27,2025-06-16 17:11:06,False
19326365,Music Online: Jazz Music Library,"A collection of jazz recordings from acclaimed artists on thousands of albums, from the beginnings of jazz to today.",,https://go.openathens.net/redirector/ucsd.edu?url=https%3A%2F%2Fsearch.alexanderstreet.com%2Fjazz,https://ucsd.libguides.com/jazzmusic,Alexander Street Press,"[""Streaming Media""]","[""Music""]",[],[],[],2016-02-05 01:12:35,2025-06-16 17:11:06,False
79254425,Music Online: Listening,A multidisciplinary collection of audiovisual content from more than 500 producers and distributors around the world.,,https://go.openathens.net/redirector/ucsd.edu?url=https%3A%2F%2Fsearch.alexanderstreet.com%2Fmusp,https://ucsd.libguides.com/listening,Alexander Street Press,"[""Streaming Media""]","[""Music""]",[],[],[],2024-12-13 23:31:40,2025-06-16 17:11:06,False
19354036,Music Online: Opera in Video,"Streaming videos of important opera performances from some of the world's leading opera houses, also interviews and documentaries.",,https://go.openathens.net/redirector/ucsd.edu?url=https%3A%2F%2Fopiv.alexanderstreet.com%2F,https://ucsd.libguides.com/operavideo,Alexander Street Press,"[""Streaming Media""]","[""Music""]",[],[],[],2016-02-05 21:48:59,2025-06-16 17:11:06,False
76817346,Music Online: Popular Music Library,"Includes hundreds of thousands of tracks from major genres in pop music, including alternative, country, Christian, electronic, hip-hop, metal, punk, new age, R&B, reggae, rock, and soundtracks.",,https://go.openathens.net/redirector/ucsd.edu?url=https%3A%2F%2Fsearch.alexanderstreet.com%2Fpops,https://ucsd.libguides.com/popularmusic,Alexander Street Press,"[""Streaming Media""]","[""Music""]",[],[],[],2024-06-04 17:31:31,2025-06-16 17:11:06,False
25083339,Music Online: Smithsonian Global Sound,A virtual encyclopedia of the world's musical and aural traditions. Produced in partnership with Smithsonian Folkways Recordings,,https://go.openathens.net/redirector/ucsd.edu?url=https%3A%2F%2Fsearch.alexanderstreet.com%2Fglmu,https://ucsd.libguides.com/globalsound,Alexander Street Press,[],"[""Music""]","[{""name"": ""Music"", ""rank"": 4}]",[],[],2016-09-09 18:35:59,2025-06-16 17:11:06,False
19325004,Music Online: The Garland Encyclopedia of World Music,"Articles on ethnic and folk music worldwide, describing national and specific musical genres, practices, instruments, performances, and the cultural context.",,https://go.openathens.net/redirector/ucsd.edu?url=https%3A%2F%2Fglnd.alexanderstreet.com%2F,https://ucsd.libguides.com/garland,Alexander Street Press,[],"[""Music""]","[{""name"": ""Music"", ""rank"": 1}]",[],[],2016-02-04 23:47:52,2025-06-16 17:11:06,False
24562737,Music Periodicals Database,"Covers all aspects of music, including music education, performance, ethnomusicology, musical theatre, popular music, and composition. Includes articles and abstracts from international periodicals. The majority of content is from the most recent ten years of publication.",,https://go.openathens.net/redirector/ucsd.edu?url=https%3A%2F%2Fwww.proquest.com%2Fiimp%2Fadvanced%2F%3Faccountid%3D14524,https://ucsd.libguides.com/musicperiodicals,ProQuest,[],"[""Music""]","[{""name"": ""Music"", ""rank"": 1}]",[],"[""IIMP"", "" International Index to Music Periodicals""]",2016-08-24 15:56:50,2025-06-16 17:11:06,False
3168941,NASA Technical Reports Server,"Database of scientific and technical information created or funded by NASA back to 1958, and NACA (1900-1958). Includes series reports, abstracts, book chapters and books, conference papers and presentations, contractor and grantee reports, journal articles, patents, technical reports, technical videos, and white papers.",,https://ntrs.nasa.gov/,,,[],"[""Aerospace Engineering"", ""Astronomy & Astrophysics"", ""Mechanical Engineering""]",[],[],[],2012-10-18 02:21:41,2025-09-24 18:38:01,False
19326716,National Geographic Virtual Library,"Includes the Magazine Archive from 1888 to the present and a cross-searchable collection of National Geographic books, maps, images and videos. The user interface allows viewer-friendly browsing of individual National Geographic magazine issues and single page and image printing is possible. Due to copyright considerations, downloading is not an option. The 600 videos and audio files may be downloaded.",,https://go.openathens.net/redirector/ucsd.edu?url=https%3A%2F%2Fgo.gale.com%2Fps%2FdispAdvSearch.do%3FuserGroupName%3Ducsandiego%26prodId%3DNGMA,https://ucsd.libguides.com/natgeovirtual,Gale/Cengage Learning,[],"[""Maps""]",[],[],[],2016-02-05 01:42:48,2025-06-03 21:10:07,False
3169082,National Index to Chinese Newspapers and Periodicals (NICNP) 全国报刊索引,Index to Chinese newspapers and periodicals published between 1833 and 1992. Covers various subjects in the humanities and social sciences IP 登录. Online request function not functional; request articles through UCSD ILL.,,https://go.openathens.net/redirector/ucsd.edu?url=https%3A%2F%2Fwww.cnbksy.com%2Fselect,https://ucsd.libguides.com/nicnp,,"[""News & Newspapers""]","[""Chinese Studies""]",[],[],[],2014-06-23 21:34:55,2025-06-03 21:20:50,False
5650438,National Social Sciences Database 国家哲学社会科学学术期刊数据库,"Sign-in needed to view and download contents. Includes almost 600 social science journals, covering subject areas in philosophy, religion, politics, law, economics, management, culture, education, languages and linguistics, literature, arts, history, geography, and general natural sciences.",,https://go.openathens.net/redirector/ucsd.edu?url=http%3A%2F%2Fbibpurl.oclc.org%2Fweb%2F69521,https://ucsd.libguides.com/natlsocsci,,[],"[""Chinese Studies""]",[],[],[],2014-10-16 20:03:01,2025-06-03 21:56:03,False
3168956,NatMed Pro,"A comprehensive database of natural products, herbals and nutraceuticals, including proprietary combinations on the market. It is particularly useful for identifying the components of multiple-ingredient products. (Formerly Natural standard and Natural medicines comprehensive database.)",,https://go.openathens.net/redirector/ucsd.edu?url=https%3A%2F%2Fnaturalmedicines.therapeuticresearch.com%2F,https://ucsd.libguides.com/natmed,,[],"[""Medicine"", ""Pharmacy & Pharmacology""]",[],[],"[""Natural Medicines (Natural Medicines Comprehensive Database)""]",2013-12-12 01:11:46,2025-06-03 21:57:31,False
25109019,Naxos Jazz,"Over 100,000 tracks that span the history of jazz and include blues, R&B, and more.",,https://go.openathens.net/redirector/ucsd.edu?url=http%3A%2F%2Fucsd.naxosmusiclibrary.com%2Fjazz%2Fhomepage.asp,https://ucsd.libguides.com/naxosjazz,,"[""Streaming Media""]","[""Music""]",[],[],[],2016-09-09 19:44:10,2025-06-16 17:11:06,False
5472604,Naxos Music Library,"Primarily classical music with over 100,000 tracks from 6,500 CDs. Includes the complete collections for Naxos and several smaller labels. New titles added monthly. Also includes jazz, pop and rock, and music from around the world.",,https://go.openathens.net/redirector/ucsd.edu?url=https%3A%2F%2Fucsd.naxosmusiclibrary.com%2F,https://ucsd.libguides.com/naxosmusic,,"[""Streaming Media""]","[""Music""]",[],[],[],2014-10-07 20:29:21,2025-06-16 17:11:06,False
19353516,NBER Working Papers,Searchable online archive of downloadable economics working papers by the National Bureau of Economic Research (NBER). Papers appear here for discussion and revision prior to formal publication in journals and books.,,https://go.openathens.net/redirector/ucsd.edu?url=http%3A%2F%2Fwww.nber.org%2Fpapers%2F,https://ucsd.libguides.com/nber,,"[""E-Books""]","[""Economics""]","[{""name"": ""Economics"", ""rank"": 1}]",[],"[""National Bureau of Economic Research""]",2016-02-05 21:27:26,2025-06-03 22:05:32,False
58789864,New York Times (1851-present),Custom combined full-runs search of three ProQuest versions of New York Times.,,https://go.openathens.net/redirector/ucsd.edu?url=https%3A%2F%2Fwww.proquest.com%2F%3Faccountid%3D14524%26selectids%3D1005685%2C1005701,https://ucsd.libguides.com/nytmulti,ProQuest,"[""News & Newspapers""]","[""United States History""]",[],[],[],2020-11-29 16:47:59,2025-11-07 22:39:01,False
3168934,New York Times (1980-present),"A searchable databases with full-text article access. Browse by issue or search and filter (by location, document type, date, etc.).",,https://go.openathens.net/redirector/ucsd.edu?url=https%3A%2F%2Fwww.proquest.com%2Fnytimes%2Fadvanced%2F%3Faccountid%3D14524,https://ucsd.libguides.com/pqnyt,ProQuest,"[""News & Newspapers""]","[""Business"", ""Economics"", ""International Studies"", ""Political Science""]",[],[],[],2012-04-13 04:01:18,2025-08-29 22:08:26,False
64851459,New York Times (academic pass program),"Create a free online and app account to access current and historical New York Times content. All UCSD faculty, staff, and students are eligible. Program sponsored by Associated Students and UC San Diego Library. More information, including access setup .",,https://go.openathens.net/redirector/ucsd.edu?url=https%3A%2F%2Fmyaccount.nytimes.com%2Fverification%2Fedupass,https://ucsd.libguides.com/nyt,,"[""News & Newspapers""]","[""Accounting & Taxation"", ""Business""]",[],[],"[""NYTimes.com""]",2021-12-31 21:44:37,2026-01-13 05:37:20,False
3168936,New York Times Historical (1851-2021),Search and browse full text and display images of both articles and complete newspaper pages.,,https://go.openathens.net/redirector/ucsd.edu?url=https%3A%2F%2Fwww.proquest.com%2Fhnpnewyorktimes%2Fadvanced,https://ucsd.libguides.com/nythist,ProQuest,"[""News & Newspapers""]","[""International Studies"", ""Political Science"", ""United States History""]",[],[],[],2012-04-13 04:01:18,2025-06-09 20:13:35,False
19353622,New York Tribune (1844-1922),Full text and page images of one of the key newspapers in the development of 19th century journalism.,,https://go.openathens.net/redirector/ucsd.edu?url=https%3A%2F%2Fwww.proquest.com%2Fhnpnewyorktribune%2Fadvanced%2F%3Faccountid%3D14524,https://ucsd.libguides.com/nytribune,ProQuest,"[""News & Newspapers""]","[""United States History""]",[],[],[],2016-02-05 21:31:49,2026-05-14 21:57:16,False
80490747,News Data Service Platform / 阅春秋新闻数据服务平台,"The contemporary newspaper resource service platform brings together major newspapers in China, covering more than 1,600 types of party and political newspapers, urban life newspapers, and industry professional newspapers. It contains more than 6,000 pages per day and more than 30,000 newspapers and periodicals, covering People's Daily, Xinhua Daily Telegraph, and economics. Ji Daily, Guangming Daily, Beijing Daily, Jiefang Daily, Zhejiang Daily and other major domestic newspapers. The platform aims to provide users with comprehensive and convenient newspaper resource data services. VPN required for off-campus access.",,https://cloudread.aheading.com/home,,,"[""News & Newspapers""]","[""Chinese Studies""]","[{""name"": ""Chinese Studies"", ""rank"": 3}]","[""VPN Required Off Campus""]",[],2025-04-08 21:55:57,2026-06-26 22:58:43,False
35542972,"News, Policy & Politics Magazine Archive","Digital access to the archival runs of 15 major 20th/21st-century consumer magazines covering such fields as the history of politics, current events, public policy, and international relations. Each title has a deep backfile--the earliest content dates from 1918. Central to this collection is the archive of Newsweek. In combination these publications provide access to a rich seam of contemporary responses to the key events, trends, and preoccupations of the period, from a range of perspectives. In addition to the representation of various political and religious orientations, the collection is international in scope.",,https://go.openathens.net/redirector/ucsd.edu?url=https%3A%2F%2Fsearch.proquest.com%2Fnppma%3Faccountid%3D14524,https://ucsd.libguides.com/newspolicypolitics,ProQuest,"[""Multidisciplinary"", ""News & Newspapers"", ""Primary Sources""]","[""History"", ""Political Science""]",[],[],[],2017-09-06 23:12:43,2025-06-03 22:11:00,False
19353657,Newsbank: America's Newspapers,"Dates vary. Now part of Access World News. Full-text content of more than 650 U.S. newspapers (116 in California). Local and regional news, including community events, schools, politics and government, local companies, and people.",,https://go.openathens.net/redirector/ucsd.edu?url=http%3A%2F%2Finfoweb.newsbank.com%2Fiw-search%2Fwe%2FInfoWeb%2F%3Fp_action%3Dexplore%26d_search_type%3Dkeyword%26d_sources%3Dlocation%26d_place%3DUnited%2520States%26f_clearSearch%3Dyes%26d_issuesearch%3D%26p_product%3DAWNB%26p_theme%3Daggregated4%26,https://ucsd.libguides.com/newsbank,Newsbank,"[""News & Newspapers""]","[""Communication"", ""Sociology""]",[],[],[],2016-02-05 21:33:44,2025-10-01 20:57:25,False
9406752,Newspaper Source,"Provides cover-to-cover full text for several U.S. & international newspapers, with selective full text for many more. Also includes television & radio news transcripts from major networks. Coverage dates vary. Updated daily.",,https://research.ebsco.com/c/xuxb7f/search/advanced/filters?db=nfh,https://ucsd.libguides.com/newspapersource,EBSCO,"[""Book & Film Reviews"", ""News & Newspapers""]",[],[],[],[],2015-03-25 16:09:39,2025-06-16 19:02:09,False
3169042,Nexis Uni,"Contains thousands of full-text sources including newspapers, news wires, television news transcripts, newsletters, magazines, trade journals, and analyst reports. Business sources include company information, industry news, and biographical information. Legal sources include law reviews, legal reference works, and federal and state caselaw (court decisions), statutes, and regulations. Also includes select international court opinions and municipal ordinances. Coverage dates vary. International and U.S. sources. To use personalized account features, connect to VPN and log in to www.nexisuni.com instead.",,https://go.openathens.net/redirector/ucsd.edu?url=https%3A%2F%2Fadvance.lexis.com%2F%3Fidentityprofileid%3DGRCCJV51394,https://ucsd.libguides.com/nexisuni,,"[""Book & Film Reviews"", ""Directories"", ""Multidisciplinary"", ""News & Newspapers""]","[""Accounting & Taxation"", ""Business"", ""Chemical Engineering"", ""Chemistry"", ""Communication"", ""Economics"", ""Ethnic Studies"", ""European Studies"", ""International Studies"", ""Japanese Studies"", ""Latin American Studies"", ""Law"", ""Market Research"", ""Materials Science"", ""NanoEngineering"", ""Pharmacy & Pharmacology"", ""Political Science"", ""Sociology""]","[{""name"": ""Business"", ""rank"": 1}, {""name"": ""Ethnic Studies"", ""rank"": 1}, {""name"": ""Law"", ""rank"": 1}, {""name"": ""Political Science"", ""rank"": 4}]",[],"[""Lexis Nexis"", "" Lexis Nexis Academic"", "" Lexis-Nexis"", "" LexisNexis""]",2014-06-21 04:28:52,2026-08-25 04:34:00,False
19353737,Nikkei Telecom 21,Mainly Japanese-language news and financial information from Nihon Keizai Shinbun.,,https://go.openathens.net/redirector/ucsd.edu?url=http%3A%2F%2Ft21ipau.nikkei.co.jp%2Fipauth%2Fauth%2Fauth%3Fsid%3D1,https://ucsd.libguides.com/nikkeitelecom,,"[""News & Newspapers""]","[""Business"", ""Japanese Studies""]","[{""name"": ""Japanese Studies"", ""rank"": 1}]",[],[],2016-02-05 21:37:11,2025-06-03 22:33:46,False
19855375,Nineteenth Century Collections Online,"Includes numerous collections released over many years, including a variety of material types--monographs, newspapers, pamphlets, manuscripts, ephemera, maps, statistics, and more, primarily focused on British culture and politics, European literature, and Asian interactions with the West--in one cross-searchable location.","Includes: British Politics and Society Asia & The West: Diplomacy and Cultural Exchange British Theatre, Music and Literature, High & Low Culture Corvey Collection of European Literature, 1790-1840",https://go.openathens.net/redirector/ucsd.edu?url=https%3A%2F%2Fgo.gale.com%2Fps%2FdispBasicSearch.do%3FuserGroupName%3Ducsandiego%26prodId%3DNCCO%26aty%3Dip,https://ucsd.libguides.com/19thcentury,Gale/Cengage Learning,"[""Primary Sources""]","[""History"", ""Literature""]",[],[],[],2016-02-26 16:35:19,2026-04-27 19:38:04,False
76980637,Nineteenth Century Literary Society: The John Murray Publishing Archive,"Discover the work of one of the world’s most important publishing dynasties through this collection from the historic John Murray Archive. From book history to travel writing, politics to poetry, this newly digitised resource introduces an unparalleled repository for nineteenth century culture and the literary luminaries who shaped it.",,https://go.openathens.net/redirector/ucsd.edu?url=https%3A%2F%2Fwww.nineteenthcenturyliterarysociety.amdigital.co.uk%2F,https://ucsd.libguides.com/19thcenturylit,Adam Matthew Digital,"[""Primary Sources""]","[""History"", ""Literature""]",[],[],[],2024-06-18 20:27:05,2025-06-03 22:38:31,False
19855450,Nineteenth Century U.S. Newspapers,Searchable database containing digital facsimile images of newspapers; presented as full page layout as well as single articles; advertisements and illustrations included. Includes numerous newspapers from a range of urban and rural regions throughout the U.S.,,https://go.openathens.net/redirector/ucsd.edu?url=https%3A%2F%2Fgo.gale.com%2Fps%2Fstart.do%3Fp%3DNCNP%26u%3Ducsandiego%26aty%3Dip,https://ucsd.libguides.com/19thcenturynews,Gale/Cengage Learning,"[""News & Newspapers""]","[""United States History""]",[],[],[],2016-02-26 16:37:10,2025-06-03 22:41:21,False
77016591,"Nixon Years, 1969-1974","This collection provides complete FCO 7 and FCO 82 files for the entire period of Richard Nixon’s presidency. Top-level Anglo-American discussions and briefing papers dominate these papers. There is also material on social conditions, domestic reforms, trade, culture and the environment.",,https://go.openathens.net/redirector/ucsd.edu?url=https%3A%2F%2Fwww.thenixonyears.amdigital.co.uk%2F,https://ucsd.libguides.com/nixon,Adam Matthew Digital,"[""Primary Sources""]","[""United States History""]",[],[],[],2024-06-21 23:41:41,2025-06-06 21:21:11,False
71835145,North American City Reports,"Preserves the full text of surveys, budgets, statistical records, case studies, planning documents, training manuals, policy guidelines, reports, and news from the five hundred largest cities in North America. It also includes select materials from hundreds of related agencies and non-governmental organizations.",,https://go.openathens.net/redirector/ucsd.edu?url=https%3A%2F%2Fpolicycommons.net%2Fmodules%2Fnorth-american-city-reports%2F,https://ucsd.libguides.com/northamercityreports,Coherent Digital,"[""Multidisciplinary"", ""Primary Sources""]","[""Government Information"", ""Urban Studies & Planning""]","[{""name"": ""Urban Studies & Planning"", ""rank"": 2}]",[],"[""Policy Commons (Global Think Tanks + North American City Reports)""]",2023-05-12 17:38:34,2025-10-01 22:02:56,False
76817411,North American Indian Drama,"Contains more than 200 plays representing the stories and creative energies of American Indian and First Nation playwrights of the twentieth century. More than half of the works are previously unpublished, and hard to find, representing groups such as Cherokee, Métis, Creek, Choctaw, Pembina Chippewa, Ojibway, Lenape, Comanche, Cree, Navajo, Rappahannock, and Hawaiian/Samoan.",,https://go.openathens.net/redirector/ucsd.edu?url=https%3A%2F%2Fsearch.alexanderstreet.com%2Findr,https://ucsd.libguides.com/northamerindiandrama,Alexander Street Press,[],"[""Theater & Dance""]",[],[],[],2024-06-04 17:35:15,2025-06-05 16:45:40,False
61725420,North American Indian Thought and Culture,"Includes autobiographies, biographies, Indian publications, oral histories, personal writings, photographs, drawings, and audio, many of which are previously unpublished or rare. The database is valuable for scholarly research into the history of American Indians, Alaska Natives, and Canadian First Peoples.",,https://go.openathens.net/redirector/ucsd.edu?url=https%3A%2F%2Fsearch.alexanderstreet.com%2Fibio,https://ucsd.libguides.com/northamerindianthought,Alexander Street Press,"[""Primary Sources""]","[""Ethnic Studies"", ""History""]",[],[],[],2021-06-01 22:52:07,2025-06-05 16:52:20,False
76817554,North American Women's Drama,"Contains more than 1,000 plays by hundreds of playwrights, written from Colonial times to the present. Many of the works are rare, hard to find, or out of print. Almost a quarter of the collection consists of previously unpublished plays.",,https://go.openathens.net/redirector/ucsd.edu?url=https%3A%2F%2Fsearch.alexanderstreet.com%2Ftheatre%2Fbrowse%2Ftitle%3Fff%255B0%255D%3Dunitaccess%253AWODR-1E,https://ucsd.libguides.com/northamerwomensdrama,Alexander Street Press,[],"[""Critical Gender Studies"", ""Theater & Dance""]",[],[],[],2024-06-04 17:42:56,2025-06-05 16:55:23,False
76817974,North American Women's Letters and Diaries,"This collection includes the immediate experiences of 1,325 women and 150,000 pages of diaries and letters. The collection also includes biographical sketches of people represented in this database.",,https://go.openathens.net/redirector/ucsd.edu?url=https%3A%2F%2Fsearch.alexanderstreet.com%2Fnwld,https://ucsd.libguides.com/womenslettersdiaries,Alexander Street Press,"[""Primary Sources""]","[""Critical Gender Studies"", ""United States History""]",[],[],[],2024-06-04 17:51:45,2025-06-05 17:14:20,False
54969107,O'Reilly for Higher Education,"Includes more than 45K books from O'Reilly and 200+ publishers, covering programming languages, cloud computing, software architecture, security, artificial intelligence and machine learning, and other IT topics, as well as business, data science and management, mathematics, science and engineering, and professional development/soft skills. OHE also has more than 10,000 videos and audiobooks, plus courses and curated playlists prepared by experts in their fields, and you can create your own shareable playlists. Access limited to UC San Diego faculty, students, and staff.",,https://go.oreilly.com/ucsd-edu,https://ucsd.libguides.com/oreilly,,"[""E-Books""]","[""Computer Science"", ""Electrical Engineering""]","[{""name"": ""Computer Science"", ""rank"": 1}]",[],"[""Safari""]",2020-05-31 05:50:49,2026-08-25 15:34:42,False
3169100,Old Testament Abstracts,"Features abstracts for journal articles, monographs, multi-author works and software related to Old Testament studies. Both the article and book abstracts are organized by themes, such as the Ancient Near East, literary forms, and biblical theology. Established in 1978, the journal provides summaries and bibliographical information of articles and books written in all major languages.",,https://go.openathens.net/redirector/ucsd.edu?url=https%3A%2F%2Fmuse.jhu.edu%2Fjournal%2F743,https://ucsd.libguides.com/oldtestament,,[],"[""Jewish Studies"", ""Religion""]",[],[],[],2014-06-23 22:55:01,2026-04-22 15:49:55,False
46538244,OMMBID : Metabolic & Molecular Bases of Inherited Diseases,Online version of a 3 volume text that provides online access to a compendium of genetic disorders and information. Resources include animations and images explaining different concepts.,,https://go.openathens.net/redirector/ucsd.edu?url=https%3A%2F%2Fommbid.mhmedical.com%2Fommbid-index.aspx%23%26slider1%3D16,https://ucsd.libguides.com/ommbid,McGraw-Hill,[],"[""Biological Sciences"", ""Medicine""]",[],[],[],2019-01-22 17:58:34,2025-06-05 17:37:22,False
19353907,Online Archive of California (OAC),"OAC identifies and provides access to materials such as manuscripts, photographs, and works of art held in libraries, museums, archives, and other institutions. Includes detailed finding aids; also images and many digitized texts.",,https://oac.cdlib.org/,https://ucsd.libguides.com/oac,,[],"[""Ethnic Studies"", ""Sociology"", ""United States History""]","[{""name"": ""Ethnic Studies"", ""rank"": 1}]",[],[],2016-02-05 21:43:59,2026-08-04 17:32:51,False
50897288,OntheBoards.tv,"A streaming video resource that includes high-quality, full-length performances by some of today's most provocative artists working in dance, theater, music, and other forms.",,https://go.openathens.net/redirector/ucsd.edu?url=https%3A%2F%2Fwww.ontheboards.tv,https://ucsd.libguides.com/ontheboards,,"[""Streaming Media""]","[""Film & Video"", ""Music"", ""Theater & Dance""]",[],[],[],2019-10-30 22:19:08,2025-06-05 17:43:20,False
66500935,Otsar ha-ḥokhmah,Collection of thousands of searchable full-text titles in a wide range of fields of Judaic studies.,,https://go.openathens.net/redirector/ucsd.edu?url=https%3A%2F%2Ftablet.otzar.org%2F%3Flang%3Den%23%2F,https://ucsd.libguides.com/otsar,,"[""Primary Sources""]","[""Jewish Studies"", ""Literature"", ""Middle East Studies""]",[],[],"[""‏אוצר החכמה""]",2022-04-20 21:08:18,2026-04-22 15:49:55,False
19354271,Oxford African American Studies Center,"More than 7,500 articles from Oxford's reference works, plus primary sources with commentaries, over 1,000 images, maps, charts and tables, timelines, and over 6,000 biographies.",,https://go.openathens.net/redirector/ucsd.edu?url=https%3A%2F%2Foxfordaasc.com%2F,https://ucsd.libguides.com/aasc,Oxford University Press,[],"[""African American Studies"", ""Ethnic Studies"", ""United States History""]","[{""name"": ""Ethnic Studies"", ""rank"": 1}]",[],[],2016-02-05 21:57:29,2025-06-05 17:53:39,False
5651845,Oxford Art Online,"Provides access to Grove Art Online, the Encyclopedia of Aesthetics, the Oxford Companion to Western Art, the Concise Oxford Dictionary of Art Terms.",,https://go.openathens.net/redirector/ucsd.edu?url=http%3A%2F%2Foxfordartonline.com,https://ucsd.libguides.com/oxfordart,Oxford University Press,[],"[""Visual Arts""]","[{""name"": ""Visual Arts"", ""rank"": 1}]",[],[],2014-10-16 22:11:49,2025-10-27 19:14:41,False
84331177,Oxford Bibliographies,"Oxford Bibliographies offers exclusive, authoritative research guides across a variety of subject areas. Combining features of an annotated bibliography and a high-level encyclopedia, this resource directs researchers to the best available scholarship across a wide variety of subjects.",,https://go.openathens.net/redirector/ucsd.edu?url=https%3A%2F%2Fwww.oxfordbibliographies.com%2F,https://ucsd.libguides.com/obo,Oxford University Press,"[""Multidisciplinary""]",[],[],[],"[""obo""]",2026-03-23 21:29:49,2026-03-23 21:29:50,False
36986463,Oxford Classical Dictionary,"Includes over 6,000 full-text online articles from the print 4th edition as well as newly commissioned and updated entries.",,https://go.openathens.net/redirector/ucsd.edu?url=https%3A%2F%2Foxfordre.com%2Fclassics%2Fadvancedsearch%3Fst%3Dadv,https://ucsd.libguides.com/oxfordclassics,Oxford University Press,"[""Primary Sources""]","[""Classical Studies"", ""European Studies"", ""History"", ""Literature"", ""Middle East Studies"", ""Philosophy"", ""Religion""]",[],[],[],2017-10-27 22:24:45,2025-06-05 19:30:30,False
19354351,Oxford Dictionary of National Biography,"Illustrated collection of 50,000 biographies of men and women who shaped all aspects of Britain's past (including former colonies) from 4th century BC to 2000. Also includes Archive of original Dictionary of National Biography and supplements (1885-1970).",,https://go.openathens.net/redirector/ucsd.edu?url=https%3A%2F%2Fwww.oxforddnb.com%2F,https://ucsd.libguides.com/oxfordbio,Oxford University Press,[],"[""European Studies"", ""History"", ""Theater & Dance"", ""United States History""]",[],[],[],2016-02-05 22:02:15,2025-06-05 19:32:48,False
3168920,Oxford Encyclopedia of Ancient Greece and Rome,"A comprehensive overview of the major cultures of the classical Mediterranean world--Greek, Hellenistic, and Roman--from the Bronze Age to the fifth century CE.",,https://go.openathens.net/redirector/ucsd.edu?url=https%3A%2F%2Fwww.oxfordreference.com%2Fdisplay%2F10.1093%2Facref%2F9780195170726.001.0001%2Facref-9780195170726,https://ucsd.libguides.com/oxfordgreecerome,Oxford University Press,[],"[""Anthropology"", ""Archaeology"", ""Classical Studies"", ""European Studies"", ""History""]","[{""name"": ""Classical Studies"", ""rank"": 1}]",[],[],2011-10-13 21:34:16,2025-06-05 19:37:26,False
19437889,Oxford English Dictionary (OED),"The accepted authority on the evolution of the English language over the last millennium. A guide to the meaning, history, and pronunciation of over half a million words, both present and past.",,https://go.openathens.net/redirector/ucsd.edu?url=http%3A%2F%2Fwww.oed.com%2F,https://ucsd.libguides.com/oed,Oxford University Press,[],"[""Literature""]","[{""name"": ""Literature"", ""rank"": 1}]",[],[],2016-02-09 22:39:38,2025-08-21 01:37:06,False
4894804,Oxford Handbooks Online,"UC San Diego has purchased all OHO subject content, titles spanning Archaeology, Business and Management, Classical Studies, Criminology and Criminal Justice, Economics and Finance, History, Law, Linguistics, Literature, Music, Philosophy, Physical Sciences, Political Science, Psychology, Religion, Sociology.",,https://go.openathens.net/redirector/ucsd.edu?url=https%3A%2F%2Facademic.oup.com%2Foxford-handbooks-online,https://ucsd.libguides.com/oho,Oxford University Press,"[""E-Books""]","[""Anthropology"", ""Archaeology"", ""Business"", ""Classical Studies"", ""Economics"", ""History"", ""International Studies"", ""Linguistics"", ""Literature"", ""Pacific Island Studies"", ""Philosophy"", ""Political Science"", ""Psychology"", ""Religion"", ""Sociology"", ""United States History""]",[],[],"[""OHO""]",2014-09-08 04:38:11,2026-07-27 21:11:36,False
19354399,Oxford Music Online,"The most comprehensive online music encyclopedia, combining access to Grove Music Online with the Encyclopedia of Popular Music and other reference resources.",,https://go.openathens.net/redirector/ucsd.edu?url=http%3A%2F%2Foxfordmusiconline.com,https://ucsd.libguides.com/oxfordmusic,Oxford University Press,[],"[""Music""]","[{""name"": ""Music"", ""rank"": 3}]",[],"[""Grove Music Online""]",2016-02-05 22:04:43,2025-06-16 17:11:06,False
4894792,Oxford Reference Online,"Search or browse dictionaries and reference titles covering the complete subject spectrum: from General Reference and Language to Science and Medicine, and from Humanities and Social Sciences to Business and Professional.",,https://go.openathens.net/redirector/ucsd.edu?url=https%3A%2F%2Fwww.oxfordreference.com%2Fbrowse%3Favail_0%3Dlib%26btog%3Dbook%26isQuickSearch%3Dtrue%26pageSize%3D10%26sort%3Dtitlesort,https://ucsd.libguides.com/oxfordref,Oxford University Press,"[""E-Books""]","[""African American Studies"", ""Arts & Humanities"", ""Communication"", ""History"", ""Latin American Studies"", ""Political Science"", ""Social Sciences""]",[],[],[],2014-09-08 04:35:27,2025-06-05 21:15:16,False
68107959,Oxford Research Encyclopedias,"Collections of in-depth, peer-reviewed summaries on a wide range of topics. Filter by subject area.","African History - American History - Anthropology - Asian History - Business and Management - Classical Studies - Climate Science - Communication - Criminology and Criminal Justice - Disability Studies - Economics and Finance - Education - Environmental Science - Food Studies - Gender and Women's History - Global Public Health - International Studies - Latin American History - Linguistics - Literature - Migration Studies - Neuroscience - Natural Hazard Science - Physics - Planetary Science - Politics - Psychology - Religion - Science, Technology and Society - Sociology",https://go.openathens.net/redirector/ucsd.edu?url=https%3A%2F%2Foxfordre.com%2Fbrowse,https://ucsd.libguides.com/ore,Oxford University Press,"[""E-Books"", ""Multidisciplinary""]","[""Classical Studies"", ""Communication"", ""Education"", ""History"", ""Latin American Studies"", ""Literature"", ""Political Science"", ""Psychology""]",[],[],"[""ORE""]",2022-08-16 14:53:41,2026-07-08 20:35:04,False
67761625,Pacific Manuscripts Bureau,"The Pacific Manuscripts Bureau copies archives, manuscripts and rare printed material relating to the Pacific Islands. It is the most extensive collection of non-government primary documentation on the Pacific Islands.",,https://go.openathens.net/redirector/ucsd.edu?url=https%3A%2F%2Fasiapacific.anu.edu.au%2Fpambu%2Fcatalogue%2Findex.php,https://ucsd.libguides.com/pacificmanuscripts,,"[""Primary Sources""]","[""Pacific Island Studies""]","[{""name"": ""Pacific Island Studies"", ""rank"": 1}]",[],[],2022-07-23 05:30:18,2025-06-05 22:23:31,False
3169029,PAIS International (Public Affairs Information Service),"Lists print and electronic articles, books, and government publications on issues of public policy, including politics, government, economy, marine policy, law.",,https://go.openathens.net/redirector/ucsd.edu?url=https%3A%2F%2Fwww.proquest.com%2Fpais%2Fadvanced%3Faccountid%3D14524,https://ucsd.libguides.com/pais,ProQuest,[],"[""Accounting & Taxation"", ""Economics"", ""Ethnic Studies"", ""European Studies"", ""International Studies"", ""Latin American Studies"", ""Marine Sciences"", ""Political Science"", ""Public Health"", ""Sociology""]","[{""name"": ""Ethnic Studies"", ""rank"": 1}, {""name"": ""Political Science"", ""rank"": 5}, {""name"": ""Public Health"", ""rank"": 3}]",[],[],2014-06-20 04:01:42,2026-03-23 18:23:08,False
77183699,Party and Government Documents in English (PGDiE),"A collection of official documents in English, covering various levels of Chinese government, Communist Party of China (CPC) and National People's Congress (NPC) from authoritative sources from 1921 onwards. It is an invaluable resource for research on the history of Communist Party of China (CPC), the Chinese government, and National People's Congress (NPC).",,https://go.openathens.net/redirector/ucsd.edu?url=http%3A%2F%2Fgcs.plus.oriprobe.com%2FPGDiE,https://ucsd.libguides.com/pgdie,Oriprobe,"[""Primary Sources""]","[""Chinese Studies""]",[],[],[],2024-07-08 19:58:16,2026-07-06 22:18:23,False
5546604,Passport GMID: Global Market Information Database,"Passport GMID is a product from Euromonitor International that provides reports and statistics on international consumers and markets, including details about consumer market segmentation, industry forecasts, consumer spending and attitudes, and macroeconomic and business trends. It's also a great source to download demographic information to show timeline trends. Coverage is global (200+ countries). Registration required. Click for short video showing how to sign in .",,https://go.openathens.net/redirector/ucsd.edu?url=https%3A%2F%2Fwww.portal.euromonitor.com%2Fpolicy%2Ftermsandconditions%3FControllerName%3DDefault%26ActionName%3DIndex,https://ucsd.libguides.com/passport,,"[""Datasets & Statistics""]","[""Business"", ""Economics"", ""Market Research"", ""Political Science""]","[{""name"": ""Market Research"", ""rank"": 2}]",[],[],2014-10-12 04:22:58,2026-05-05 17:45:20,False
3169127,Patrologia Latina,"Comprises the works of the Church Fathers from Tertullian in 200 AD to the death of Pope Innocent III in 1216. The database contains the complete Patrologia Latina, including all prefatory material, original texts, critical apparatus and indexes.",,https://go.openathens.net/redirector/ucsd.edu?url=https%3A%2F%2Fwww.proquest.com%2Fpatrologialatina%3Faccountid%3D14524,https://ucsd.libguides.com/patrologialatina,ProQuest,[],"[""Classical Studies"", ""European Studies"", ""Religion""]",[],[],[],2014-06-24 11:13:18,2025-06-05 23:26:07,False
19355372,Patrologiae Graecae,The online version of Jacques-Paul Migne's standard source for scholars studying Greek ecclesiastical writers up to the year 1439.,,https://go.openathens.net/redirector/ucsd.edu?url=http%3A%2F%2Fphoenix.reltech.org%2FEbind%2Fdocs%2FMigne%2FMigne.html,https://ucsd.libguides.com/patrologiaegraecae,,[],"[""Classical Studies"", ""European Studies"", ""Religion""]",[],[],[],2016-02-05 22:41:28,2025-06-05 23:27:59,False
76437519,PBS Video Collection,"This collection of more than 1,600 streaming videos provides an exceptional range of content with the most valuable video documentaries and series from PBS. From science to history, art to Shakespeare, diversity to business & economics, and more.",,https://go.openathens.net/redirector/ucsd.edu?url=https%3A%2F%2Fvideo.alexanderstreet.com%2Fchannel%2Fpbs,https://ucsd.libguides.com/pbs,Alexander Street Press,"[""Streaming Media""]",[],[],[],[],2024-05-02 18:53:51,2025-06-05 23:29:13,False
3169084,"People's Daily, Ren min ri bao 人民日报","1802-1995. Published by the Central Committee of the CCP. Full text of 1.4 million articles from 450 North American and European journals in arts, humanities, social sciences. 20 percent non-English. Represents about 10 percent of journals included in Periodicals Index Online.",,https://go.openathens.net/redirector/ucsd.edu?url=http%3A%2F%2Fdata.people.com.cn%2Frmrb,,Oriprobe,[],"[""Chinese Studies""]","[{""name"": ""Chinese Studies"", ""rank"": 1}]",[],[],2014-06-23 21:38:03,2026-06-25 23:13:28,False
3169085,People's Liberation Army Daily 解放军报,The official newspaper of the Central Military Commission that started in 1956.,,https://go.openathens.net/redirector/ucsd.edu?url=https%3A%2F%2Fdlib.eastview.com%2Fbrowse%2Fpublication%2F2323%2Fudb%2F570%2Fjiefangjun-bao-pla-daily,https://ucsd.libguides.com/pladaily,,"[""News & Newspapers""]","[""Chinese Studies""]",[],[],[],2014-06-23 21:38:25,2025-06-05 23:33:47,False
76980708,"Perdita Manuscripts, 1500-1700","Manuscripts written or compiled by women in the British Isles during the sixteenth and seventeenth centuries. Produced in association with the Perdita Project, based at the University of Warwick and Nottingham Trent University, the project seeks to rediscover early modern women authors who were “lost” because their writing exists only in manuscript form.",,https://go.openathens.net/redirector/ucsd.edu?url=https%3A%2F%2Fwww.perditamanuscripts.amdigital.co.uk%2F,https://ucsd.libguides.com/perdita,Adam Matthew Digital,"[""Primary Sources""]","[""Critical Gender Studies"", ""European Studies"", ""History""]",[],[],[],2024-06-18 20:30:44,2025-06-05 23:35:19,False
24562839,Performing Arts Periodicals Database,"An index to hundreds of journal titles – many of which are available in full text - in the fields of dance, drama, film, theater, opera, puppetry, circus, and other forms of performance art.",,https://go.openathens.net/redirector/ucsd.edu?url=https%3A%2F%2Fwww.proquest.com%2Fiipa%2Fadvanced%3Faccountid%3D14524,https://ucsd.libguides.com/performingarts,ProQuest,[],"[""Theater & Dance""]",[],[],[],2016-08-24 16:00:36,2025-06-05 23:38:03,False
3169066,Periodicals Archive Online,"Covers scholarly periodicals in the arts, humanities and social sciences. Content spans more than two centuries and includes multiple languages. Also try the much larger Periodicals Index Online.",,https://go.openathens.net/redirector/ucsd.edu?url=https%3A%2F%2Fwww.proquest.com%2Fpao%2Fadvanced%3Faccountid%3D14524,https://ucsd.libguides.com/pao,ProQuest,"[""Book & Film Reviews"", ""Multidisciplinary""]","[""European Studies"", ""Latin American Studies"", ""Literature"", ""Religion"", ""Sociology"", ""United States History"", ""Visual Arts""]","[{""name"": ""European Studies"", ""rank"": 1}]",[],"[""PAO""]",2014-06-22 10:25:31,2025-06-05 23:40:14,False
3169065,Periodicals Index Online,"Index to millions of articles published in the arts, humanities, and social sciences, across more than 300 years. Includes multiple languages.",,https://go.openathens.net/redirector/ucsd.edu?url=https%3A%2F%2Fwww.proquest.com%2Fpio%2Fadvanced%3Faccountid%3D14524,https://ucsd.libguides.com/pio,ProQuest,"[""Book & Film Reviews"", ""Multidisciplinary""]","[""Anthropology"", ""Archaeology"", ""European Studies"", ""International Studies"", ""Latin American Studies"", ""Literature"", ""Pacific Island Studies"", ""Philosophy"", ""Sociology"", ""United States History""]",[],[],"[""PIO""]",2014-06-22 10:24:36,2025-06-06 00:01:09,False
36116184,Phase Equilibria Diagrams Online,"Searchable database of 33,700+ critically-evaluated phase diagrams for ceramic systems, from the American Ceramic Society and NIST. Each entry has an interactive phase diagram you can download, and a commentary with the associated literature reference.",,https://go.openathens.net/redirector/ucsd.edu?url=https%3A%2F%2Fphaseonline.ceramics.org%2F,https://ucsd.libguides.com/phaseonline,,"[""Chemical & Physical Properties""]","[""Materials Science""]",[],[],[],2017-09-26 19:28:57,2025-06-14 23:18:24,False
3169036,Philosopher's Index,"The premiere bibliographic database covering worldwide research in all subject areas of philosophy. It contains works on philosophy from both philosophy and interdisciplinary sources. There are author-written abstracts for most records. The global database contains more than 680,000 records with source publications from 139 countries in 37 languages. The primary languages are English, French, German, Italian, and Spanish. Primary coverage spans from 1940 to present with additional records dating back to 1893.",,https://go.openathens.net/redirector/ucsd.edu?url=https%3A%2F%2Fwww.proquest.com%2Fphilosophersindex%2Fadvanced%3Faccountid%3D14524,https://ucsd.libguides.com/philindex,ProQuest,[],"[""Philosophy""]","[{""name"": ""Philosophy"", ""rank"": 1}]",[],[],2014-06-20 04:01:42,2026-03-04 21:11:07,False
83416241,PhilPapers,A comprehensive directory of online philosophical articles and books by academic philosophers.,,https://go.openathens.net/redirector/ucsd.edu?url=http%3A%2F%2Fphilpapers.org%2F,https://ucsd.libguides.com/philpapers,,[],"[""Philosophy""]","[{""name"": ""Philosophy"", ""rank"": 2}]",[],"[""Phil Papers""]",2025-12-31 18:06:17,2025-12-31 18:09:07,False
3169096,PhilSci Archive,"A free electronic archive for preprints of articles and monographs in the philosophy of science, with 8,000+ entries. Sponsored by the Philosophy of Science Association and the Center for Philosophy of Science, University of Pittsburgh.",,http://philsci-archive.pitt.edu/,,,[],"[""History of Science"", ""Philosophy""]","[{""name"": ""Philosophy"", ""rank"": 1}]",[],[],2014-06-23 22:47:04,2026-04-22 15:49:55,False
18975222,"Pishu 皮書 China Economy, Public Policy, and Security Database",These analytical reports published by the prestigious Social Sciences Academic Press are intended to guide policy-making in the PRC.,,https://go.openathens.net/redirector/ucsd.edu?url=https%3A%2F%2Fdlib.eastview.com%2Fbrowse%2Fbooks%2F1610%3FsearchLink%3D%252Fsearch%252Fsimple%23%2F,https://ucsd.libguides.com/pishu,East View,"[""Datasets & Statistics""]","[""Chinese Studies"", ""Economics""]",[],[],[],2016-01-21 22:47:09,2025-06-06 16:17:49,False
24757603,PKULaw,"Online database of statutes and legal information presented by Chinalawinfo Co. and the Peking University Center for Legal Information, Peking University. The database includes 500,000 statutes, including 400 laws, 2,000 regulations, and 200 judicial explanations for free. Nearly 2,000 full-text English versions of Chinese statutes (fee-based), newly released laws and regulations. Includes cases, research articles of legal studies, searchable by subjects, book reviews, links to online Chinese legal journals, a directory of Chinese law scholars, and information about law making and law enforcement. Link to English information leads to separate website.",,https://go.openathens.net/redirector/ucsd.edu?url=http%3A%2F%2Fwww.pkulaw.cn%2F,https://ucsd.libguides.com/pkulaw,,[],"[""Chinese Studies""]",[],[],"[""ChinaLawInfo""]",2016-08-29 21:49:49,2025-06-10 20:41:48,False
71834848,Policy Commons,"One-stop access to more than 30 million pages of curated, high quality policy reports, briefs, analyses, working papers, and datasets from thousands of policy organizations worldwide including think tanks, IGOs, NGOs, and more than six hundred North American cities and urban agencies. Faculty, staff, and students may also register direct Global Think Tanks personal accounts with UCSD domain email address for full remote access rights.",,https://go.openathens.net/redirector/ucsd.edu?url=https%3A%2F%2Fpolicycommons.net%2F,https://ucsd.libguides.com/policycommons,Coherent Digital,"[""Primary Sources""]","[""African Studies"", ""Economics"", ""Environmental Studies"", ""European Studies"", ""Government Information"", ""International Studies"", ""Middle East Studies"", ""Political Science"", ""Public Health"", ""Sociology"", ""United States History"", ""Urban Studies & Planning""]","[{""name"": ""African Studies"", ""rank"": 2}, {""name"": ""Government Information"", ""rank"": 1}, {""name"": ""International Studies"", ""rank"": 1}]",[],"[""PolicyCommons Global Think Tanks North American City Reports Index to Urban Documents Online""]",2023-05-12 17:17:52,2026-04-27 19:40:32,False
76980861,"Popular Culture in Britain and America, 1950-1975","Includes manuscript and rare printed material as well as photographs, ephemera, and memorabilia. The interactive chronology, extensive visual resources, and video footage provide valuable contextual background to the materials included in this collection.",,https://go.openathens.net/redirector/ucsd.edu?url=https%3A%2F%2Fwww.rockandroll.amdigital.co.uk%2F,https://ucsd.libguides.com/popculture,Adam Matthew Digital,"[""Primary Sources""]","[""European Studies"", ""History"", ""United States History""]",[],[],[],2024-06-18 20:34:18,2025-06-06 16:24:18,False
76980897,"Popular Medicine in America, 1800-1900","This unique collection showcases the development of 'popular' medicine in America during the nineteenth century, through an extensive range of material that was aimed at the general public rather than medical professionals. Resources include rare books, pamphlets, trade cards, and visually-rich advertising ephemera.",,https://go.openathens.net/redirector/ucsd.edu?url=https%3A%2F%2Fwww.popularmedicine.amdigital.co.uk%2F,https://ucsd.libguides.com/popularmedicine,Adam Matthew Digital,"[""Primary Sources""]","[""History of Science"", ""United States History""]",[],[],[],2024-06-18 20:36:59,2025-06-18 02:27:57,False
85156016,Post-Perestroika Newspapers,"The Post-Perestroika Newspapers collection traces the evolution of post-Soviet Russia, with coverage from 1990 to 2016.",,https://go.openathens.net/redirector/ucsd.edu?url=https%3A%2F%2Fgpa.eastview.com%2Fcrl%2Fppn%2F,https://ucsd.libguides.com/post-perestroika,East View,"[""News & Newspapers"", ""Primary Sources""]","[""European Studies""]",[],[],[],2026-06-03 19:13:51,2026-06-03 20:22:10,False
19355544,"Post-War Europe: Refugees, Exile and Resettlement, 1945-1950","Collection of ""primary sources for the study and understanding of the challenges facing the European peoples in the aftermath of World War II."" Topics covered include the administration of refugee camps across Europe including England, Germany, Italy, Hungary and Yugoslavia; displaced Persons Assembly Centre reports; Jewish Relief Unit field reports; British Military Government in Germany; Belsen DP Camp; Maclean Mission in Italy; Politics of the Refugee Crisis; and, strengthening of the Zionist cause.",,https://go.gale.com/ps/aboutThisCollection?userGroupName=ucsandiego&inPS=true&mCode=6ACO&prodId=GDSC,https://ucsd.libguides.com/postwareurope,Gale/Cengage Learning,[],"[""European Studies"", ""International Studies"", ""Jewish Studies""]",[],[],[],2016-02-05 22:49:08,2025-06-06 16:31:05,False
76980954,"Poverty, Philanthropy and Social Conditions in Victorian Britain","Discover what life was like for the poorest communities in Victorian Britain, and explore the government policy, social reform movements and philanthropic efforts of charitable institutions that sought to alleviate poverty.",,https://go.openathens.net/redirector/ucsd.edu?url=https%3A%2F%2Fwww.poverty.amdigital.co.uk%2F,https://ucsd.libguides.com/socialconditions,Adam Matthew Digital,"[""Primary Sources""]","[""European Studies"", ""History"", ""Sociology""]",[],[],[],2024-06-18 20:39:53,2025-06-06 16:29:59,False
18936548,Powder Diffraction File (PDF-5+),"Powder diffraction data for 442,600+ inorganic and 623,000+ organic entries, with associated data and bibliographic references. Please contact tmvogel@ucsd.edu for information on accessing PDF-5+ (UCSD affiliates only).",,https://ucsd.libguides.com/chemistry/crystallography#s-lg-box-wrapper-40594123,,,"[""Chemical & Physical Properties""]","[""Chemistry"", ""Materials Science"", ""NanoEngineering""]",[],[],[],2016-01-20 19:39:36,2026-08-25 15:38:56,False
19355632,Pravda Digital Archive,"Coverage: Apr. 22, 1912-Dec. 29, 2009. Provides access to valuable primary-source material that chronicle Russian and Soviet history, from the beginnings of the Russian Revolution through World War II, the Cold War, the fall of the Soviet Union, and everything in between. Full-text searchable in Cyrillic or transliteration.",,https://go.openathens.net/redirector/ucsd.edu?url=https%3A%2F%2Fdlib.eastview.com%2Fbrowse%2Fpublication%2F9305%2Fudb%2F870%2Fpravda,https://ucsd.libguides.com/pravda,East View,"[""News & Newspapers""]","[""European Studies"", ""History"", ""International Studies""]",[],[],[],2016-02-05 22:54:07,2025-06-06 16:38:47,False
78010794,Primary Search,"This database offers indexing and abstracting for nearly 100 magazines and full text for more than 70 magazines. It also provides the American Heritage Children’s Dictionary, 3rd Edition from Houghton Mifflin, as well as a School Image Collection of photos, maps, and flags. Subject areas include arts & entertainment; education; general interest; health & medicine; history; home & living; literature & writing; politics & government; science; social sciences & humanities; sports & leisure; technology.",,https://research.ebsco.com/c/xuxb7f/search/advanced/filters?db=prh,https://ucsd.libguides.com/primarysearch,EBSCO,"[""E-Books"", ""Multidisciplinary""]","[""Education"", ""History"", ""Literature"", ""Political Science""]",[],[],[],2024-09-05 22:54:14,2025-10-22 18:39:39,False
3169077,Project Muse: Scholarly Journals and Books Online,"Search by subject or browse full text scholarly journals in the arts and humanities, social sciences and mathematics. More than 700 journals from over 250 university presses and scholarly publishers are available. Coverage begins 1906 or later, depending on the publication. UCSD also has access to over 30,000 book titles.",,https://go.openathens.net/redirector/ucsd.edu?url=http%3A%2F%2Fmuse.jhu.edu%2F,https://ucsd.libguides.com/projectmuse,,"[""E-Books"", ""Multidisciplinary""]","[""Anthropology"", ""Ethnic Studies"", ""European Studies"", ""History"", ""History of Science"", ""Linguistics"", ""Pacific Island Studies"", ""Philosophy"", ""Political Science"", ""Religion"", ""Sociology""]","[{""name"": ""Ethnic Studies"", ""rank"": 1}, {""name"": ""European Studies"", ""rank"": 1}, {""name"": ""History"", ""rank"": 1}, {""name"": ""History of Science"", ""rank"": 1}, {""name"": ""Sociology"", ""rank"": 1}]",[],[],2014-06-23 21:32:33,2025-07-10 21:06:25,False
3169039,ProQuest - All Databases,"Select and search across multiple databases we license from ProQuest. Most of these databases index--and in some cases provide full text access to--journals in all subject areas, along with indexing books, book chapters, dissertations, and other sources. You can also add some non-journal databases to your search, like Dissertations & Theses and several major newspapers (New York Times, Wall Street Journal, etc). However, a few ProQuest products, such as Congressional, are not included here and must be searched separately.",,https://go.openathens.net/redirector/ucsd.edu?url=http%3A%2F%2Fsearch.proquest.com%2Fdatabases%2Fadvanced%3Faccountid%3D14524,https://ucsd.libguides.com/proquest,ProQuest,"[""Book & Film Reviews"", ""Multidisciplinary""]","[""International Studies"", ""Political Science""]",[],[],[],2014-06-20 04:03:08,2025-10-31 23:40:17,False
78878386,ProQuest Civil War Era‎,Includes regional newspapers and pamphlets.,,https://go.openathens.net/redirector/ucsd.edu?url=https%3A%2F%2Fwww.proquest.com%2Fcivilwar%2Fadvanced%2Fhistory%2FfromDatabasesLayer%3Faccountid%3D14524,https://ucsd.libguides.com/civilwarera,ProQuest,"[""Primary Sources""]","[""History"", ""United States History""]",[],[],[],2024-11-08 23:57:07,2025-06-06 16:55:34,False
4762768,ProQuest Congressional,"Indexes Congressional materials from 1789-present. Includes full text access to U.S. legislative information, including bills and pending legislation, legislative history, hearings, testimony, Congressional Record, CRS Reports, public laws, etc. (For full text of most historic reports and documents, try the U.S. Congressional Serial Set via Readex.) Now also includes Serial Set Maps 1789-2007; Executive Branch Documents 1789-1952; and Presidential Materials 1789-Present.",,https://go.openathens.net/redirector/ucsd.edu?url=https%3A%2F%2Fcongressional.proquest.com%2Fprofiles%2Fgis%2Fsearch%2Fbasic%2Fbasicsearch%3Faccountid%3D14524,https://ucsd.libguides.com/congressional,ProQuest,"[""Primary Sources""]","[""Government Information"", ""Law"", ""Political Science""]","[{""name"": ""Government Information"", ""rank"": 1}, {""name"": ""Law"", ""rank"": 2}]",[],"[""ProQuest Congressional ProQuest Executive Branch Documents ProQuest U.S. Serial Set Maps Digital Collection""]",2014-09-01 04:32:02,2025-06-06 16:59:35,False
4738294,ProQuest Dissertations and Theses,"Ranging from 1861 to those accepted last semester. Where available, it provides 24-page previews. Most UC dissertations from mid-1990s forward are available for full-text PDF download. Others can be requested via Interlibrary Loan.",,https://go.openathens.net/redirector/ucsd.edu?url=https%3A%2F%2Fwww.proquest.com%2Fdissertations%3Faccountid%3D14524,https://ucsd.libguides.com/pqdt,ProQuest,"[""Multidisciplinary""]","[""Accounting & Taxation"", ""Business"", ""Economics"", ""History""]",[],[],"[""PQDT Dissertations and Theses Dissertations Abstracts""]",2014-08-28 20:00:02,2026-08-25 17:10:41,False
9406691,ProQuest Historical Newspapers,"Cover to cover article text and page images of the Chicago Tribune (1849-1986), Los Angeles Times (1881-1986), New York Times (1851-2005), San Francisco Chronicle (1865-1922), Washington Post (1877-1992), Wall Street Journal (1889-1991). Also includes:",Civil War Era‎ Atlanta Daily World (1931 - 2003) The American Hebrew & Jewish Messenger‎ (1857 - 1922) The American Israelite‎ (1854 - 2000) The Arizona Republican‎ (1890 - 2007) The Atlanta Constitution (1868-1984) The Austin American Statesman‎ (1871 - 1978) The Baltimore Sun (1837 - 1992) The Boston Globe (1872-1986) Calgary Herald: (1883-2010) Chicago Defender (1909-1995) Chinese Newspaper Collection (1832 - 1953) The Christian Science Monitor (1908 - 2004) The Cincinnati Enquirer (1841 - 2009) Cleveland Call & Post (1934 - 1991) Communist Historical Newspaper Collection‎ (1917 - 2013) Dayton Daily News (1898 - 1922) Detroit Free Press (1831 - 1999) Edmonton Journal (1903-2010) The Globe and Mail‎ (1844 - 2014) The Guardian and The Observer‎ (1791 - 2003) Hartford Courant (1764 - 1992) Indianapolis Star (1903 - 2004) The Irish Times and The Weekly Irish Times‎ (1859 - 2016) The Jerusalem Post‎ (1932 - 2008) The Jewish Advocate‎ (1905 - 1990) The Jewish Exponent‎ (1887 - 1990) The Korea Times‎ (1956 - 2016) Le Monde (1944 - 1995) Leader-Post (Regina) (1883-2010) Leftist Newspapers and Periodicals (1845 - 2015) Los Angeles Sentinel‎ (1934 - 2005) Louisville Courier Journal Michigan Chronicle (1936 - 2010) Le Monde (1944 - 1995) Montreal Gazette (1857 - 2010 Minneapolis Star Tribune‎ (1867 - 2001) The Nashville Tennessean (1812 - 2002) Newsday (1940 - 1989) New York Amsterdam News (1922 - 1993) New York Tribune / Herald Tribune (1841 - 1962) Norfolk Journal and Guide (1916 - 2003) Ottawa Citizen (1846-2010) The Philadelphia Inquirer (1860 - 2001) Philadelphia Tribune (1912 - 2001) Pittsburgh Courier (1911 - 2002) Pittsburgh Post-Gazete (1786 - 2003) The Province (Vancouver) (1898-2010) Saskatoon Star Phoenix (1902-2009) The Scotsman‎ (1817 - 1950) South China Morning Post St. Louis Post Dispatch‎ (1874 - 2003) St. Petersburg Times / Tampa Bay Times (1901 - 2009) Times Colonist (Victoria) (1884-2010) The Times of India Toronto Star‎ (1894 - 2015) Vancouver Sun (1912-2010) Windsor Star (1893 - 2010),https://go.openathens.net/redirector/ucsd.edu?url=https%3A%2F%2Fsearch.proquest.com%2Fnews%3Faccountid%3D14524,https://ucsd.libguides.com/pqhistnews,ProQuest,"[""News & Newspapers""]","[""History"", ""United States History""]",[],[],[],2015-03-25 16:07:43,2026-08-25 17:04:49,False
24757733,ProQuest Historical Newspapers. Chinese Newspapers Collection,"The Canton times (1919-1920) -- The China critic (1939-1946) -- China monthly review (1950-1953) -- The China Press (1925-1938) -- The China Weekly Review (1923-1950) -- The Chinese recorder (1912-1938) -- The Chinese recorder and educational review (1939-1941) -- The Chinese recorder and missionary journal (1868-1912) -- The Chinese repository (1832-1851) -- Millard's China National Review (1919-1919) -- Millard's Review of the Far East (1917-1919) -- Millard's Review of the Far East (1919-1921) -- The North-China Herald (1850-1867) -- The North-China Herald and Market Report (1867-1869) -- The North-China Herald and Supreme Court & Consular Gazette (1870-1941) -- Peking daily news (1914-1917), English ed. -- Peking gazette (1915-1917) -- The Peking leader (1918-1919) -- The Shanghai gazette (1919-1921) -- The Shanghai Times (1914-1921) -- The Weekly Review (1922-1923) -- The Weekly Review of the Far East (1921-1922)",,https://go.openathens.net/redirector/ucsd.edu?url=http%3A%2F%2Fsearch.proquest.com%2Fhnpchinesecollection,https://ucsd.libguides.com/historicalchinesenews,ProQuest,"[""News & Newspapers""]","[""Chinese Studies"", ""History""]",[],[],[],2016-08-29 21:54:18,2026-08-25 17:05:09,False
81505920,ProQuest News and Newspapers,"Full-text search across all of the ProQuest newspaper collections. Includes U.S Major Dailies and the ProQuest Historical Newspapers--dozens of US newspapers, plus international titles like Le Monde, The Guardian, London Evening Standard, and The Globe and Mail). Also: Alt-Press Watch, GenderWatch, and Ethnic NewsWatch",,https://go.openathens.net/redirector/ucsd.edu?url=https%3A%2F%2Fwww.proquest.com%2Fnews%2Fadvanced%3Faccountid%3D14524,https://ucsd.libguides.com/proquestnews,ProQuest,"[""News & Newspapers""]","[""History of Science""]",[],[],[],2025-07-10 21:31:05,2026-08-25 17:08:45,False
59670000,ProQuest TDM Studio,"Registration required . TDM Studio is the text and data mining interface for more than 200 licensed ProQuest content products, including government, archival, dissertation, and news databases. All @ucsd.edu accounts have full access to the Visualization Dashboard, the no-coding option to interact with and visualize ProQuest content. Researchers interested in the Workbench Dashboard, the notebook environment to analyze content with R or Python, should contact Data Science Librarian Stephanie Labou (slabou@ucsd.edu) to request access.",,https://tdmstudio.proquest.com/home?accountid=14524,,ProQuest,"[""Text & Data Mining (TDM)""]",[],[],"[""Registration Required""]","[""TDM Studio""]",2021-01-28 01:20:33,2026-07-10 22:15:21,False
4894825,ProQuest U.K. Parliamentary Papers,"The British Parliamentary Papers is a detailed primary source for the United Kingdom, its colonies and the wider world. Includes searchable full text; displays page images with tables, maps, illustrations. Includes the 18th Century House of Commons Parliamentary Papers. (Formerly also included 18th, 19th, 20th and 21st Century and House of Lords Parliamentary Papers). Searchable full text; displays page images with tables, maps, illustrations. Encompasses all areas of social, political, economic and foreign policy, ""showing how issues were explored and legislation was formed. Many contributors to the papers were found outside the official world, providing evidence or supplying memoranda to committees and commissions. For more information see ProQuest's LibGuide .",Includes: Bills and Acts 1801-1900 Command Papers 1833-1900 House of Commons Papers 1801-1900 Hansard 1803-2005,https://go.openathens.net/redirector/ucsd.edu?url=https%3A%2F%2Fparlipapers.proquest.com%2Fparlipapers%2Fsearch%2Fadvanced%2Fhcppadvanced%3Faccountid%3D14524,https://ucsd.libguides.com/pqparlipapers,ProQuest,"[""Primary Sources""]","[""European Studies"", ""History"", ""International Studies"", ""Political Science""]",[],[],"[""British Parliamentary Papers House of Commons Parliamentary Papers House of Lords Parliamentary Papers""]",2014-09-08 04:54:59,2026-07-28 17:34:38,False
56372772,ProQuest U.S. Major Dailies,"Provides access to The New York Times, Washington Post, Los Angeles Times, Chicago Tribune, and the Wall Street Journal; offers users thorough and timely coverage of local, national, and global events. Current content is available each day with archives that stretch as far back as 1980.",,https://go.openathens.net/redirector/ucsd.edu?url=https%3A%2F%2Fwww.proquest.com%2Fusmajordailies%3Faccountid%3D14524,https://ucsd.libguides.com/usmajordailies,ProQuest,"[""News & Newspapers""]",[],[],[],[],2020-08-05 01:39:12,2026-08-25 17:11:10,False
3169010,PsycArticles,"1894-present. A database of full-text articles from more than 100 journals published by the American Psychological Assoc., the APA Educational Publ. Foundation, the Canadian Psychological Assoc., Hogrefe Publishing Group, and the National Institute of Mental Health. Updated weekly. Articles are indexed in PsycINFO.",,https://go.openathens.net/redirector/ucsd.edu?url=https%3A%2F%2Fwww.proquest.com%2Fpsycarticles%2Fadvanced%3Faccountid%3D14524,https://ucsd.libguides.com/psycarticles,ProQuest,[],"[""Cognitive Science"", ""Education"", ""Human Developmental Sciences"", ""Medicine"", ""Neurosciences"", ""Psychiatry"", ""Psychology"", ""Sociology""]","[{""name"": ""Psychiatry"", ""rank"": 1}, {""name"": ""Psychology"", ""rank"": 3}]",[],"[""APA PsycArticles""]",2014-06-18 08:43:00,2026-08-25 17:42:15,False
70554978,PsychiatryOnline Premium,"This comprehensive collection covers diagnosis and differential diagnosis, case vignettes to bring abstract concepts to life, multidisciplinary treatment guidelines, as well as the latest research—all within a single search and navigation interface that integrates journals and books.",,https://go.openathens.net/redirector/ucsd.edu?url=https%3A%2F%2Fpsychiatryonline.org%2Fpremium-books,https://ucsd.libguides.com/psychiatryonline,,"[""E-Books""]","[""Psychiatry"", ""Psychology""]",[],[],"[""Diagnostic and statistical manual of mental disorders""]",2023-02-09 20:02:06,2026-08-25 03:47:06,False
56966519,Psychological Experiments Online,"Synthesizes the most important psychological experiments of the 20th and 21st centuries. The collection pairs 65 hours of audio and video recordings of the original experiments (when existent) with 45,000 pages of primary-source documents. Includes hard-to-find materials including notes from experiment participants, journal articles, books, field notes, letters penned by the lead psychologist, videos of modern-day replications, and modifications to the original experiments.",,https://go.openathens.net/redirector/ucsd.edu?url=https%3A%2F%2Fsearch.alexanderstreet.com%2Fpexp,https://ucsd.libguides.com/psychexperiments,Alexander Street Press,"[""Primary Sources"", ""Streaming Media""]","[""Psychology""]","[{""name"": ""Psychology"", ""rank"": 1}]",[],[],2020-08-28 20:20:46,2025-06-06 18:06:17,False
3168975,PsycINFO,"1597-present. From the American Psychological Association. Provides access to scholarly literature in the psychological, social, behavioral, and health sciences. Includes journal articles, books, chapters, and dissertations. Includes approximately 2,500 journals. Updated weekly and includes an index of PsycArticles.",,https://go.openathens.net/redirector/ucsd.edu?url=https%3A%2F%2Fwww.proquest.com%2Fpsycinfo%2Fadvanced%3Faccountid%3D14524,https://ucsd.libguides.com/psycinfo,ProQuest,"[""Tests & Measurements""]","[""Accounting & Taxation"", ""Business"", ""Cognitive Science"", ""Economics"", ""Education"", ""Human Developmental Sciences"", ""Medicine"", ""Neurosciences"", ""Nursing"", ""Psychiatry"", ""Psychology"", ""Sociology""]","[{""name"": ""Cognitive Science"", ""rank"": 1}, {""name"": ""Education"", ""rank"": 2}, {""name"": ""Human Developmental Sciences"", ""rank"": 3}, {""name"": ""Neurosciences"", ""rank"": 3}, {""name"": ""Nursing"", ""rank"": 5}, {""name"": ""Psychiatry"", ""rank"": 1}, {""name"": ""Psychology"", ""rank"": 1}]",[],"[""APA PsycINFO""]",2013-12-12 01:30:27,2026-08-26 17:40:11,False
80215087,PsycTESTS,"PsycTESTS (hosted by ProQuest), produced by the American Psychological Association (APA), serves as a repository for a growing selection of psychological tests and measures, including thousands of actual test instruments and test items that are available for immediate download and use in research and teaching.",,https://go.openathens.net/redirector/ucsd.edu?url=https%3A%2F%2Fwww.proquest.com%2Fpsyctests%2Fadvanced%3Faccountid%3D14524,https://ucsd.libguides.com/psyctests,ProQuest,"[""Tests & Measurements""]","[""Cognitive Science"", ""Psychiatry"", ""Psychology""]","[{""name"": ""Cognitive Science"", ""rank"": 3}, {""name"": ""Psychiatry"", ""rank"": 4}, {""name"": ""Psychology"", ""rank"": 5}]",[],"[""APA PsycTESTS""]",2025-03-17 19:55:04,2026-08-25 17:44:35,False
7743155,PTSDpubs,An electronic index to the worldwide literature on post traumatic stress disorder and other mental health sequelae of exposure to traumatic events.,,https://go.openathens.net/redirector/ucsd.edu?url=http%3A%2F%2Fbibpurl.oclc.org%2Fweb%2F17329,https://ucsd.libguides.com/ptsdpubs,ProQuest,[],"[""Medicine"", ""Psychology""]",[],[],[],2015-01-06 17:19:59,2025-06-06 18:35:12,False
21029391,PubChem,"Databases of information about the bioactivity of small molecules: Compound (validated and non-redundant), Substance, and Bioassay. Compound records are more detailed than the substance records, with properties, drug information, safety and toxicity information, and links to additional databases and websites.",,https://pubchem.ncbi.nlm.nih.gov/,,National Library of Medicine,"[""Chemical & Physical Properties""]","[""Biochemistry"", ""Biological Sciences"", ""Chemistry"", ""Pharmacy & Pharmacology""]",[],[],[],2016-04-20 17:38:27,2026-07-15 17:12:01,False
3168924,PubMed (Medline),"Comprises more than 38 million article references from 5,000+ journals in the biomedical and health sciences (plus articles deposited in PubMed Central) from the late 1940s to present, with some older selective coverage. Covers health topics in chemistry, physics, engineering, environmental sciences, and the social sciences. Search by topic, author, or the MeSH (medical subject headings) controlled vocabulary. PubMed uses ""automatic term mapping"" so your search terms are mapped to the MeSH terms used to index the articles, giving you more results.",,https://pubmed.ncbi.nlm.nih.gov/?otool=ucsdlib,https://ucsd.libguides.com/pubmeducsd,National Library of Medicine,[],"[""Anthropology"", ""Biochemistry"", ""Bioengineering"", ""Biological Sciences"", ""Biomedical Informatics"", ""Business"", ""Chemical Engineering"", ""Chemistry"", ""Cognitive Science"", ""Human Developmental Sciences"", ""Linguistics"", ""Materials Science"", ""Medicine"", ""NanoEngineering"", ""Neurosciences"", ""Nursing"", ""Pharmacy & Pharmacology"", ""Psychiatry"", ""Psychology"", ""Public Health""]","[{""name"": ""Biochemistry"", ""rank"": 1}, {""name"": ""Bioengineering"", ""rank"": 1}, {""name"": ""Biological Sciences"", ""rank"": 1}, {""name"": ""Biomedical Informatics"", ""rank"": 4}, {""name"": ""Chemistry"", ""rank"": 4}, {""name"": ""Cognitive Science"", ""rank"": 1}, {""name"": ""Medicine"", ""rank"": 1}, {""name"": ""NanoEngineering"", ""rank"": 3}, {""name"": ""Neurosciences"", ""rank"": 4}, {""name"": ""Nursing"", ""rank"": 1}, {""name"": ""Pharmacy & Pharmacology"", ""rank"": 1}, {""name"": ""Psychiatry"", ""rank"": 2}, {""name"": ""Public Health"", ""rank"": 1}]",[],[],2012-02-22 22:50:48,2026-08-25 17:18:23,False
76981065,Race Relations in America,"Based at Fisk University from 1943-1970, the Race Relations Department and its annual Institute were set up by the American Missionary Association to investigate problem areas in race relations and develop methods for educating communities and preventing conflict. Documenting three pivotal decades in the fight for civil rights, this resource showcases the speeches, reports, surveys and analyses produced by the Department’s staff and Institute participants, including Charles S. Johnson and Thurgood Marshall.",,https://go.openathens.net/redirector/ucsd.edu?url=https%3A%2F%2Fwww.racerelations.amdigital.co.uk%2F,https://ucsd.libguides.com/racerelations,Adam Matthew Digital,"[""Primary Sources""]","[""African American Studies"", ""Ethnic Studies"", ""United States History""]",[],[],[],2024-06-18 20:46:36,2025-06-06 18:37:37,False
3169069,Reader's Guide Retrospective (1890-1982),"Online version of Reader's Guide to Periodicals, index to general-interest U.S. magazines during the 20th Century.",,https://research.ebsco.com/c/xuxb7f/search/advanced/filters?db=rgr,https://ucsd.libguides.com/readersguide,EBSCO,"[""Book & Film Reviews""]","[""United States History""]",[],[],[],2014-06-22 10:28:38,2025-06-16 19:04:29,False
3168872,Reaxys,"Another extensive chemical literature database, indexing millions of article and patent references, millions of substances (including extensive data on physical properties), and millions of single- and multi-step chemical reactions and preparations. Search by topic, author, and chemical substances by name, CAS registry number, structures, or properties (using the query builder). From the substance record, explore relevant reactions, browse the available property data, or look for commercial suppliers. Every reaction and property data point includes a reference back to the original article or patent. Import structures from ChemDraw to run a structure/substructure or reaction search, or use the built-in editor to draw your structures or generate them from a name or CAS Registry Number.",,https://go.openathens.net/redirector/ucsd.edu?url=http%3A%2F%2Fwww.reaxys.com,https://ucsd.libguides.com/reaxys,Elsevier,"[""Chemical & Physical Properties""]","[""Biochemistry"", ""Chemistry"", ""Materials Science"", ""NanoEngineering"", ""Pharmacy & Pharmacology""]","[{""name"": ""Chemistry"", ""rank"": 3}]",[],"[""Beilstein"", "" Gmelin"", "" CrossFire""]",2009-09-14 05:26:18,2026-08-25 04:00:51,False
17322636,Regional Business News,"This database covers more than 80 business journals, newspapers, and newswires covering metropolitan and rural areas within the United States. Can be searched separately or simultaneously with Business Source Complete (national and international coverage) by using the 'Choose Databases' option from the main search screen.",,https://research.ebsco.com/c/xuxb7f/search/advanced/filters?db=bwh,https://ucsd.libguides.com/regionalbusiness,EBSCO,"[""News & Newspapers""]","[""Business"", ""Economics"", ""Market Research""]",[],[],[],2015-11-09 23:21:12,2025-07-11 20:10:11,False
45790650,Renda Periodicals 人大复印报刊资料,Remin University of China’s digitized newspaper and periodicals full text database for all subjects.,,https://go.openathens.net/redirector/ucsd.edu?url=https%3A%2F%2Fwww.rdfybk.com%2F,https://ucsd.libguides.com/renda,,"[""News & Newspapers""]","[""Chinese Studies""]",[],[],[],2018-11-29 21:09:02,2025-06-06 18:40:25,False
59210851,RIA Checkpoint Edge,"This top resource for accounting professional practice and academic research includes many types of information: accounting & auditing guides and standards; federal and state law reporters; international financial reporting and taxation materials; interpretations and research articles; news and updates; and tools and tables. Students may set up a Checkpoint User ID with their @ucsd.edu to get additional features. Student accounts expire June 30 and December 31, and need to be renewed. Faculty login URL (expires less frequently. Note: Using the OpenAthens link here for access gets users to the subscription contents, but to get full access to features (saving to folders, taking notes, etc.), users should click logout and log back in with their personal account credentials.",,https://go.openathens.net/redirector/ucsd.edu?url=https%3A%2F%2Fcheckpoint.riag.com%2Flogin%3Fiploc%3DUCSD,https://ucsd.libguides.com/checkpoint,Thomson Reuter,[],"[""Accounting & Taxation"", ""Business"", ""Law""]","[{""name"": ""Accounting & Taxation"", ""rank"": 1}]",[],"[""Reuters Checkpoint Edge""]",2021-01-02 23:32:36,2025-07-16 17:13:39,False
79237307,Rich's Business Directories for California,Search “California High Technology” for biotech and high tech firms located in CA. Click Sign in on the upper right of the landing page (make sure you are on the UCSD-Protected network or running the VPN).,,https://go.openathens.net/redirector/ucsd.edu?url=https%3A%2F%2Fwww.richsdata.com%2FUCSD-Library.aspx,https://ucsd.libguides.com/richs,,[],"[""Business""]",[],[],"[""Rich's Data"", "" Rich's Business Information""]",2024-12-12 21:08:00,2025-06-30 23:11:41,False
25083148,RILM Abstracts of Music Literature,An international scope and focus on scholarly publications. Coverage is 1967 to date for the current database and the early 1800s for a combination of RILM and RILM Retro.,,https://research.ebsco.com/c/xuxb7f/search/advanced/filters?db=ram,https://ucsd.libguides.com/rilm,EBSCO,[],"[""Music""]",[],[],[],2016-09-09 18:29:06,2025-06-16 19:05:18,False
37280573,RKMA Market Research,"Richard K. Miller & Associates (RKMA) compiles handbooks of market research in business to business, healthcare and consumer markets. The reports include market size, sector analysis, forecasts and other statistics. Annually/biennially updated.",,https://go.openathens.net/redirector/ucsd.edu?url=http%3A%2F%2Fwww.rkma.com%2Fucsd%2Flibrary,https://ucsd.libguides.com/rkma,,"[""E-Books""]","[""Business"", ""Market Research""]",[],[],"[""Richard K. Miller & Associates""]",2017-11-06 22:31:28,2026-04-20 15:39:20,False
19405539,Rock's Backpages,"Thousands of articles from underground magazines such as Punk, Creem, and Mojo, also from more mainstream titles such as Melody Maker, Spin and Rolling Stone. Includes some reviews and audio interviews.",,https://go.openathens.net/redirector/ucsd.edu?url=http%3A%2F%2Fwww.rocksbackpages.com%2Flibrary.html,https://ucsd.libguides.com/rocksbackpages,,[],"[""Music""]",[],[],[],2016-02-09 02:00:27,2025-06-16 17:11:06,False
62350256,Rolling Stone Archive,"The backfile from its launch in 1967 to the present. One of the most influential consumer magazines of the 20th-21st centuries, it initially sought to reflect the cultural, social, and political outlook of a generation of students and young adults. It has been a leading vehicle for rock and popular music journalism, as well as covering wider entertainment topics such as film and popular culture.",,https://go.openathens.net/redirector/ucsd.edu?url=https%3A%2F%2Fwww.proquest.com%2Frsa%3Faccountid%3D14524,https://ucsd.libguides.com/rollingstone,ProQuest,"[""Multidisciplinary""]","[""Film & Video"", ""Music""]",[],[],[],2021-07-15 18:50:26,2025-06-16 17:11:06,False
77016478,"Romanticism: Life, Literature and Landscape","Access to the manuscript collections of the Wordsworth Trust, notably the working notebooks, verse manuscripts and correspondence of the English romanticist William Wordsworth and his fellow writers Dorothy Wordsworth, Samuel Taylor Coleridge, Thomas De Quincey and Robert Southey. The manuscripts, printed verse, correspondence, diaries, travel journals, autograph albums, guide books, fine art and maps are digitized in color. Also in color are over 2,500 art pieces, focusing on the Lake District in Great Britain. Pieces are by significant romantic artists, including John Constable, J.M.W. Turner, Thomas Gainsborough, Benjamin Robert Haydon, and John Ruskin.",,https://go.openathens.net/redirector/ucsd.edu?url=https%3A%2F%2Fwww.romanticism.amdigital.co.uk%2F,https://ucsd.libguides.com/romanticism,Adam Matthew Digital,"[""Primary Sources""]","[""History"", ""Literature""]",[],[],[],2024-06-21 22:54:10,2025-06-06 18:49:17,False
3168910,Roper Center for Public Opinion Research,"An archive of public opinion and survey research. The Search for Datasets includes only those surveys for which the Roper Center holds the datasets (microdata or individual level), with brief descriptions of each. These include national, state, and foreign surveys, as well as special samples such as leaders or youth. iPOLL contains the aggregated question-level results from the US national surveys in the catalog, as well as a great deal of additional survey data from news releases and survey reports.",,https://go.openathens.net/redirector/ucsd.edu?url=https%3A%2F%2Fropercenter.cornell.edu%2Fipoll%2F,https://ucsd.libguides.com/roper,,"[""Datasets & Statistics""]","[""Business"", ""Economics"", ""Political Science"", ""Public Health"", ""Sociology"", ""United States History""]","[{""name"": ""Public Health"", ""rank"": 2}]",[],"[""iPOLL Databank""]",2011-03-24 01:57:05,2025-06-06 18:50:23,False
77168888,"Sabin Americana: History of the Americas, 1500-1926","This resource is drawn from Joseph Sabin's famed nineteenth century bibliography Bibliotheca Americana: A Dictionary of Book relating to America from its Discovery to the Present Time. This digital collection offers a perspective on life in the western hemisphere, encompassing the arrival of the Europeans on the shores of North America in the late fifteenth century to the first decades of the twentieth century. Covering more than 400 years and more than 65,000 volumes in North, Central, and South America and the West Indies, this collection highlights the society, politics, religious beliefs, culture, contemporary opinions, and momentous events of the time through sermons, political tracts, newspapers, books, pamphlets, maps, legislation, literature, and more.",,https://go.gale.com/ps/start.do?p=SABN&u=ucsandiego,https://ucsd.libguides.com/sabin,Gale/Cengage Learning,"[""Primary Sources""]","[""History"", ""Latin American Studies"", ""United States History""]",[],[],[],2024-07-06 15:02:57,2025-07-22 02:51:17,False
75554687,SAE Mobilus,"Standards, books, journals, tech reports, and research reports covering the mobility industry (ground and air), from the Society of Automotive Engineers. Book access goes back to 2022, journals back to 2023, and tech reports back to 2010. Standards cover ground and aerospace vehicles, and aerospace material specifications.",,https://go.openathens.net/redirector/ucsd.edu?url=https%3A%2F%2Fsaemobilus.sae.org%2F,https://ucsd.libguides.com/saemobilus,,[],"[""Aerospace Engineering"", ""Materials Science"", ""Mechanical Engineering"", ""Structural Engineering""]",[],[],[],2024-02-22 17:58:54,2026-01-14 17:10:31,False
4844983,Sage Data (formerly Data-Planet),"Provides easy access to statistical data. Data is downloadable in Excel and CSV, and shapefiles when multiple geographies are covered. Sources include: Bombay Stock Exchange, British Bankers' Association, Chicago Board Options, Exchange, China Data Center, D&B (Dun & Bradstreet), Dave Leip's Atlas of US Presidential Elections, Defense Manpower Data Center, Deutsche Börse Group, Dow Jones, Easy Analytic Software Inc. (EASI), Eurostat, FTSE Group, HSI Services Limited (Hong Kong), International Monetary Fund, London Bullion Market Association , London Platinum & Palladium Market, NASDAQ OMX Group, National Bureau of Economic Research, Nikkei, Organisation for Economic Co-operation and Development, Shanghai Stock Exchange, Standard & Poor's, World Bank, World Resource Institute, Sharadar, and many US Federal agencies. See Sage's Sage Data LibGuide for more detail. If you are having trouble connecting, check the status page to see if Sage Data is down .",,https://go.openathens.net/redirector/ucsd.edu?url=https%3A%2F%2Fdata.sagepub.com%2F,https://ucsd.libguides.com/sagedata,Sage,"[""Datasets & Statistics""]","[""Business"", ""Economics"", ""GIS"", ""Government Information"", ""International Studies"", ""Political Science""]",[],[],"[""Data Planet"", "" DataPlanet"", "" Data-Planet""]",2014-09-05 03:09:20,2025-06-06 18:58:51,False
65329783,Sage Learning Resources,"Explore thousands of research monographs, classroom texts, and professional development titles, along with authoritative encyclopedias and handbooks in the social and behavioral sciences. Also contains CQ Press content covering American government, politics, history, public policy, and current affairs.",,https://go.openathens.net/redirector/ucsd.edu?url=https%3A%2F%2Fsk.sagepub.com%2F,https://ucsd.libguides.com/sagelearning,Sage,"[""E-Books""]","[""Political Science""]",[],[],"[""sagepub""]",2022-02-02 21:47:18,2025-06-06 19:02:09,False
4894786,Sage Reference,Authoritative encyclopedias and handbooks in the social and behavioral sciences.,,https://go.openathens.net/redirector/ucsd.edu?url=http%3A%2F%2Fsk.sagepub.com%2Freference,https://ucsd.libguides.com/sageref,Sage,"[""E-Books""]","[""Business"", ""Communication"", ""Education"", ""Political Science""]",[],[],[],2014-09-08 04:32:37,2025-06-06 19:03:42,False
29731877,Sage Research Methods,"Includes books, reference works and journal articles from across the social sciences research methods, including a large collection of qualitative methods books. The resources cover every aspect of research skills training and can help researchers at all levels through every step of the research process, from coming up with a research question, doing a literature review, planning a project, collecting and analyzing data, and writing up a report, dissertation or thesis. Also included are SRM Cases (stories of how real research projects were conducted) and SRM Datasets (a collection of teaching datasets and instructional guides that give students a chance to learn data analysis by practicing themselves).",,https://go.openathens.net/redirector/ucsd.edu?url=https%3A%2F%2Fmethods.sagepub.com%2F,https://ucsd.libguides.com/sageresearchmethods,Sage,"[""E-Books""]","[""Anthropology"", ""Archaeology"", ""Business"", ""Cognitive Science"", ""Critical Gender Studies"", ""Economics"", ""Latin American Studies"", ""Linguistics"", ""Pacific Island Studies"", ""Political Science"", ""Sociology""]",[],[],[],2017-02-24 19:24:14,2025-06-06 19:04:51,False
73920056,Salem Press Online Monographs,"Home page for access to reference ebooks published by Salem Press and selected by UCSD Libraries. Content includes titles in the fields of literature, history, science, and health.",,https://go.openathens.net/redirector/ucsd.edu?url=https%3A%2F%2Fonline.salempress.com%2Fhome.do,https://ucsd.libguides.com/salempress,,"[""E-Books"", ""Multidisciplinary"", ""Primary Sources""]","[""History"", ""Literature""]",[],[],[],2023-10-12 19:16:04,2025-10-22 18:39:59,False
19620096,San Diego Evening Tribune Historical (1895-1992),"Full text PDF files of issues of this daily newspaper, which merged with The San Diego Union in 1992.",,https://go.openathens.net/redirector/ucsd.edu?url=https%3A%2F%2Finfoweb.newsbank.com%2Fapps%2Freadex%2Fpublication-browse%3Fp%3DEANX%26t%3Dpubname%253A136E6CB81C5E443C%2521Evening%252BTribune%26year%3D1992,https://ucsd.libguides.com/sdeveningtribune,Readex,"[""News & Newspapers""]","[""United States History""]",[],[],[],2016-02-16 23:50:25,2025-06-09 20:45:20,False
19620031,San Diego Union Historical (1871-1992),"Full text PDF files of issues of this daily newspaper, which merged with the San Diego Evening Tribune in 1992.",,https://go.openathens.net/redirector/ucsd.edu?url=https%3A%2F%2Finfoweb.newsbank.com%2Fapps%2Freadex%2Fpublication-browse%3Fp%3DEANX%26t%3Dpubname%253A136E6A0F0DF56B38%2521San%252BDiego%252BUnion%26year%3D1992,https://ucsd.libguides.com/sdunionhistorical,Readex,"[""News & Newspapers""]","[""United States History""]",[],[],[],2016-02-16 23:45:26,2025-06-09 20:47:04,False
3168932,San Diego Union Tribune (1970-present),"Full text (but no images) of the Union-Tribune, and before the 1990 merger, of the separate San Diego Union and Evening Tribune. For page images, library has on microfilm 1992-2018 and 1922-91.",,https://go.openathens.net/redirector/ucsd.edu?url=https%3A%2F%2Finfoweb.newsbank.com%2Fapps%2Fnews%2Fbrowse-pub%3Fp%3DWORLDNEWS%26t%3Dpubname%253ASDUB%2521San%252BDiego%252BUnion-Tribune%25252C%252BThe%252B%252528CA%252529%26action%3Dbrowse%26year%3D2024,https://ucsd.libguides.com/sduniontribune,Newsbank,"[""News & Newspapers""]","[""Ethnic Studies"", ""Political Science"", ""Sociology""]","[{""name"": ""Ethnic Studies"", ""rank"": 1}]",[],[],2012-04-13 04:01:18,2026-08-25 17:57:22,False
49717551,San Diego Union Tribune (2018-present),"Full text, including images, of the Union-Tribune. For older page images, Geisel Library has microfilm 1992-2018 for the U-T, and older years 1922-91 for the San Diego Union.",,https://go.openathens.net/redirector/ucsd.edu?url=https%3A%2F%2Finfoweb.newsbank.com%2Fapps%2Fnews%2Fbrowse-pub%3Fp%3DAWNB%26t%3Dpubname%253ACSD5-EEDT%2521San%252BDiego%252BUnion-Tribune%25252C%252BThe%252B%252528CA%252529%26action%3Dbrowse%26year%3D2021,https://ucsd.libguides.com/sduniontribuneimage,Newsbank,"[""News & Newspapers""]","[""Ethnic Studies"", ""Sociology""]","[{""name"": ""Ethnic Studies"", ""rank"": 1}]",[],[],2019-08-24 00:35:20,2026-08-25 17:57:35,False
78872461,Schillers Werke‎,"Comprises the complete works of Friedrich von Schiller, including his poetry and plays, the translations, minor prose works, historical and philosophical writings, letters to and from Schiller, and the Conversations.",,https://go.openathens.net/redirector/ucsd.edu?url=https%3A%2F%2Fwww.proquest.com%2Fschiller%2Fadvanced%2Fliterature%2FfromDatabasesLayer%3Faccountid%3D14524,https://ucsd.libguides.com/schiller,ProQuest,[],"[""Literature""]",[],[],[],2024-11-08 17:37:13,2025-10-14 17:59:15,False
30905681,ScienceDirect,"Full-text searching across the ebooks, journals, and major reference works published by Elsevier. Note: We don't license everything from Elsevier. If the article or chapter is not accessible, check UC Library Search for a print copy, or to request the item from another library.",,https://go.openathens.net/redirector/ucsd.edu?url=http%3A%2F%2Fwww.sciencedirect.com,https://ucsd.libguides.com/sciencedirect,Elsevier,"[""E-Books""]","[""Biological Sciences""]",[],[],"[""Science Direct Elsevier""]",2017-04-06 16:18:02,2026-08-25 03:59:34,False
3168864,SciFinder,"One of the most comprehensive indexes to the chemical literature and related science and engineering disciplines. Search millions of articles, patents, and conference proceedings and abstracts; millions of chemical substances via the CAS Registry (including many with property data and spectra); millions more of single- and multi-step reactions and preparations via CAS Reactions; and thousands of chemical supplier catalogs. Search by topic, author, chemical substance by name, registry number, or structures. From the substance record, browse available property data, explore relevant reactions, or find commercial suppliers. Every reaction and property data point includes a reference back to the original article or patent, or another chemical provider. Import structures from ChemDraw to run a structure/substructure or reaction search, or use the built-in editor to draw your structures or generate them with a CAS Registry Number. First-time SciFinder users will need to register for a UCSD account .",,https://go.openathens.net/redirector/ucsd.edu?url=http%3A%2F%2Fscifinder-n.cas.org%2F,https://ucsd.libguides.com/scifinder,,"[""Chemical & Physical Properties""]","[""Biochemistry"", ""Chemical Engineering"", ""Chemistry"", ""Climate & Atmospheric Sciences"", ""Geology & Geosciences"", ""Marine Sciences"", ""Materials Science"", ""Mechanical Engineering"", ""NanoEngineering"", ""Oceanography"", ""Pharmacy & Pharmacology"", ""Physics""]","[{""name"": ""Biochemistry"", ""rank"": 1}, {""name"": ""Chemical Engineering"", ""rank"": 1}, {""name"": ""Chemistry"", ""rank"": 2}, {""name"": ""Materials Science"", ""rank"": 1}, {""name"": ""NanoEngineering"", ""rank"": 1}]","[""Registration Required""]","[""Chemical Abstracts"", "" SciFindern"", "" SciFinder-n"", "" Scifinder scholar""]",2009-06-04 09:13:16,2026-04-13 21:40:37,False
59530388,Score Follower,"Sign in with your ucsd.edu email address. Videos of contemporary music scores that turn pages along with accompanying recordings. Over 1000 works from 1912 onward, with an emphasis on music of the past 10 years.",,https://scorefol.io/,https://ucsd.libguides.com/scorefollower,,"[""Streaming Media""]","[""Music""]",[],"[""Sign in with UCSD Email Address""]","[""Scorefolio Score folio""]",2021-01-21 18:28:27,2026-04-13 23:57:09,False
78873270,Scottish Women Poets of the Romantic Period‎,"Contains 60 volumes of Romantic poetry composed by Scottish women, along with extensive contemporary critical reviews and numerous scholarly essays specially commissioned for the project.",,https://go.openathens.net/redirector/ucsd.edu?url=https%3A%2F%2Fwww.proquest.com%2Fswprp%2Fadvanced%2Fliterature%2FfromDatabasesLayer%3Faccountid%3D14524,https://ucsd.libguides.com/scottishpoets,ProQuest,[],"[""Literature""]",[],[],[],2024-11-08 18:05:22,2025-10-14 18:05:01,False
77257904,Scribner Writers Online/Twayne's Authors Online,"Scribner: Bio-critical essays on the lives and works of more than 1,400 important authors from around the world. Entries include concise essays, citations, and biographical information that places the author's work in personal and historical context. Twayne's: Literary critical interpretation and discussion. It offers in-depth critical introductions to the lives and works of major writers of the world, including close analysis of key works. It provides original commentary on the history and influence of literary movements.",,https://go.gale.com/ps/start.do?p=GVRL.xlit.scribner&u=ucsandiego&aty=ip,https://ucsd.libguides.com/scribner,Gale/Cengage Learning,[],"[""Literature""]",[],[],[],2024-07-12 22:52:25,2025-06-06 19:18:32,False
77055138,Service Newspapers of World War Two,"This digital resource reveals the story of war as told by the newspapers that brought information, entertainment and camaraderie to the forces at home and overseas. Explore over 300 titles from key nations across the globe that took part in the world-changing conflict.",,https://go.openathens.net/redirector/ucsd.edu?url=https%3A%2F%2Fwww.servicenewspapers.amdigital.co.uk%2F,https://ucsd.libguides.com/servicenewspapers,Adam Matthew Digital,"[""News & Newspapers"", ""Primary Sources""]","[""European Studies"", ""History""]",[],[],[],2024-06-25 18:25:18,2026-04-27 20:07:44,False
77109818,Seventeenth and Eighteenth Century Burney Newspapers Collection,"This collection represents the largest single collection of seventeenth and eighteenth century English news media available from the British Library and includes more than 1,000 pamphlets, proclamations, newsbooks and newspapers from the period. This collection helps researchers chart the development of the newspaper as we now know it, beginning with irregularly published transcriptions of Parliamentary debates and proclamations to coffee house newsbooks, finally arriving at newspaper in its current form. Gathered by Reverend Charles Burney (1757-1817), a notable scholar and son of a well-known music historian of the same name, this collection covers more than two hundred years of accounts, explanations, and points of views.",,https://go.gale.com/ps/start.do?p=BBCN&userGroupName=ucsandiego&aty=ip,https://ucsd.libguides.com/burney,Gale/Cengage Learning,"[""News & Newspapers"", ""Primary Sources""]","[""European Studies"", ""History""]",[],[],[],2024-06-28 22:50:04,2026-05-15 02:37:22,False
77055520,Sex and Sexuality,"This collection explores changing attitudes towards human sexuality, gender identities and sexual behaviors from the nineteenth to the twenty-first centuries. Investigating the breadth and complexity of human sexual understanding through the work of leading sexologists, sex researchers, organizations and personal accounts.","Includes: Research Collections from The Kinsey Institute Library and Special Collections Self-Expression, Community and Identity",https://go.openathens.net/redirector/ucsd.edu?url=https%3A%2F%2Fwww.sexandsexuality.amdigital.co.uk%2FConsent,https://ucsd.libguides.com/sexuality,Adam Matthew Digital,"[""Primary Sources""]","[""Critical Gender Studies""]",[],[],[],2024-06-25 18:30:42,2026-04-27 20:08:28,False
77016488,Shakespeare in Performance,"Features rare and unique prompt books from the world-famous collection at the Folger Shakespeare Library in Washington DC, from between the seventeenth and twentieth centuries. Documents are indexed by genre, country, theatre, associated names, and key search terms. The prompt books are supplemented by souvenir copies, ephemera, illustrations and drawings, photographs, music scores, and correspondence.",,https://go.openathens.net/redirector/ucsd.edu?url=https%3A%2F%2Fwww.shakespeareinperformance.amdigital.co.uk%2F,https://ucsd.libguides.com/shakespeareperformance,Adam Matthew Digital,"[""Primary Sources""]","[""Theater & Dance""]",[],[],[],2024-06-21 22:59:20,2025-06-06 19:23:15,False
77016500,"Shakespeare's Globe Archive: Theatres, Players & Performance","This collection of documents offers insights into the performance practice in the particular space of the reconstructed Globe Theatre. It details the way in which the theatre was constructed as a place of radical experiment. It documents over 200 performances through prompt books, wardrobe notes, programmes, publicity material, annual reports, show reports, photographs and architectural plans.",,https://go.openathens.net/redirector/ucsd.edu?url=https%3A%2F%2Fwww.shakespearesglobearchive.amdigital.co.uk%2F,https://ucsd.libguides.com/shakespeareglobe,Adam Matthew Digital,"[""Primary Sources""]","[""Theater & Dance""]",[],[],[],2024-06-21 23:02:37,2025-06-06 19:24:13,False
3169086,Shen Bao 申报,"Published in Shanghai from 1872 to 1949, aka 申江新报, and Shanghai News. One of the first modern Chinese newspapers published, spanning the Qing dynasty through the Republican era. VPN required for off-campus access.",,http://spuc.egreenapple.com/WEB/INDEX.html,,,"[""News & Newspapers""]","[""Chinese Studies""]",[],"[""VPN Required Off Campus""]",[],2014-06-23 21:38:59,2026-01-27 16:27:54,False
4738486,Si bu cong kan 四部叢刊,"Scanned images and searchable full-text of 504 works in 3,134 volumes compiled during the years 1919 to 1936； topics include history, astronomy, geography, politics, economics, and literature",,https://go.openathens.net/redirector/ucsd.edu?url=http%3A%2F%2Fsmall.wenzibase.com%2Fsypt%2Flist_gudai_cs.jsp,https://ucsd.libguides.com/sibucongkan,,[],"[""Chinese Studies""]",[],[],[],2014-08-28 20:09:12,2026-05-15 02:38:30,False
4738473,Si ku quan shu 四庫全書,"An electronic edition of the collectanea Si ku quan shu 四庫全書 comprised of the finest editions of the best books in China and completed in 1782； includes 3,461 works, totaling over 36,375 volumes/scrolls; its four main bibliographic divisions are jing 經, shi 史, zi 子, and ji 集",,https://go.openathens.net/redirector/ucsd.edu?url=http%3A%2F%2Fserver.wenzibase.com%2F,https://ucsd.libguides.com/sikuquanshu,,[],"[""Chinese Studies""]",[],[],"[""siku quanshu""]",2014-08-28 20:08:28,2026-05-15 02:38:59,False
16876924,Silent Film Online,"Covers silent features, serials, and shorts from the 1890s to the 1930s.",,https://go.openathens.net/redirector/ucsd.edu?url=https%3A%2F%2Fvideo.alexanderstreet.com%2Fchannel%2Fsilent-film-online,https://ucsd.libguides.com/silentfilm,Alexander Street Press,"[""Streaming Media""]","[""Film & Video"", ""Theater & Dance""]",[],[],[],2015-10-23 21:05:22,2025-11-03 19:48:22,False
5546602,SimplyAnalytics,"An easy to use mapping, analytics, and data visualization app with 100,000+ data variables, including demographic data from the US Census, and the American Community Survey (ACS), consumer spending data from the Consumer Expenditure Survey (CEX), 2020 Election Data, and D&B's Points-of-Interest business directory providing access to over 5 million US business profiles. The included MRI-SimmonsLOCAL consumer behavior dataset contains data on over 8,000 brands, 450 categories, the MOSAIC segmentation system, and detailed lifestyle information. Community Lifestages presents data based on Householder Age, Income and Household Family Status. Users also have access to the CDC PLACES health dataset which includes 27 diverse health measures, such as Health Outcomes, Prevention, Risk Behaviors, and Health Status. Data is largely available down to the block group level, and custom locations can be created. Includes EASI/MediaMark Research Incorporated (MRI) and Simmons LOCAL data packages. Data is downloadable in GIS-ready shapefiles. Users may log in as a Guest, or create an account to save their work. Access limited to 5 simultaneous users. Try again later if refused. (formerly known as SimplyMap).",,https://go.openathens.net/redirector/ucsd.edu?url=http%3A%2F%2Fapp.simplyanalytics.com%2F,https://ucsd.libguides.com/simplyanalytics,,"[""Datasets & Statistics"", ""Directories"", ""GIS""]","[""Business"", ""Environmental Studies"", ""GIS"", ""Government Information"", ""Maps"", ""Market Research"", ""Political Science"", ""Public Health"", ""Urban Studies & Planning""]","[{""name"": ""Business"", ""rank"": 1}, {""name"": ""GIS"", ""rank"": 1}, {""name"": ""Market Research"", ""rank"": 1}, {""name"": ""Urban Studies & Planning"", ""rank"": 1}]",[],"[""Simply Analytics""]",2014-10-12 04:19:30,2025-06-06 19:28:19,False
21699219,Sixties: Primary Documents and Personal Narratives 1960-1974,"Provides access to the 1960s through diaries, letters, autobiographies and other memoirs, written and oral histories, manifestos, government documents, memorabilia, and scholarly commentary. The database covers subjects in arts, music, and leisure, civil rights, counter-culture, law and government, mass media, new left and emerging neo-conservative movement, student activism, Vietnam War, women's movement, etc.",,https://go.openathens.net/redirector/ucsd.edu?url=https%3A%2F%2Fsearch.alexanderstreet.com%2Fsixt,https://ucsd.libguides.com/sixties,Alexander Street Press,"[""Primary Sources""]","[""United States History""]",[],[],[],2016-05-20 17:34:27,2025-06-06 19:29:24,False
19405611,Slavery and Anti-Slavery: A Transnational Archive,"Includes documents from the United States and Europe, as well as other parts of the world. In addition to newspaper collections and books published in the antebellum era, Slavery and Anti-Slavery contains documents from several archives originally available only on microfilm.",,https://go.gale.com/ps/start.do?p=SAS&u=ucsandiego&aty=ip,https://ucsd.libguides.com/slaveryantislavery,Gale/Cengage Learning,"[""Primary Sources""]","[""Ethnic Studies"", ""European Studies"", ""United States History""]","[{""name"": ""Ethnic Studies"", ""rank"": 1}]",[],[],2016-02-09 02:08:12,2025-06-06 19:31:05,False
77016519,"Slavery, Abolition & Social Justice","Documents key aspects of the history of slavery worldwide over six centuries, with 16 key areas of focus: slavery in the early Americas; African coast; the Middle Passage; slavery and agriculture; urban and domestic slavery; slave testimony; spiritualism and religion in slave communities; resistance and revolts; the Underground Railroad; the abolition movement and the slavery debate; legislation and politics; freed slaves, freedmen and free black settlements; education; slavery and the Islamic world; varieties of slave experience; slavery today and the legacy of slavery. The collection also includes case studies from America, the Caribbean, Brazil, and Cuba.",,https://go.openathens.net/redirector/ucsd.edu?url=https%3A%2F%2Fwww.slavery.amdigital.co.uk%2F,https://ucsd.libguides.com/slaveryabolition,Adam Matthew Digital,"[""Primary Sources""]","[""African American Studies"", ""Ethnic Studies"", ""History""]",[],[],[],2024-06-21 23:10:18,2025-06-06 19:32:17,False
69501920,SocArXiv,"SocArXiv, open archive of the social sciences, provides a free, non-profit, open access platform for social scientists to upload working papers, preprints, and published papers, with the option to link data and code. SocArXiv is dedicated to opening up social science, to reach more people more effectively, to improve research, and build the future of scholarly communication.",,https://osf.io/preprints/socarxiv,,,"[""Multidisciplinary""]",[],[],[],[],2022-11-16 16:34:16,2024-05-01 23:09:20,False
4845417,Social Explorer,"1790-present. This site combines data from the U.S. Census of Population and Housing & the American Community Survey (ACS) with a user friendly interface, allowing the creation of maps & statistical tables. Census Tract boundaries are available back to 1940. Now also includes data on U.S. elections, business pattern, environmental summary, health, religion, and crime; the UK and Canadian censuses; Irish religious data; World Development Indicators, and EuroStat. Presidential, senatorial, congressional and gubernatorial election data comes from Dave Leip's Atlas of U.S. Presidential Elections and is available for map presentation only.",,https://go.openathens.net/redirector/ucsd.edu?url=https%3A%2F%2Fwww.socialexplorer.com%2F,https://ucsd.libguides.com/socialexplorer,,"[""Datasets & Statistics"", ""GIS""]","[""Business"", ""Economics"", ""GIS"", ""Maps"", ""Market Research"", ""Political Science"", ""Urban Studies & Planning""]","[{""name"": ""Urban Studies & Planning"", ""rank"": 1}]",[],[],2014-09-05 03:28:01,2026-01-07 19:56:34,False
3169013,Social Sciences Full Text,"Indexes and provides abstracts of articles published since 1983 in over 700 social sciences journals, with full-text provided for most articles published from 1994+.",,https://research.ebsco.com/c/xuxb7f/search/advanced/filters?db=ssf,https://ucsd.libguides.com/socscifulltext,EBSCO,"[""Book & Film Reviews""]","[""Anthropology"", ""Cognitive Science"", ""Economics"", ""Education"", ""Human Developmental Sciences"", ""International Studies"", ""Linguistics"", ""Political Science"", ""Psychology"", ""Sociology""]","[{""name"": ""Anthropology"", ""rank"": 1}, {""name"": ""Sociology"", ""rank"": 1}]",[],[],2014-06-18 08:43:00,2025-08-29 22:04:58,False
48987754,Socialism on Film,"A collection of documentaries, newsreels, and features that reveals the world as seen by Soviet, Chinese, Vietnamese, East European, British, and Latin American filmmakers. It ranges from the early twentieth century to the 1980s and examines the themes of War & Revolution, News & Current Affairs plus Culture & Society.","Sourced from the archives of the British Film Institute (BFI), this resource makes available the superb ETV-Plato Films collection amassed by British communist Stanley Forman in the years following the Second World War. The collection consists of films produced almost exclusively in the communist world and later versioned into English for distribution in the West. All the films included in this resource have been digitized from the original 16mm and 35mm film reels.",https://go.openathens.net/redirector/ucsd.edu?url=https%3A%2F%2Fwww.socialismonfilm.amdigital.co.uk%2F,https://ucsd.libguides.com/socialismfilm,Adam Matthew Digital,"[""Streaming Media""]","[""Chinese Studies"", ""European Studies"", ""Film & Video"", ""History"", ""International Studies"", ""Latin American Studies""]",[],[],[],2019-07-09 20:32:22,2025-06-06 19:34:52,False
3169014,Sociological Abstracts,"1963-present. Abstracts journal articles, monographs, dissertations, conference proceedings, other research covering sociology, social work, and related social sciences. Also includes selected web resources.",,https://go.openathens.net/redirector/ucsd.edu?url=https%3A%2F%2Fwww.proquest.com%2Fsocabs%2Fadvanced%2F%3Faccountid%3D14524,https://ucsd.libguides.com/socabs,ProQuest,"[""Book & Film Reviews""]","[""Economics"", ""Education"", ""Ethnic Studies"", ""Human Developmental Sciences"", ""Sociology""]","[{""name"": ""Ethnic Studies"", ""rank"": 1}, {""name"": ""Sociology"", ""rank"": 1}]",[],[],2014-06-18 08:43:00,2025-11-07 22:30:09,False
46129408,Sol and Evelyn Henkind Talmud Text Databank,"The Databank integrates, in digital text format, all of the surviving manuscripts of the Babylonian Talmud and first printed editions. The collection will encompass all primary textual witnesses of the Babylonian Talmud, including the manuscripts of the tractates of the Babylonian Talmud of Oriental, Ashkenazic, Sephardic, or Yemenite provenance, and first printed editions. It will include hundreds of Cairo Geniza and European binding fragments of the Babylonian Talmud, many as both text and digital image.",,https://go.openathens.net/redirector/ucsd.edu?url=https%3A%2F%2Fwww.lieberman-institute.com%2FHome,https://ucsd.libguides.com/talmud,,"[""Primary Sources""]","[""Jewish Studies"", ""Religion""]",[],[],"[""Talmud database""]",2018-12-20 18:13:57,2026-04-22 15:49:55,False
61583953,South Asian Newspapers,Historical Newspapers from South Asia. Explore South Asian History and Culture during the 19th and 20th Centuries.,,https://go.openathens.net/redirector/ucsd.edu?url=https%3A%2F%2Finfoweb.newsbank.com%2Fapps%2Freadex%2F%3Fp%3DWHNPASIA1,https://ucsd.libguides.com/southasiannews,Readex,"[""News & Newspapers""]","[""History"", ""International Studies""]",[],[],"[""WNA""]",2021-05-20 16:45:26,2025-06-06 20:15:26,False
85707965,"Soviet Declassified Archives Database, 1917-1991 冷战时期档案数据库. 苏联解密档案数据库","Nearly 10,000 archival documents (available in Russian and Chinese) from over 70 years of the Soviet era, spanning from early 1917 to the early 1990s. Includes meeting minutes, reports, resolutions, orders, and instructions from the Central Committee of the Communist Party of the Soviet Union (CPSU); petitions and reports from lower levels (such as local authorities at various levels in the Soviet Union to the CPSU Central Committee); letters, notes, telegrams, conversation records, and meeting summaries between CPSU Central Committee leaders; and a number of interrogation records and rehabilitation materials from the highest Soviet authorities.",,https://go.openathens.net/redirector/ucsd.edu?url=https%3A%2F%2Fsljm.duxiuai.com,https://ucsd.libguides.com/sovietarchives,,"[""Primary Sources""]","[""Chinese Studies"", ""European Studies""]",[],[],"[""冷战时期档案数据库. 苏联解密档案数据库""]",2026-07-30 22:19:58,2026-08-09 03:05:30,False
21328282,Sports Market Analytics (formerly SBRnet),"Provides access to market research, consumer demographics, and industry news related to a broad range of sporting activities, events and facilities. Coverage includes US and international sport, along the dimensions of professional and college sports, leagues, events, athletes, fans, sponsorship, branding and merchandise (apparel, footwear, equipment), broadcast and social media, mobile sports, attendance and trends. There are some directories with links to sports management education programs and employment resources.",,https://go.openathens.net/redirector/ucsd.edu?url=https%3A%2F%2Fsportsmarketanalytics.com,https://ucsd.libguides.com/sbr,,"[""Datasets & Statistics""]","[""Business"", ""Economics"", ""Market Research""]",[],[],[],2016-05-04 22:47:57,2025-10-14 18:25:22,False
43901312,Springer Nature Experiments,"Searchable database of 95,000+ protocols and methods in the life and biomedical sciences, including biochemistry, nanotechnology, and pharmacology. Results link out to the full-text Protocols/methods at Nature Protocols, Nature Methods, and Springer Protocols (including Methods in Molecular Biology and Methods in Molecular Medicine). Also includes results from Nature Reviews Methods Primers, which UCSD affiliates can request via interlibrary loan.",,https://go.openathens.net/redirector/ucsd.edu?url=https%3A%2F%2Fexperiments.springernature.com%2F,https://ucsd.libguides.com/springernatureexperiments,SpringerNature,[],"[""Biochemistry"", ""Biological Sciences"", ""Chemistry"", ""NanoEngineering""]",[],[],[],2018-08-25 04:45:31,2025-06-16 02:17:29,False
30905936,SpringerLink,"Full-text searching across the ebooks, ebook series, journals, and major reference works published by Springer. Note: We don't license everything from Springer. If the article or chapter is not accessible, check UC Library Search for a print copy, or to request the item from another library.",,https://go.openathens.net/redirector/ucsd.edu?url=https%3A%2F%2Flink.springer.com%2F,https://ucsd.libguides.com/springerlink,SpringerNature,"[""E-Books"", ""Multidisciplinary""]","[""Biological Sciences"", ""Business"", ""Economics""]",[],[],"[""Springer Link""]",2017-04-06 16:28:44,2026-08-24 15:09:25,False
75216764,Stahl Online (a Cambridge Core Collection),"Stahl Online is a one-stop shop, covering everything a mental health professional or teacher will ever need to know about neuropsychopharmacology providing full access to the entire current portfolio of books by Dr Stephen M. Stahl.",,https://go.openathens.net/redirector/ucsd.edu?url=https%3A%2F%2Fwww.cambridge.org%2Fcore%2Fpublications%2Fcollections%2Fstahl-online,https://ucsd.libguides.com/stahl,Cambridge University Press,"[""E-Books""]","[""Pharmacy & Pharmacology"", ""Psychiatry"", ""Psychology""]",[],[],[],2024-01-29 21:54:20,2026-04-27 20:10:15,False
5651768,Statistical Yearbooks from China Data Online,"Covers national, provincial, regional and city levels. Also includse select subject specific and international resources.",,https://go.openathens.net/redirector/ucsd.edu?url=https%3A%2F%2Fwww.china-data-online.com%2Facmr-cndata-pub%2Fhome%2Fhomes.htm%3Ftid%3DW7NF4XM5YL7Z7LT8L5KU9KXB5VBSYC%26auto%3D1,https://ucsd.libguides.com/chinadatastats,,"[""Datasets & Statistics""]","[""Chinese Studies""]",[],[],[],2014-10-16 21:59:18,2025-06-06 20:28:11,False
5651810,SuperStar Digital Libraries' China Pictorial 人民画报,"UC San Diego and UC Santa Barbara users have access to the China Pictorial collection (1953-1998) in the SuperStar Digital Libraries. Use IE browser, can also enter via Chinamaxx.net, and see under Specialty.",,https://go.openathens.net/redirector/ucsd.edu?url=http%3A%2F%2Fwww.chinamaxx.net%2F,https://ucsd.libguides.com/chinapictorial,,"[""Images""]","[""Chinese Studies""]",[],[],[],2014-10-16 22:04:07,2025-06-06 20:30:45,False
52373419,Superstar Periodicals 超星期刊,It’s a multidisciplinary full text journal database from mainland China.,,https://go.openathens.net/redirector/ucsd.edu?url=http%3A%2F%2Fqikan.chaoxing.com%2F,https://ucsd.libguides.com/superstar,,[],"[""Chinese Studies""]",[],[],[],2020-02-15 00:18:08,2025-06-06 20:32:44,False
74160924,Supplementum Epigraphicum Graecum Online,Online version of the annual publication Supplementum Epigraphicum Graecum (SEG). SEG collects newly published Greek inscriptions and studies on previously known documents (from archaic Greek texts up to the 8th century A.D.) and presents the complete Greek text and critical apparatus of new inscriptions.,,https://go.openathens.net/redirector/ucsd.edu?url=https%3A%2F%2Fscholarlyeditions.brill.com%2Fsego,https://ucsd.libguides.com/sego,Brill,[],"[""Classical Studies"", ""European Studies""]",[],[],[],2023-10-31 21:39:40,2025-06-06 20:36:12,False
58381604,Swank Digital Campus,Hundreds of streaming video titles from major studios.,,https://go.openathens.net/redirector/ucsd.edu?url=https%3A%2F%2Fdigitalcampus.swankmp.net%2Fucasandiego371665%2F%23%2FdigitalCampus%2Fbrowse,https://ucsd.libguides.com/swank,,"[""Streaming Media""]","[""Film & Video""]","[{""name"": ""Film & Video"", ""rank"": 3}]",[],[],2020-11-02 23:44:33,2025-06-06 20:38:05,False
63063592,Taiwan Nichinichi Shinpo sound culture database / 臺灣日日新報聲音文化資料庫,"Taiwan Nichinichi Shinpō (Taiwan Daily News) Sound Culture Database, created by the Graduate Institute of Musicology at National Taiwan University (NTU) in collaboration with NTU Library and Transmission Books & Microinfo Co. (TBMC), is keyword searchable to 357,200 selected articles that involve musical sound, including performing arts (such as dance, opera, drama), mass media (such as records, radio broadcasts, and films), traditional activities (such as ceremonies, rituals, temple festivals, parades), etc. The database covers the period from the year Taiwan Daily News was launched (1898) to March 31, 1944, after which date Taiwan Daily News merged with other newspapers into Taiwan shinpō (Taiwan News)",,https://go.openathens.net/redirector/ucsd.edu?url=http%3A%2F%2Fsound-culture.infolinker.com.tw%2Flogin_soundculture.htm,https://ucsd.libguides.com/taiwannichinichi,,"[""News & Newspapers"", ""Primary Sources""]","[""Chinese Studies""]",[],[],[],2021-08-30 17:54:01,2026-05-15 02:44:43,False
18977466,Taiwan wen xian cong kan 臺灣文獻叢刊,Also known as the Encyclopedia of Taiwan. Contains searchable full-text and scanned images of 595 books originally published in print between 1959 and 1972. Temporal coverage from the Tang Dynasty to the Japanese occupation period.,,https://go.openathens.net/redirector/ucsd.edu?url=https%3A%2F%2Fp.udpweb.com%2Ftai,https://ucsd.libguides.com/taiwanencyclopedia,,[],"[""Chinese Studies""]",[],[],"[""Encyclopedia Of Taiwan""]",2016-01-22 00:29:50,2026-05-15 02:46:56,False
59210894,Tax Notes,"Get daily news updates on U.S. federal tax policy developments, cases and regulations. First-time users: Go the sign-in and “UC San Diego Library? - Register Here” and create an account. Returning users: Login instead at taxnotes.com and do not use the ""Open Athens"" login. If you need to reset your password, use the same browser to reset it that you used to request the new password.",,https://go.openathens.net/redirector/ucsd.edu?url=https%3A%2F%2Fwww.taxnotes.com%2F,https://ucsd.libguides.com/taxnotes,,"[""News & Newspapers""]","[""Accounting & Taxation"", ""Business"", ""Economics"", ""Law""]","[{""name"": ""Accounting & Taxation"", ""rank"": 1}]",[],[],2021-01-02 23:57:44,2026-05-15 02:45:41,False
77136789,Tenno Kozoku Jitsuroku 天皇皇族実録: Records of the Emperor and the Imperial Family,"Tenno Kozoku Jitsuroku, which was originally compiled by the Imperial Household Ministry in the pre-war period, offers the highest level historical materials for research into the Emperor and the Imperial Family of Japan, covering from the legendary first emperor Jinmu to the 121st Emperor Komei (1831-1867), as well as the five emperors of the Northern Court, including the empresses and consorts, relatives of the emperors, and imperial princesses (with the exception of the four families of the imperial princes of Fushimi no Miya, Katsura no Miya, Arisugawa no Miya, and Kan’in no Miya).",Includes: Phase 1: Vol. 1 Emperor Jinmu to Vol. 49 Emperor Antoku Phase 2: Vol. 50 Emperor Gotoba to Vol. 98 Emperor Gonara,https://go.openathens.net/redirector/ucsd.edu?url=https%3A%2F%2Fjapanknowledge.com%2Flib%2Fen%2Fshelf%2Ftennokozokujitsuroku%2F,https://ucsd.libguides.com/tennokozokujitsuroku,,"[""Primary Sources""]","[""Japanese Studies""]",[],[],[],2024-07-02 17:00:12,2026-04-27 20:11:38,False
3169073,"TEPS, Taiwan Electronic Periodicals Services 台灣電子期刊服務網","Contains full-text (PDF) of periodicals published in Taiwan. Covers the humanities, social, natural, applied, medical and life sciences. Interface available in Chinese and English.",,https://go.openathens.net/redirector/ucsd.edu?url=https%3A%2F%2Fwww.airitilibrary.com%2F,https://ucsd.libguides.com/teps,,[],"[""Chinese Studies""]",[],[],[],2014-06-23 21:29:05,2025-06-06 20:54:47,False
45807172,The Arabidopsis Information Resource (TAIR),"Database of genetic and molecular biology data for the model higher plant Arabidopsis thaliana. Includes the complete genome sequence along with gene structure, gene product information, gene expression, DNA and seed stocks, genome maps, genetic and physical markers, publications, and information about the Arabidopsis research community. Also provides extensive linkouts from our data pages to other Arabidopsis resources.",,https://go.openathens.net/redirector/ucsd.edu?url=https%3A%2F%2Fwww.arabidopsis.org%2F,https://ucsd.libguides.com/tair,,[],"[""Biological Sciences""]",[],[],"[""TAIR""]",2018-11-30 18:25:54,2025-07-15 21:06:35,False
3169044,The Economist,"Use this link to get to the UCSD subscription to The Economist online, which covers recent contents. This publication offers authoritative insight and opinion on international news, politics, business, economics, finance, science and technology. We also have a special link for The Economist Historical Archive (covers 1823-2015).",,https://myaccount.economist.com/s/institution-login?entity=https://idp.ucsd.edu/entity&dest=http://www.economist.com/printedition/covers?print_region=76980,https://ucsd.libguides.com/economist,,"[""News & Newspapers""]","[""Accounting & Taxation"", ""Business"", ""Economics"", ""European Studies"", ""International Studies"", ""Latin American Studies"", ""Political Science""]","[{""name"": ""Business"", ""rank"": 1}, {""name"": ""Economics"", ""rank"": 1}]",[],[],2014-06-21 04:28:52,2026-05-08 21:35:33,False
17480605,The Economist Historical Archive (1843-2015),"The EHA provides a completely searchable copy of every issue of The Economist published from 1843 to 2015. Features include full-color images, multiple search indexes, and the facility to browse each issue.",,http://find.galegroup.com/econ/start.do?prodId=ECON#,https://ucsd.libguides.com/economisthistorical,Gale/Cengage Learning,"[""News & Newspapers""]","[""Business"", ""Economics"", ""History"", ""International Studies"", ""Latin American Studies"", ""Political Science"", ""United States History""]",[],[],[],2015-11-16 22:42:10,2025-06-09 20:54:59,False
22517335,The Sunday Times [of London] Digital Archive (1822-2006),"Coverage begins with the Sunday times, issued October 20, 1822-December 24, 1903; The Sunday special, issued January 3, 1904-January 24, 1904; The Sunday times and Sunday special, issued January 31, 1904-January 4, 1931; and Sunday times, January 11, 1931-December 31, 2006. Includes the Sunday times magazine, issued February, 1962.",,http://infotrac.galegroup.com/itweb/ucsandiego?db=STHA,https://ucsd.libguides.com/sundaytimes,Gale/Cengage Learning,"[""News & Newspapers""]","[""European Studies"", ""History"", ""International Studies""]",[],[],[],2016-06-17 17:32:09,2025-06-09 21:06:09,False
4762757,The Times [of London] (1985-present),Browse full-text issues of this British daily national newspaper.,,https://go.openathens.net/redirector/ucsd.edu?url=https%3A%2F%2Finfoweb.newsbank.com%2Fapps%2Fnews%2Fbrowse-pub%3Fp%3DWORLDNEWS%26t%3Dpubname%253ALTIB%2521Times%25252C%252BThe%252B%252528London%25252C%252BEngland%252529%26action%3Dbrowse%26year%3D2023,https://ucsd.libguides.com/timesoflondon,Newsbank,"[""News & Newspapers""]","[""European Studies"", ""History"", ""International Studies""]",[],[],[],2014-09-01 04:21:55,2025-06-09 21:00:45,False
4762752,The Times [of London] Digital Archive (1785-2014),"The ""world's newspaper of record."" Searchable full text of historical issues - every headline, article, editorial, announcement, image, and advertisement.",,https://go.gale.com/ps/start.do?p=TTDA&u=ucsandiego&aty=ip,https://ucsd.libguides.com/londontimesarchive,Gale/Cengage Learning,"[""News & Newspapers""]","[""European Studies"", ""History"", ""International Studies""]",[],[],[],2014-09-01 04:18:55,2025-06-09 21:02:32,False
57652089,The Wire China,"A digital news magazine dedicated to understanding and explaining China’s economic rise and its influence on global business, finance, trade, labor and the environment. The weekly publication relies on a diverse, independent group of journalists and columnists stationed around the globe. It also includes columns, book recommendations and Q&A interviews.",,https://go.openathens.net/redirector/ucsd.edu?url=https%3A%2F%2Fwww.thewirechina.com%2F,https://ucsd.libguides.com/wirechina,,"[""News & Newspapers""]","[""Chinese Studies""]",[],[],[],2020-09-28 15:47:35,2025-06-06 21:25:57,False
21699045,Theatre in Context Collection,"O’Dell’s Annals of the New York Stage, the Oxford University Press Companion series, and Greenwood’s American Theatre Companies series are just a few of the many in-copyright sources included in the Theatre in Context Collection. Placed alongside thousands of playbills, posters, photographs, and related theatrical ephemera, users will be able to paint a more comprehensive picture of the life and evolution of dramatic works.",,https://go.openathens.net/redirector/ucsd.edu?url=https%3A%2F%2Fsearch.alexanderstreet.com%2Fticc,https://ucsd.libguides.com/ticc,Alexander Street Press,[],"[""Theater & Dance""]",[],[],[],2016-05-20 17:26:15,2025-06-06 21:27:39,False
19438459,Theatre in Video,"Hundreds of the world’s most important plays, documentaries, interviews, and instructional materials in more than 550 hours of streaming video. From celebrated productions of Shakespeare to rare, in-depth footage of the work of Samuel Beckett, the collection covers a wide range of 20th century theatre history.",,https://go.openathens.net/redirector/ucsd.edu?url=https%3A%2F%2Fvideo.alexanderstreet.com%2Fchannel%2Ftheatre-in-video,https://ucsd.libguides.com/theatreinvideo,Alexander Street Press,"[""Streaming Media""]","[""Theater & Dance""]",[],[],[],2016-02-09 22:53:30,2025-06-06 21:28:36,False
19423474,Thesaurus Linguae Graecae,"The Thesaurus Linguae Graecae digital library contains virtually all ancient Greek texts surviving from the period between Homer (8th century B.C.) and A.D. 600, and a large number of texts deriving from the period between A.D. 600 and 1453. **NOTE: New users will need to click “Register” in the upper right corner of the site and create a profile in order to access content. Once registered, you will need to use your login credentials each time you return to the site.",,https://go.openathens.net/redirector/ucsd.edu?url=https%3A%2F%2Fstephanus.tlg.uci.edu%2F,https://ucsd.libguides.com/graecae,,[],"[""Classical Studies"", ""European Studies""]",[],[],[],2016-02-09 18:06:31,2026-05-15 02:49:23,False
25598793,TRAC: Terrorism Research & Analysis Consortium,"TRAC provides detailed profiles of terrorist groups and vulnerable regions. Also includes articles on ideologies, targets, tactics, and current chatter. Note: you may need to click ""login"" to access. Subscribe to the TRAC Weekly Analyst Briefing emails or read past newsletters.",,https://go.openathens.net/redirector/ucsd.edu?url=https%3A%2F%2Fwww.trackingterrorism.org%2F,https://ucsd.libguides.com/trac,,"[""News & Newspapers""]","[""International Studies"", ""Political Science""]",[],[],"[""Terrorism Research & Analysis Consortium""]",2016-09-27 20:37:13,2026-04-27 20:12:42,False
77016526,"Travel Writing, Spectacle and World History","This resource brings together hundreds of accounts by women of their travels across the globe from the early nineteenth century to the late twentieth century. Students and researchers will find sources covering a variety of topics including architecture, art, the British Empire, climate, customs, exploration, family life, housing, industry, language, monuments, mountains, natural history, politics and diplomacy, race, religion, science, shopping and war.",,https://go.openathens.net/redirector/ucsd.edu?url=https%3A%2F%2Fwww.travelwriting.amdigital.co.uk%2F,https://ucsd.libguides.com/travelwriting,Adam Matthew Digital,"[""Primary Sources""]","[""History""]",[],[],[],2024-06-21 23:14:06,2025-06-06 22:04:52,False
22918206,Trip Pro,"TRIP (Turning Research Into Practice) has been online since 1997 and allows clinicians to search across various content types including primary and secondary research information, evidence-based synopses, Clinical Q&A, systematic reviews , U.S. and international guidelines, regulatory guidance, electronic textbooks, clinical calculators, medical images and videos, patient information leaflets, patient decision aids, controlled and ongoing clinical trials , blogs, and PubMed/Medline supplemented with UC-eLinks. Sign up for an account to customize the search engine.",,https://go.openathens.net/redirector/ucsd.edu?url=https%3A%2F%2Fwww.tripdatabase.com%2F,https://ucsd.libguides.com/trip,,[],"[""Medicine"", ""Nursing""]",[],[],[],2016-07-01 21:15:19,2026-04-22 15:38:12,False
21699195,"Twentieth Century Advice Literature: North American Guides on Race, Gender, Sex, and the Family","Contains fully searchable handbooks, manuals, textbooks, etiquette guides, self-help books, instructional pamphlets, and how-to books that illustrate both how Americans actually behaved and how they felt they ought to behave.",,https://go.openathens.net/redirector/ucsd.edu?url=https%3A%2F%2Fsearch.alexanderstreet.com%2Fadli,https://ucsd.libguides.com/advicelit,Alexander Street Press,[],"[""History"", ""Literature"", ""Sociology""]",[],[],[],2016-05-20 17:33:19,2025-11-03 19:47:36,False
78873407,Twentieth Century Drama,Features plays from both noted playwrights and lesser known dramatists from the last century from the English-speaking world.,,https://go.openathens.net/redirector/ucsd.edu?url=https%3A%2F%2Fwww.proquest.com%2F20drama%2Fadvanced%2Fliterature%2FfromDatabasesLayer%3Faccountid%3D14524,https://ucsd.libguides.com/twentiethdrama,ProQuest,[],"[""Literature"", ""Theater & Dance""]",[],[],"[""20th century drama""]",2024-11-08 18:11:01,2025-06-06 22:08:05,False
76818050,Twentieth Century North American Drama,"Contains more than 2,000 plays by hundreds of playwrights, and many of the plays are published here for the first time, including a number by major authors.",,https://go.openathens.net/redirector/ucsd.edu?url=https%3A%2F%2Fsearch.alexanderstreet.com%2Fnadr,https://ucsd.libguides.com/northamerdrama,Alexander Street Press,[],"[""Literature"", ""Theater & Dance""]",[],[],[],2024-06-04 17:56:48,2025-06-06 22:15:56,False
5546610,U.S. Congressional Serial Set,"Reports, Documents, and Journals of the U.S. Senate and House of Representatives. (1817-1980)",,https://go.openathens.net/redirector/ucsd.edu?url=https%3A%2F%2Finfoweb.newsbank.com%2Fapps%2Freadex%2Fwelcome%3Fp%3DSERIAL,https://ucsd.libguides.com/congressserials,Readex,[],"[""Government Information"", ""History"", ""Law"", ""Political Science"", ""United States History""]","[{""name"": ""Government Information"", ""rank"": 1}]",[],[],2014-10-12 05:13:38,2025-06-06 22:16:51,False
3168895,U.S. Declassified Documents Online,"Full text of documents from various government agencies: the White House, the CIA, the FBI, the State Department and others, declassified by the U.S. government, and obtained from Presidential Libraries.",,https://go.gale.com/ps/start.do?p=USDD&u=ucsandiego&aty=ip,https://ucsd.libguides.com/declassified,Gale/Cengage Learning,[],"[""Political Science"", ""United States History""]",[],[],[],2010-10-19 22:35:33,2026-05-15 15:14:19,False
4843689,UC San Diego Library Digital Collections,"The UC San Diego Library Digital Collections website currently features more than 50,000 digital objects, including documents, photographs, audio, video, and data sets. Digitized primary sources from the libraries collections cover topics such as art, film, music, history and anthropology. In addition, UCSD Research Data Collections contain research data generated by campus researchers and supported by the Research Data Curation Program.",,http://library.ucsd.edu/dc,,,"[""Primary Sources""]",[],[],[],[],2014-09-04 23:42:44,2026-04-27 20:13:32,False
26408043,UCLA Anderson Forecast,"This long-standing quarterly publication forecasts U.S. and California economies, that strives to be unbiased in its approach. Online back to 2011, and in print back to 1997 . Partner publications from this site include: Allen Matkins’ California Commercial Real Estate Survey (which covers San Diego and the rest of the large metro areas of California) City Human Capital Index (which covers Los Angeles, the Bay Area and zip codes in California), Los Angeles City Monthly Employment Estimate .",,https://go.openathens.net/redirector/ucsd.edu?url=http%3A%2F%2Fwww.anderson.ucla.edu%2Fcenters%2Fucla-anderson-forecast%2Fmembership%2Flibrary-forecast-access,https://ucsd.libguides.com/anderson,,"[""Datasets & Statistics""]","[""Business"", ""Economics"", ""Urban Studies & Planning""]",[],[],[],2016-10-27 17:55:36,2026-05-15 15:11:11,False
3169087,UDNData 聯合知識庫,"Published by the United Daily News Group in Taiwan; includes five major Chinese language newspapers -- United Daily News, Min Sheng Daily, United Evening News, Economic Daily News, and Star News.",,https://go.openathens.net/redirector/ucsd.edu?url=https%3A%2F%2Fudndata.com%2Fndapp%2Fudntag%2FIndex%23fm,https://ucsd.libguides.com/udn,,"[""News & Newspapers""]","[""Chinese Studies""]","[{""name"": ""Chinese Studies"", ""rank"": 1}]",[],[],2014-06-23 21:39:18,2025-06-06 22:25:14,False
19423639,Ulrich's Periodicals Directory (Ulrichsweb.com),"Profiles nearly a quarter of a million consumer and trade magazines, academic and scholarly publications, monographic series, newsletters, newspapers, electronic publications, 'zines, and many other types of serial publications on all subjects. VPN required for off-campus access .",,http://www.ulrichsweb.com/ulrichsweb/,https://ucsd.libguides.com/ulrichs,,[],[],[],"[""VPN Required Off Campus""]","[""Ulrichsweb""]",2016-02-09 18:12:52,2026-08-25 18:01:54,False
3168947,Underground and Independent Comics,"Underground and Independent Comics, Comix, and Graphic Novels is a scholarly, primary source database focusing on adult comic books and graphic novels.",,https://go.openathens.net/redirector/ucsd.edu?url=https%3A%2F%2Fsearch.alexanderstreet.com%2Fcomx,https://ucsd.libguides.com/comics,Alexander Street Press,[],"[""Literature"", ""Visual Arts""]","[{""name"": ""Literature"", ""rank"": 1}]",[],[],2013-02-26 23:51:56,2025-06-06 22:28:11,False
85145384,United States Pharmacopeia-National Formulary (USP-NF),"Register at USP with your ucsd.edu email address . More than 5,000 quality standards for medicines, active pharmaceutical ingredients, and excipients (inactive ingredients). Includes General Chapters that provide broadly applicable information to industry on accepted processes, tests, and methods to support product development and manufacturing, and Monographs that articulate the quality expectations for a medicine or dietary supplement and describe the tests to validate that it meets those criteria (identity, strength, purity, performance). Access for UC San Diego faculty, staff, and students is provided through the USP Academic Connection program.",,https://online.uspnf.com/uspnf,https://ucsd.libguides.com/uspnf,,[],"[""Medicine"", ""Pharmacy & Pharmacology""]","[{""name"": ""Pharmacy & Pharmacology"", ""rank"": 2}]","[""Registration Required""]",[],2026-06-02 21:52:32,2026-06-03 20:53:41,False
16762705,Uniworld Online,"These comprehensive listings of multinational companies are great for company research and for identifying possible primary sources for competitive intelligence, and prospects for internships or jobs. Originally named Directory of American Firms Operating in Foreign Countries and Directory of Foreign Firms Operating in the United States, they may be searched by country, region, state, zip/postal code, industry, etc.",,https://go.openathens.net/redirector/ucsd.edu?url=https%3A%2F%2Funiworldonline.com%2Fsearch%2F,https://ucsd.libguides.com/uniworld,"Uniworld Business Publications, Inc.","[""Directories""]","[""Business"", ""International Studies""]",[],[],[],2015-10-19 18:13:18,2025-07-01 17:20:18,False
3168964,UpToDate,"This resource is brought to you by UCSD Health (VPN required for off-campus access). UpToDate is a full-text clinical information resource that contains more than 6,000 topics focused on what clinicians need to know.",,http://www.uptodate.com/contents/search,https://ucsd.libguides.com/uptodate,Wolters Kluwer,[],"[""Medicine"", ""Pharmacy & Pharmacology""]","[{""name"": ""Medicine"", ""rank"": 1}]","[""VPN Required Off Campus""]",[],2013-12-12 01:21:18,2026-08-25 18:02:34,False
3169033,Urban Studies Abstracts,Index for all aspects of Urban Studies from 1973 to the present. Includes abstracts and many full-text links. Formerly Sage Urban Studies Abstracts.,,https://research.ebsco.com/c/xuxb7f/search/advanced/filters?db=23h,https://ucsd.libguides.com/urbanstudiesabstracts,EBSCO,[],"[""Urban Studies & Planning""]","[{""name"": ""Urban Studies & Planning"", ""rank"": 1}]",[],[],2014-06-20 04:01:42,2025-06-16 19:07:28,False
19423988,Vanderbilt Television News Archive,"1968-present. Browse or search summaries of evening network news programs for ABC, CBS and NBC from 1968, CNN from 1995, Fox News from 2004. Streaming video for CNN and NBC only. The world's most extensive and complete archive of television news. From the videotape archives maintained by Vanderbilt University. VPN required for off-campus access.",,https://tvnews.vanderbilt.edu/,https://ucsd.libguides.com/vanderbilttv,,"[""News & Newspapers"", ""Streaming Media""]","[""Communication"", ""Sociology"", ""United States History""]",[],"[""VPN Required Off Campus""]",[],2016-02-09 18:25:45,2026-01-27 16:56:11,False
33026897,Vault,"Register with your UCSD email address. This resource offers company profiles, rankings, and industry and profession profiles. Find career advice using the career guides, résumé templates, and sample cover letters. Search for jobs and internships, and find graduate programs.",,https://ucsd.vault.com/,,,"[""Directories"", ""E-Books""]","[""Accounting & Taxation"", ""Business"", ""Economics""]","[{""name"": ""Accounting & Taxation"", ""rank"": 1}, {""name"": ""Business"", ""rank"": 1}]","[""Registration Required""]","[""Vault.com""]",2017-06-15 21:57:41,2026-04-14 00:30:38,False
57131387,Very Short Introductions (Oxford University Press),"Concise, balanced introductions to topics, written by experts in the field who combine facts, analysis, new ideas, and enthusiasm to make challenging topics highly readable. Covers all subjects: arts/humanities, social sciences, medicine, science/mathematics, and law. Includes all of the titles from 2000-2020.",,https://go.openathens.net/redirector/ucsd.edu?url=https%3A%2F%2Fwww.veryshortintroductions.com%2F,https://ucsd.libguides.com/veryshort,Oxford University Press,"[""E-Books""]","[""Arts & Humanities"", ""Law"", ""Social Sciences""]",[],[],[],2020-09-04 18:40:41,2025-10-22 18:40:30,False
77055662,Victorian Popular Culture,"Victorian Popular Culture invites users into the darkened halls, small backrooms, big tops and traveling venues that hosted everything from spectacular shows and bawdy burlesque, to the world of magic, spiritualist séances, optical entertainments, and the first moving pictures.","Includes: Spiritualism, Sensation and Magic Circuses, Sideshows and Freaks Music Hall, Theatre and Popular Entertainment Moving Pictures, Optical Entertainments and the Advent of Cinema",https://go.openathens.net/redirector/ucsd.edu?url=https%3A%2F%2Fwww.victorianpopularculture.amdigital.co.uk%2F,https://ucsd.libguides.com/victorian,Adam Matthew Digital,"[""Primary Sources""]","[""European Studies"", ""History""]",[],[],[],2024-06-25 18:33:37,2026-04-27 20:14:54,False
73489555,Victorians on Film,"Showcasing the British Film Institute’s Victorian Film Collection and the Mitchell and Kenyon Collection, Victorians on Film provides a glimpse into the lives of the late Victorians and Edwardians captured by some of Britain’s earliest film pioneers and innovators.",,https://go.openathens.net/redirector/ucsd.edu?url=https%3A%2F%2Fwww.victoriansonfilm.amdigital.co.uk,https://ucsd.libguides.com/victorianfilm,Adam Matthew Digital,"[""Streaming Media""]","[""European Studies"", ""History"", ""Visual Arts""]",[],[],[],2023-09-14 21:58:37,2025-06-06 22:37:35,False
47201928,ViDAL Vademecum,"Includes PDR-like resources that contain information on drugs from Latin America, including Mexico. UCSD has access to the drug resources for Spain, Mexico, Chile, Latin America, France, and Germany. These databases are in the original language of each country. Use the Consult database to search over 40 countries and to also get a generic record for a specific drug in English language.",,https://go.openathens.net/redirector/ucsd.edu?url=https%3A%2F%2Fvademecum.vidal-consult.com%2Fhome,https://ucsd.libguides.com/vidal,,[],"[""Medicine"", ""Pharmacy & Pharmacology""]",[],[],[],2019-02-28 18:50:31,2025-06-06 22:39:30,False
77016534,Virginia Company Archives,"This resource provides a comprehensive record of the history of the Virginia Company of London, 1606-1624. Centred upon the archives of the Ferrar family who played a significant role in the Company's administration, this resource documents the founding and economic development of the Virginia colony, relations between colonists and indigenous peoples, and early trade between Britain and America. It is also a crucial source for London's economic history and the religious and social history of early modern England, with further content documenting the Ferrars' continued interest in the European colonisation of North America in the years after 1624.",,https://go.openathens.net/redirector/ucsd.edu?url=https%3A%2F%2Fwww.virginiacompanyarchives.amdigital.co.uk%2F,https://ucsd.libguides.com/virginiaco,Adam Matthew Digital,"[""Primary Sources""]","[""United States History""]",[],[],[],2024-06-21 23:17:25,2025-06-06 22:40:49,False
19424016,Visual History Archive (VHA),"USC Shoah Foundation's Visual History Archive allows users to search through and view more than 54,000 video testimonies of survivors and witnesses of genocide. Initially a repository of Holocaust testimony, the Visual History Archive has expanded to include testimonies from the Armenian Genocide that coincided with World War I, the 1937 Nanjing Massacre in China, the Cambodian Genocide of 1975-1979, the Guatemalan Genocide of 1978-1983, the 1994 Genocide against the Tutsi in Rwanda, and the ongoing conflicts in the Central African Republic and South Sudan, and anti-Rohingya mass violence. It also includes testimonies about contemporary acts of violence against Jews. . Individual Registration required.",,https://go.openathens.net/redirector/ucsd.edu?url=http%3A%2F%2Fvha.usc.edu%2F,https://ucsd.libguides.com/vha,,[],"[""European Studies"", ""Jewish Studies""]","[{""name"": ""Jewish Studies"", ""rank"": 1}]",[],[],2016-02-09 18:26:45,2026-04-22 15:49:55,False
5495386,Vogue Archive,"Contains the entire run of Vogue magazine (US edition), from the first issue in 1892 to the current month, reproduced in high-resolution color page images. Every page, advertisement, cover, and fold-out has been included, with rich indexing enabling you to find images by garment type, designer, and brand names.",,https://go.openathens.net/redirector/ucsd.edu?url=https%3A%2F%2Fwww.proquest.com%2Fvogue%2Fadvanced%3Faccountid%3D14524,https://ucsd.libguides.com/vogue,ProQuest,"[""Primary Sources""]","[""Communication"", ""History"", ""Theater & Dance""]",[],[],[],2014-10-08 19:43:29,2025-06-06 22:45:44,False
68464263,VoxGov,"Includes a broad range of official and ephemeral information resources issued by federal agencies, individual officials and candidates, and other organizations from all branches of the U.S. Federal Government, and links that content to publicly accessible government documentation. Includes social media, official media releases, legislation, regulations, and a variety of government documents from Congress and the Executive branches. Textual data can be visualized in word clouds, tree maps, bubble graphs, and terms view graphs. Users who sign up for an account and agree to additional terms of service can download a small number of full documents; researchers and students with non-commercial, academic projects can apply with VoxGov for additional bulk data download credentials.",,https://go.openathens.net/redirector/ucsd.edu?url=https%3A%2F%2Feducation.voxgov.com%2F,https://ucsd.libguides.com/voxgov,,"[""Datasets & Statistics"", ""News & Newspapers"", ""Primary Sources"", ""Text & Data Mining (TDM)""]","[""Government Information"", ""Law"", ""Political Science""]","[{""name"": ""Government Information"", ""rank"": 1}, {""name"": ""Law"", ""rank"": 3}]",[],[],2022-09-07 20:35:11,2025-06-06 22:47:09,False
78873435,W.B. Yeats Collection,"Contains the major work of W.B. Yeats in all genres, including poetry, plays, criticism, and fiction, collected in 22 volumes.",,https://go.openathens.net/redirector/ucsd.edu?url=https%3A%2F%2Fwww.proquest.com%2Fyeatscollection%2Fadvanced%2Fliterature%2FfromDatabasesLayer%3Faccountid%3D14524,https://ucsd.libguides.com/yeats,ProQuest,[],"[""Literature""]",[],[],[],2024-11-08 18:12:22,2025-06-06 22:48:56,False
3169055,Wall Street Journal (ProQuest) (1984-present),"Includes coverage of WSJ Eastern Edition, 1984-present; WSJ Online, 2010-present; and WSJ: The Magazine, 2011-present. This PQ version has a powerful and precise search engine for finding specific items or topics.",,https://go.openathens.net/redirector/ucsd.edu?url=https%3A%2F%2Fwww.proquest.com%2Fwallstreetjournal%2Fadvanced%3Faccountid%3D14524,https://ucsd.libguides.com/wsj,ProQuest,"[""News & Newspapers""]","[""Accounting & Taxation"", ""Business"", ""Communication"", ""Economics"", ""International Studies"", ""Market Research"", ""Political Science"", ""United States History""]",[],[],[],2014-06-21 10:52:42,2025-06-09 21:08:18,False
61928939,Wall Street Journal (university membership site license),"Registration required . Students, faculty, and staff may create a free personal account for print and web content from The Wall Street Journal. Includes WSJ app access and contains 4 years of articles coverage. Membership program sponsored by UC San Diego Library.",,https://ucsd.libguides.com/newspapers/wsj,,,"[""News & Newspapers""]","[""Business"", ""Economics""]","[{""name"": ""Business"", ""rank"": 1}]","[""Registration Required""]","[""WSJ.com""]",2021-06-16 03:52:00,2026-04-14 00:32:17,False
19424050,Wall Street Journal Historical (1889-2013),Search and browse full text and display images of both articles and complete newspaper pages. Via Proquest.,,https://go.openathens.net/redirector/ucsd.edu?url=https%3A%2F%2Fwww.proquest.com%2Fhnpwallstreetjournal%2Fadvanced%3Faccountid%3D14524,https://ucsd.libguides.com/wsjhist,ProQuest,"[""News & Newspapers""]","[""Business"", ""Communication"", ""United States History""]",[],[],"[""ProQuest historical""]",2016-02-09 18:28:03,2026-08-25 17:06:44,False
3169072,Wanfang Data 万方数据,"Provides access to five databases COJ, China Online Journals DOC, Dissertations of China ACIC, Academic Conferences in China PLOC, Policies and Laws of China CECDB, Chinese Companies and Products",,https://go.openathens.net/redirector/ucsd.edu?url=https%3A%2F%2Fwww.wanfangdata.com.cn%2F,https://ucsd.libguides.com/wanfang,,[],"[""Chinese Studies""]",[],[],[],2014-06-23 21:28:14,2025-06-06 23:15:26,False
58790014,Washington Post (1877-present),Custom combined full-runs search of three ProQuest versions of Washington Post.,,https://go.openathens.net/redirector/ucsd.edu?url=https%3A%2F%2Fwww.proquest.com%2F%3Faccountid%3D14524%26selectids%3D1006359%2C1005922,https://ucsd.libguides.com/wapocombo,ProQuest,"[""News & Newspapers""]","[""United States History""]",[],[],[],2020-11-29 17:07:59,2026-01-07 00:37:57,False
48892032,Washington Post (1988-present),"An American daily newspaper published in Washington, D.C. It is a key source of news on the U.S. Congress, White House, Supreme Court, and national politics.",,https://go.openathens.net/redirector/ucsd.edu?url=https%3A%2F%2Fwww.proquest.com%2Fwashingtonpost%2Fadvanced%3Faccountid%3D14524,https://ucsd.libguides.com/wapo,ProQuest,"[""News & Newspapers""]","[""Political Science""]",[],[],[],2019-07-01 23:08:27,2025-06-06 23:24:03,False
7927305,Washington Post Historical (1877-1994),Search and browse full text and display images of both articles and complete newspaper.,,https://go.openathens.net/redirector/ucsd.edu?url=https%3A%2F%2Fwww.proquest.com%2Fhnpwashingtonpost%2Fadvanced%2F,https://ucsd.libguides.com/wapohistorical,ProQuest,"[""News & Newspapers""]","[""International Studies"", ""Political Science""]",[],[],[],2015-01-13 17:34:39,2025-06-09 21:12:16,False
3168976,Web of Science,"Indexes over 18,000 journals in all subjects (coverage back to 1900 for science and social science journals), as well as 80,000 books and more than 180K conference proceedings. Includes the popular ""cited reference search"" to identify papers which have cited a previously published work or author. Can also sort by ""times cited"" and find related articles based on commonly cited works.",,https://go.openathens.net/redirector/ucsd.edu?url=https%3A%2F%2Fwww.webofscience.com%2Fwos%2Fwoscc%2Fbasic-search,https://ucsd.libguides.com/webofscience,Clarivate,"[""Book & Film Reviews"", ""Multidisciplinary""]","[""Aerospace Engineering"", ""Astronomy & Astrophysics"", ""Biochemistry"", ""Bioengineering"", ""Biological Sciences"", ""Biomedical Informatics"", ""Business"", ""Chemical Engineering"", ""Chemistry"", ""Climate & Atmospheric Sciences"", ""Computer Science"", ""Economics"", ""Electrical Engineering"", ""Geology & Geosciences"", ""International Studies"", ""Marine Sciences"", ""Materials Science"", ""Mathematics & Statistics"", ""Mechanical Engineering"", ""Medicine"", ""NanoEngineering"", ""Neurosciences"", ""Nursing"", ""Oceanography"", ""Pacific Island Studies"", ""Pharmacy & Pharmacology"", ""Physics"", ""Political Science"", ""Public Health"", ""Structural Engineering""]","[{""name"": ""Aerospace Engineering"", ""rank"": 3}, {""name"": ""Astronomy & Astrophysics"", ""rank"": 1}, {""name"": ""Biochemistry"", ""rank"": 1}, {""name"": ""Bioengineering"", ""rank"": 4}, {""name"": ""Biological Sciences"", ""rank"": 1}, {""name"": ""Biomedical Informatics"", ""rank"": 1}, {""name"": ""Chemical Engineering"", ""rank"": 1}, {""name"": ""Chemistry"", ""rank"": 1}, {""name"": ""Climate & Atmospheric Sciences"", ""rank"": 2}, {""name"": ""Computer Science"", ""rank"": 1}, {""name"": ""Electrical Engineering"", ""rank"": 1}, {""name"": ""Geology & Geosciences"", ""rank"": 2}, {""name"": ""Marine Sciences"", ""rank"": 2}, {""name"": ""Materials Science"", ""rank"": 1}, {""name"": ""Mathematics & Statistics"", ""rank"": 1}, {""name"": ""Mechanical Engineering"", ""rank"": 4}, {""name"": ""NanoEngineering"", ""rank"": 1}, {""name"": ""Neurosciences"", ""rank"": 1}, {""name"": ""Oceanography"", ""rank"": 3}, {""name"": ""Pacific Island Studies"", ""rank"": 3}, {""name"": ""Physics"", ""rank"": 1}, {""name"": ""Public Health"", ""rank"": 4}, {""name"": ""Structural Engineering"", ""rank"": 3}]",[],"[""Science Citation Index"", "" Arts and Humanities Citation Index"", "" Social Sciences Citation Index""]",2013-12-12 01:30:43,2026-09-15 19:11:18,False
5528324,Wharton Research Data Services (WRDS),"WRDS provides access to selected datasets in the fields of finance, accounting, banking, economics, management, marketing, public policy and public health statistics. ACCESS: UC San Diego faculty, staff and students first must sign up for a WRDS account by using the Register link on the landing page. LIMITATIONS: Masters & Undergraduate students do not have access during summer or quarter breaks. UC San Diego affiliates without AD network accounts are ineligible for WRDS accounts (most Extension students are in this category). In those cases, Mergent Market Atlas is your recommended alternative.","Currently includes (as of 9/14/2021): Bank Regulatory Database Blockholders Database CBOE (Chicago Board Options Exchange) S&P Compustat Bank Compustat Bank - daily updates S&P Compustat Global Compustat Global - daily updates Compustat Legacy - Global S&P Compustat North America - annual update (current + historical data) Compustat North America - daily updates (current + historical data) Compustat Legacy - North America S&P Compustat North America - monthly update (current + historical data) S&P Compustat Historical Segments Compustat Historical Segments - daily updates Contributed Data - Characteristic Returns Contributed Data Contributed Database: Intangible Value KPSS Technological Innovation Contributed Database: LIVA CRSP/Compustat Merged (Annual) CRSP Indexes (Annual) CRSP Stock (Annual) CRSP Treasuries (Annual) CRSP Index History Intraday (Quarterly) Dow Jones Averages & Total Return Indexes Direct Marketing Educational Foundation SEC Disclosure of Order Execution Statistics Fama-French portfolios and factors Federal Judicial Center Linking Federal Judicial Center Litigation Federal Reserve Board Foreign Exchange Rates, Interest Rates, and State Composite Indexes Macro Finance Society MSRB - Municipal Securities Transaction Data OTC Markets End-of-Day Pricing Philadelphia Stock Exchange Currency Options and Implied Volatility Publicly Available Data The Penn World Tables Database Research Quotient (provided to all academics with a Compustat subscription) NYSE Trades & Quotes 1993 NYSE Trades & Quotes 1994 NYSE Trades & Quotes 1995 NYSE Trades & Quotes 1996 NYSE Trades & Quotes 2014 NYSE Trades & Quotes - Exists for FK constraint NYSE Trades and Quotes - for website use NYSE Millisecond Trades & Quotes 2014 NYSE Millisecond Trades & Quotes 2015 NYSE Millisecond Trades & Quotes 2016 NYSE Millisecond Trades & Quotes 2017 NYSE Short Sales 2005 NYSE Short Sales 2006 NYSE Short Sales 2007 Total q by Luke Taylor FINRA TRACE Enhanced FINRA TRACE corporate bond trades WRDS Research Applications WRDS Backtest Basic WRDS Beta Suite WRDS Efficient Frontier WRDS EU Short Sales Event Study Intl using Compustat Event Study Intraday Event Study Long Run Event Study US WRDS Financial Ratios (base) WRDS Financial Ratios with CCM Linking Suite: Bond - CRSP Linking Suite: TAQ Monthly - CRSP Linking Suite: TAQ Daily - CRSP Linking Suite: Supply Chain WRDS Patent Database WRDS SAS Visual Analytics WRDS Company Subsidiaries WRDS World Indices MIDAS",https://wrds-www.wharton.upenn.edu/,https://ucsd.libguides.com/wrds,,"[""Datasets & Statistics""]","[""Accounting & Taxation"", ""Business"", ""Economics""]","[{""name"": ""Accounting & Taxation"", ""rank"": 1}, {""name"": ""Business"", ""rank"": 1}, {""name"": ""Economics"", ""rank"": 1}]","[""Registration Required""]","[""WRDS""]",2014-10-10 04:40:16,2026-08-16 22:11:39,False
64030318,What Everyone Needs to Know,"Written by leading authorities in their given fields, each volume in the series offers a balanced and authoritative primer on complex current event issues and countries.",,https://go.openathens.net/redirector/ucsd.edu?url=https%3A%2F%2Fwhateveryoneneedstoknow.com%2F,https://ucsd.libguides.com/whateveryone,Oxford University Press,"[""E-Books"", ""Multidisciplinary""]","[""Arts & Humanities"", ""Law"", ""Social Sciences""]",[],[],[],2021-10-26 20:48:49,2025-10-22 18:40:49,False
19424070,WhoPlus,"To access WhoPlus, please go to MagazinePlus and click “データベース検索” button at the top right corner to select WhoPlus. As a database of bio-bibliography of prominent figures active in Japan, WhoPlus contains biographical information on 330,000 people and e-version of several biographical reference dictionaries covering 280,000 people, including Jinbutsu refarensu jiten 人物レファレンス事典, Umi o koeta Nihon jinmei jiten 海を越えた日本人名事典, Jiten kindai Nihon no senkusha 事典近代日本の先駆者, Tsuitō kiji sakuin 追悼記事索引1991-2005, Bijutsu sakuhin refarensu jiten: jinbutsu, shōzōga hen美術作品レファレンス事典:人物・肖像篇, Shashin refarensu jiten: jinbutsu, shōzōga hen写真レファレンス事典人物・肖像篇.",,https://go.openathens.net/redirector/ucsd.edu?url=https%3A%2F%2Fweb.nichigai.jp%2Fnos%2Fnweb%2Fmenu%2F%3Fuser_id%3DUCB%26lang%3D0,https://ucsd.libguides.com/whoplus,,[],"[""Japanese Studies""]",[],[],[],2016-02-09 18:29:04,2025-06-10 21:13:53,False
30905755,Wiley Online Library,"Full-text searching across the ebooks, journals, and major reference works published by Wiley. Note: Ebook coverage includes 2013-2025, with selected titles acquired before 2012, and 2026 forward.",,https://go.openathens.net/redirector/ucsd.edu?url=http%3A%2F%2Fonlinelibrary.wiley.com%2F,https://ucsd.libguides.com/wileyonline,Wiley,"[""E-Books""]","[""Business"", ""Economics""]",[],[],[],2017-04-06 16:20:19,2026-02-23 00:09:02,False
3169088,Wisenews 慧科新聞,"Newspapers and other media sources from China, Hong Kong, Taiwan, and other regions",,https://go.openathens.net/redirector/ucsd.edu?url=http%3A%2F%2Fwisesearch6.wisers.net%2F%3Fgid%3Duca%26user%3Dipaccess,https://ucsd.libguides.com/wisenews,,"[""News & Newspapers""]","[""Chinese Studies""]","[{""name"": ""Chinese Studies"", ""rank"": 1}]",[],[],2014-06-23 21:39:39,2025-06-10 21:16:57,False
36721004,Women and Social Movements in Modern Empires Since 1820,"With a clear focus on bringing the voices of the colonized to the forefront, this archive and database includes documents related to the Hapsburg Empire, the Ottoman Empire, the British, French, Italian, Dutch, Russian, Japanese, and United States empires, and settler societies in the United States, New Zealand, and Australia. A large section focuses on the voices of Native Women in North America.",,https://go.openathens.net/redirector/ucsd.edu?url=http%3A%2F%2Fsearch.alexanderstreet.com%2Fwasg,https://ucsd.libguides.com/wasg,Alexander Street Press,[],"[""Critical Gender Studies"", ""History"", ""Literature"", ""United States History""]","[{""name"": ""Literature"", ""rank"": 1}]",[],"[""WASM""]",2017-10-18 23:35:07,2026-02-25 23:03:39,False
3169035,Women and Social Movements in the United States Since 1600,"Database of digitized books, images, documents, essays and bibiographies documenting women's reform activities in the U.S., mostly from the 19th and 20th centuries.",,https://go.openathens.net/redirector/ucsd.edu?url=https%3A%2F%2Fsearch.alexanderstreet.com%2Fwass,https://ucsd.libguides.com/wass,Alexander Street Press,[],"[""Critical Gender Studies"", ""Literature"", ""Sociology"", ""United States History""]","[{""name"": ""Literature"", ""rank"": 1}]",[],"[""WASM""]",2014-06-20 04:01:42,2025-11-03 19:47:36,False
24651791,"Women and Social Movements, International: 1840 to present","Through the writings of women activists, their personal letters and diaries, and the proceedings of conferences at which pivotal decisions were made, this collection lets you see how women’s social movements shaped much of the events and attitudes that have defined modern life.",,https://go.openathens.net/redirector/ucsd.edu?url=https%3A%2F%2Fsearch.alexanderstreet.com%2Fwasi,https://ucsd.libguides.com/wasi,Alexander Street Press,"[""Primary Sources""]","[""Critical Gender Studies"", ""History""]",[],[],"[""wasm""]",2016-08-25 16:48:49,2026-02-25 23:04:16,False
76406643,"Women and Social Movements: Development and the Global South, 1919–2019","Through the collection of documents that reflect the evolution of transnational feminism, Women and Social Movements, Development in the Global South, 1919-2019 (WASD) highlights individual efforts, organizational initiatives, and socio-cultural projects led by or for women. The database reflects upon how women have negotiated power and status regarding private or public programs centered on economic and social rights and greater inclusion. In doing so, it highlights the historical problem of women’s invisibility within mainstream international development programs, foreign aid regimes, and approaches to technical assistance.",,https://go.openathens.net/redirector/ucsd.edu?url=https%3A%2F%2Fsearch.alexanderstreet.com%2Fwasd,https://ucsd.libguides.com/wasd,Alexander Street Press,"[""Primary Sources""]","[""Critical Gender Studies"", ""International Studies""]",[],[],"[""WASM""]",2024-04-30 22:09:23,2025-06-10 21:22:09,False
77016604,Women in the National Archives,"This collection consists of two distinct elements: • Original documents pertaining to the question of suffrage in Britain, the Empire and colonial territories • A finding aid to augment searchability of women's studies resources in The National Archives (TNA)",,https://go.openathens.net/redirector/ucsd.edu?url=https%3A%2F%2Fwww.womeninthenationalarchives.amdigital.co.uk%2F,https://ucsd.libguides.com/womennatlarchives,Adam Matthew Digital,"[""Primary Sources""]","[""Critical Gender Studies"", ""History""]",[],[],[],2024-06-21 23:46:52,2025-06-10 21:23:31,False
35542796,Women's Magazine Archive,"A searchable archive of leading women's interest magazines, dating from the 19th century through to the 21st. Subject coverage includes consumer culture, economics/marketing, family life, fashion, gender studies, health and fitness, home/interior design, popular culture, and social history.",,https://go.openathens.net/redirector/ucsd.edu?url=https%3A%2F%2Fsearch.proquest.com%2Fwma%3Faccountid%3D14524,https://ucsd.libguides.com/womensmag,ProQuest,"[""Primary Sources""]","[""Critical Gender Studies"", ""History""]",[],[],[],2017-09-06 23:08:46,2026-02-25 23:05:34,False
77254960,Women's Studies Archive,"This resource includes collections concerning women's history from across the globe and from a wide range of sources. Focusing on the evolution of feminism throughout the nineteenth and twentieth centuries, the archive provides materials on women's political activism, such as suffrage, birth control, pacifism, civil rights, and socialism, and on women's voices, from female-authored literature to women's periodicals. Includes the following modules: Female Forerunners Worldwide Issues and Identities Rare Titles from the American Antiquarian Society, 1820-1922 Voice and Vision",,https://go.gale.com/ps/start.do?p=WMNS&u=ucsandiego&aty=ip,https://ucsd.libguides.com/womens,Gale/Cengage Learning,"[""Primary Sources""]","[""Critical Gender Studies"", ""History"", ""United States History""]",[],[],[],2024-07-12 19:36:16,2026-05-15 15:17:35,False
61701133,"Workers, Labor Unions, Progressives, and Radicals","A wide range of collections documenting the American workers and labor unions in the 20th century, with a special emphasis on the interaction between workers and the U.S. federal government.",,https://go.openathens.net/redirector/ucsd.edu?url=https%3A%2F%2Fwww.proquest.com%2Fhvworkers%3Faccountid%3D14524,https://ucsd.libguides.com/workers,ProQuest,"[""Primary Sources""]","[""Business"", ""History""]",[],[],[],2021-05-29 02:15:19,2025-06-10 21:36:57,False
16164647,World History in Video,"Online collection of streaming video, critically acclaimed documentaries from filmmakers worldwide. Upon completion the collection will include more than 1750 documentaries that offer a survey of human history from the earliest civilizations to the fall of the Berlin Wall. World history in video covers Africa and the Americas, Asia, Europe, the Middle East, and Oceania.",,https://go.openathens.net/redirector/ucsd.edu?url=https%3A%2F%2Fvideo.alexanderstreet.com%2Fchannel%2Fworld-history-in-video,https://ucsd.libguides.com/worldhistvideo,Alexander Street Press,"[""Streaming Media""]","[""European Studies"", ""History"", ""International Studies""]","[{""name"": ""European Studies"", ""rank"": 2}]",[],[],2015-09-23 23:51:26,2025-06-10 21:28:02,False
4762748,World News Connection,"1995-2013. Successor to FBIS: Translations and summaries by U.S. government of international magazine, newspaper, and newswire stories, transcripts from speeches and radio and television broadcasts, and nonclassified technical reports. World News Connection started in 1995 by providing access to open-source materials from around the world – selected and methodically translated into English by analysts from the U.S. Government’s domestic and overseas bureaus. Daily updates were sourced from newspaper articles, television and radio broadcasts, online sources, conference proceedings, periodicals, and non-classified reports, and offered timely coverage of the latest socioeconomic, political, scientific, technical, and environmental issues and events. Ultimately World News Connection grew to include over 500 news sources from over 130 countries. These daily updates were discontinued after December 31, 2013, but researchers can still access East View’s World New Connection Archive, which contains over 1 million foreign newspaper articles, broadcast transcripts and datelines from Beijing, Beirut, Bogota, Cairo, Jakarta, Iraq, Mogadishu, Qatar, Ramallah, Sarajevo, Vienna, and hundreds of other locations around the world.",,https://go.openathens.net/redirector/ucsd.edu?url=https%3A%2F%2Fwnc.eastview.com%2F,https://ucsd.libguides.com/wnc,East View,"[""News & Newspapers"", ""Primary Sources""]","[""Chinese Studies"", ""European Studies"", ""History"", ""International Studies"", ""Latin American Studies"", ""Political Science""]","[{""name"": ""European Studies"", ""rank"": 1}]",[],[],2014-09-01 04:16:01,2025-10-01 19:51:43,False
19424142,World Newsreels Online: 1929-1966,"A collection of streaming videos that features full runs of many of the key international newsreels produced during the first half of the twentieth century. The collection is semantically indexed, allowing users to search by subject, year, historical era, historical event, people, and places 546 English, French or Japanese with English transcripts.",,https://go.openathens.net/redirector/ucsd.edu?url=http%3A%2F%2Fwnrv.alexanderstreet.com%2F,https://ucsd.libguides.com/worldnewsreels,Alexander Street Press,"[""News & Newspapers"", ""Streaming Media""]","[""European Studies"", ""History"", ""International Studies"", ""Sociology""]",[],[],[],2016-02-09 18:32:02,2025-06-10 21:39:41,False
77016543,World's Fairs: A Global History of Expositions,"Explore the phenomenon of world's fairs from the Crystal Palace in 1851 and the proliferation of North American exhibitions, to fairs around the world and twenty-first century expos. Through official records, monographs, publicity, artwork and artifacts, this resource brings together multiple archives for rich research opportunities in this diverse topic.",,https://go.openathens.net/redirector/ucsd.edu?url=https%3A%2F%2Fwww.worldsfairs.amdigital.co.uk%2F,https://ucsd.libguides.com/worldsfairs,Adam Matthew Digital,"[""Primary Sources""]","[""History""]",[],[],[],2024-06-21 23:20:05,2025-06-10 21:41:39,False
19911693,WorldCat Dissertations and Theses,"This database provides fast and convenient access to the dissertations and theses available in OCLC member libraries. Many theses are available electronically, at no charge, directly from the publishing institution.",,https://go.openathens.net/redirector/ucsd.edu?url=https%3A%2F%2Ffirstsearch.oclc.org%2Ffsip%3Fdbname%3DWorldCatDissertations%26done%3Dreferer,https://ucsd.libguides.com/worldcatdissertations,OCLC,[],[],[],[],[],2016-03-01 00:05:23,2026-08-25 03:41:25,False
19424206,WorldCat via FirstSearch / OCLC,"Over 50 million online records of any type of material cataloged by OCLC member libraries. Includes manuscripts written as early as the 12th century. The largest catalog of books, journals, films, music recordings, and more.",,https://go.openathens.net/redirector/ucsd.edu?url=https%3A%2F%2Ffirstsearch.oclc.org%2Ffsip%3Fdbname%3Dworldcat%26done%3Dreferer,https://ucsd.libguides.com/worldcatfirstsearch,OCLC,[],"[""Arts & Humanities"", ""Social Sciences""]",[],[],[],2016-02-09 18:33:50,2025-08-26 18:22:21,False
3169038,Worldwide Political Science Abstracts,"1975-present. Research within the political science discipline and its complementary fields, including international relations, law, and public administration/policy. Use the Get it at UC button to find full text, print, and/or request the item from another library.",,https://go.openathens.net/redirector/ucsd.edu?url=https%3A%2F%2Fwww.proquest.com%2Fwpsa%2Fadvanced%3Faccountid%3D14524,https://ucsd.libguides.com/polisciabstracts,ProQuest,[],"[""Accounting & Taxation"", ""Business"", ""Economics"", ""International Studies"", ""Political Science"", ""Sociology""]","[{""name"": ""Political Science"", ""rank"": 2}]",[],[],2014-06-20 04:02:36,2025-06-10 21:49:05,False
41009076,Yiddish Dictionary (Verterbukh),"Provides broad coverage of Yiddish words of all origins: Hebrew-Aramaic, Slavic, Romance, and Germanic. Includes many regional and dialectal variants, alongside standard literary Yiddish forms.",,https://go.openathens.net/redirector/ucsd.edu?url=http%3A%2F%2Fverterbukh.org%2Fvb,https://ucsd.libguides.com/yiddish,Indiana University Press,"[""E-Books""]","[""European Studies"", ""Jewish Studies""]","[{""name"": ""Jewish Studies"", ""rank"": 1}]",[],[],2018-03-21 19:06:46,2026-04-22 15:49:55,False
19424262,Zasshi kiji sakuin shusei detabesu,The complete index database for Japanese magazines and periodicals from Meiji to the present. VPN required for off-campus access.,,http://zassaku-plus.com/,,,[],"[""Japanese Studies""]",[],"[""VPN Required Off Campus""]",[],2016-02-09 18:35:59,2026-01-27 16:59:44,False
85708059,zz-test,"for testing, please disregard",custom description,,,,[],[],[],[],[],2026-07-30 22:30:43,2026-08-21 20:57:55,False
